RUN=Young_256 device=cpu attr_idx=12 batch=32
step=0 rec=0.434465 dis=0.679186 adv=1.102607 lam=0 accD=0.5625
RUN=Young_256 device=cuda attr_idx=12 batch=32
step=0 rec=0.440143 dis=0.647150 adv=1.149531 lam=0 accD=0.6562
step=200 rec=0.061840 dis=0.369304 adv=1.523413 lam=4e-08 accD=0.8750
step=400 rec=0.042904 dis=0.391090 adv=1.907918 lam=8e-08 accD=0.8438
step=600 rec=0.039939 dis=0.550436 adv=1.704071 lam=1.2e-07 accD=0.7812
step=800 rec=0.036302 dis=0.328119 adv=2.081801 lam=1.6e-07 accD=0.8750
step=1000 rec=0.033969 dis=0.476459 adv=1.758093 lam=2e-07 accD=0.7812
step=1200 rec=0.041534 dis=0.343480 adv=2.277453 lam=2.4e-07 accD=0.8750
step=1400 rec=0.027447 dis=0.320273 adv=1.803153 lam=2.8e-07 accD=0.9062
[VAL] epoch=0 val_rec=0.030143 time_min=7.4
step=1600 rec=0.027287 dis=0.384994 adv=2.011827 lam=3.2e-07 accD=0.8125
step=1800 rec=0.038587 dis=0.367764 adv=1.776368 lam=3.6e-07 accD=0.8438
step=2000 rec=0.032025 dis=0.432848 adv=1.936623 lam=4e-07 accD=0.8438
step=2200 rec=0.029462 dis=0.521837 adv=1.815499 lam=4.4e-07 accD=0.7500
step=2400 rec=0.026242 dis=0.463369 adv=1.685641 lam=4.8e-07 accD=0.8438
step=2600 rec=0.032439 dis=0.443811 adv=2.235056 lam=5.2e-07 accD=0.8125
step=2800 rec=0.027726 dis=0.360284 adv=2.231182 lam=5.6e-07 accD=0.7812
step=3000 rec=0.027091 dis=0.466425 adv=1.959973 lam=6e-07 accD=0.8438
[VAL] epoch=1 val_rec=0.025418 time_min=7.6
step=3200 rec=0.024345 dis=0.440243 adv=2.081592 lam=6.4e-07 accD=0.7812
step=3400 rec=0.029588 dis=0.552146 adv=2.143511 lam=6.8e-07 accD=0.7812
step=3600 rec=0.024821 dis=0.344063 adv=2.149577 lam=7.2e-07 accD=0.8438
step=3800 rec=0.025532 dis=0.371902 adv=2.040160 lam=7.6e-07 accD=0.8750
step=4000 rec=0.030935 dis=0.429699 adv=1.866835 lam=8e-07 accD=0.7812
step=4200 rec=0.023595 dis=0.415690 adv=1.957298 lam=8.4e-07 accD=0.8125
step=4400 rec=0.022171 dis=0.305332 adv=2.077717 lam=8.8e-07 accD=0.9375
step=4600 rec=0.023287 dis=0.369207 adv=2.138862 lam=9.2e-07 accD=0.8438
[VAL] epoch=2 val_rec=0.024803 time_min=7.6
step=4800 rec=0.026426 dis=0.487059 adv=2.170740 lam=9.6e-07 accD=0.6875
step=5000 rec=0.027360 dis=0.488733 adv=2.024825 lam=1e-06 accD=0.8438
step=5200 rec=0.023393 dis=0.439630 adv=1.880410 lam=1.04e-06 accD=0.8750
step=5400 rec=0.025032 dis=0.400938 adv=1.989275 lam=1.08e-06 accD=0.8438
step=5600 rec=0.025079 dis=0.378404 adv=2.081285 lam=1.12e-06 accD=0.7500
step=5800 rec=0.024528 dis=0.386730 adv=2.051571 lam=1.16e-06 accD=0.8750
step=6000 rec=0.021185 dis=0.332382 adv=2.261642 lam=1.2e-06 accD=0.8438
step=6200 rec=0.026270 dis=0.259042 adv=2.484669 lam=1.24e-06 accD=0.9062
[VAL] epoch=3 val_rec=0.021339 time_min=7.6
step=6400 rec=0.022634 dis=0.324022 adv=2.351831 lam=1.28e-06 accD=0.8438
step=6600 rec=0.020533 dis=0.309813 adv=2.494977 lam=1.32e-06 accD=0.8125
step=6800 rec=0.021320 dis=0.324745 adv=2.287576 lam=1.36e-06 accD=0.8438
step=7000 rec=0.019058 dis=0.314509 adv=2.318116 lam=1.4e-06 accD=0.8750
step=7200 rec=0.019225 dis=0.379019 adv=2.409925 lam=1.44e-06 accD=0.8438
step=7400 rec=0.019125 dis=0.345500 adv=2.046688 lam=1.48e-06 accD=0.8750
step=7600 rec=0.019294 dis=0.290423 adv=2.269897 lam=1.52e-06 accD=0.9062
step=7800 rec=0.018752 dis=0.480829 adv=1.953996 lam=1.56e-06 accD=0.7812
[VAL] epoch=4 val_rec=0.020580 time_min=7.7
step=8000 rec=0.020312 dis=0.328189 adv=2.331127 lam=1.6e-06 accD=0.8750
step=8200 rec=0.022702 dis=0.431762 adv=2.019845 lam=1.64e-06 accD=0.7812
step=8400 rec=0.019472 dis=0.408825 adv=2.163729 lam=1.68e-06 accD=0.8125
step=8600 rec=0.019774 dis=0.415116 adv=2.090577 lam=1.72e-06 accD=0.8438
step=8800 rec=0.018152 dis=0.328017 adv=2.425881 lam=1.76e-06 accD=0.8750
step=9000 rec=0.019244 dis=0.377567 adv=2.525106 lam=1.8e-06 accD=0.7500
step=9200 rec=0.018186 dis=0.358925 adv=2.648168 lam=1.84e-06 accD=0.8125
[VAL] epoch=5 val_rec=0.017302 time_min=7.6
step=9400 rec=0.017822 dis=0.445768 adv=2.039443 lam=1.88e-06 accD=0.7812
step=9600 rec=0.018351 dis=0.523968 adv=1.859648 lam=1.92e-06 accD=0.7812
step=9800 rec=0.019743 dis=0.304361 adv=2.252889 lam=1.96e-06 accD=0.9062
step=10000 rec=0.017237 dis=0.296979 adv=2.264126 lam=2e-06 accD=0.9375
step=10200 rec=0.018485 dis=0.360894 adv=2.137073 lam=2.04e-06 accD=0.8750
step=10400 rec=0.018161 dis=0.457112 adv=2.212329 lam=2.08e-06 accD=0.7188
step=10600 rec=0.019368 dis=0.210824 adv=2.514880 lam=2.12e-06 accD=0.9062
step=10800 rec=0.016857 dis=0.461764 adv=2.285482 lam=2.16e-06 accD=0.8750
[VAL] epoch=6 val_rec=0.017697 time_min=7.6
step=11000 rec=0.018709 dis=0.457972 adv=2.147333 lam=2.2e-06 accD=0.8125
step=11200 rec=0.017359 dis=0.582730 adv=1.908921 lam=2.24e-06 accD=0.7500
step=11400 rec=0.020508 dis=0.436366 adv=2.323073 lam=2.28e-06 accD=0.7812
step=11600 rec=0.020388 dis=0.442795 adv=2.343643 lam=2.32e-06 accD=0.8438
step=11800 rec=0.016283 dis=0.439451 adv=2.158049 lam=2.36e-06 accD=0.8438
step=12000 rec=0.018573 dis=0.360783 adv=2.325636 lam=2.4e-06 accD=0.7812
step=12200 rec=0.019148 dis=0.396033 adv=2.499895 lam=2.44e-06 accD=0.7812
step=12400 rec=0.020385 dis=0.415301 adv=2.096605 lam=2.48e-06 accD=0.8125
[VAL] epoch=7 val_rec=0.016568 time_min=7.6
step=12600 rec=0.017313 dis=0.360890 adv=2.445135 lam=2.52e-06 accD=0.7812
step=12800 rec=0.017288 dis=0.193802 adv=2.841003 lam=2.56e-06 accD=0.9688
step=13000 rec=0.017586 dis=0.252674 adv=2.493993 lam=2.6e-06 accD=0.9062
step=13200 rec=0.017288 dis=0.268995 adv=2.531902 lam=2.64e-06 accD=0.8750
step=13400 rec=0.015496 dis=0.282914 adv=2.533432 lam=2.68e-06 accD=0.9062
step=13600 rec=0.019222 dis=0.532524 adv=2.021104 lam=2.72e-06 accD=0.7812
step=13800 rec=0.020010 dis=0.332375 adv=2.154728 lam=2.76e-06 accD=0.8750
step=14000 rec=0.018469 dis=0.312181 adv=2.505243 lam=2.8e-06 accD=0.8750
[VAL] epoch=8 val_rec=0.015574 time_min=7.6
step=14200 rec=0.016540 dis=0.539813 adv=1.939005 lam=2.84e-06 accD=0.8438
step=14400 rec=0.015263 dis=0.349280 adv=2.450471 lam=2.88e-06 accD=0.8438
step=14600 rec=0.016419 dis=0.278707 adv=2.505186 lam=2.92e-06 accD=0.8750
step=14800 rec=0.022216 dis=0.332221 adv=2.378872 lam=2.96e-06 accD=0.8125
step=15000 rec=0.016637 dis=0.464082 adv=2.570388 lam=3e-06 accD=0.7812
step=15200 rec=0.018759 dis=0.402949 adv=2.590845 lam=3.04e-06 accD=0.7500
step=15400 rec=0.014675 dis=0.202468 adv=2.616778 lam=3.08e-06 accD=0.8750
step=15600 rec=0.017814 dis=0.287607 adv=2.395694 lam=3.12e-06 accD=0.8125
[VAL] epoch=9 val_rec=0.015763 time_min=7.6
step=15800 rec=0.016797 dis=0.231363 adv=2.807650 lam=3.16e-06 accD=0.9375
step=16000 rec=0.015276 dis=0.273052 adv=2.627673 lam=3.2e-06 accD=0.9062
step=16200 rec=0.015392 dis=0.331372 adv=2.743227 lam=3.24e-06 accD=0.8438
step=16400 rec=0.021058 dis=0.418585 adv=2.378174 lam=3.28e-06 accD=0.7500
step=16600 rec=0.016857 dis=0.207616 adv=2.808962 lam=3.32e-06 accD=0.9375
step=16800 rec=0.016454 dis=0.403979 adv=2.324928 lam=3.36e-06 accD=0.7812
step=17000 rec=0.014746 dis=0.335288 adv=2.528491 lam=3.4e-06 accD=0.8750
[VAL] epoch=10 val_rec=0.014985 time_min=7.6
step=17200 rec=0.019069 dis=0.318856 adv=2.370025 lam=3.44e-06 accD=0.9062
step=17400 rec=0.015063 dis=0.337728 adv=2.331472 lam=3.48e-06 accD=0.8438
step=17600 rec=0.018093 dis=0.377819 adv=2.528693 lam=3.52e-06 accD=0.8125
step=17800 rec=0.015721 dis=0.355061 adv=2.586116 lam=3.56e-06 accD=0.8750
step=18000 rec=0.014162 dis=0.244194 adv=2.755014 lam=3.6e-06 accD=0.9062
step=18200 rec=0.015867 dis=0.520662 adv=2.399456 lam=3.64e-06 accD=0.6875
step=18400 rec=0.012650 dis=0.267221 adv=2.860555 lam=3.68e-06 accD=0.8750
step=18600 rec=0.013952 dis=0.283505 adv=2.545109 lam=3.72e-06 accD=0.9062
[VAL] epoch=11 val_rec=0.014633 time_min=7.6
step=18800 rec=0.015967 dis=0.207103 adv=2.700274 lam=3.76e-06 accD=0.9062
step=19000 rec=0.014645 dis=0.221161 adv=2.708615 lam=3.8e-06 accD=0.9062
step=19200 rec=0.013591 dis=0.285640 adv=2.704936 lam=3.84e-06 accD=0.8750
step=19400 rec=0.014537 dis=0.452152 adv=2.488661 lam=3.88e-06 accD=0.8125
step=19600 rec=0.014582 dis=0.300455 adv=2.533927 lam=3.92e-06 accD=0.8438
step=19800 rec=0.016642 dis=0.349453 adv=2.424961 lam=3.96e-06 accD=0.8438
step=20000 rec=0.015036 dis=0.347559 adv=2.551165 lam=4e-06 accD=0.8125
step=20200 rec=0.018069 dis=0.337489 adv=2.430541 lam=4.04e-06 accD=0.8438
[VAL] epoch=12 val_rec=0.014386 time_min=7.7
step=20400 rec=0.015167 dis=0.390726 adv=2.584177 lam=4.08e-06 accD=0.8750
step=20600 rec=0.014873 dis=0.241385 adv=2.594227 lam=4.12e-06 accD=0.8750
step=20800 rec=0.013625 dis=0.400398 adv=2.670376 lam=4.16e-06 accD=0.7812
step=21000 rec=0.014714 dis=0.332094 adv=2.495241 lam=4.2e-06 accD=0.8750
step=21200 rec=0.015872 dis=0.404004 adv=2.223191 lam=4.24e-06 accD=0.8125
step=21400 rec=0.015354 dis=0.462190 adv=2.644500 lam=4.28e-06 accD=0.7812
step=21600 rec=0.014688 dis=0.160973 adv=3.028650 lam=4.32e-06 accD=0.9375
step=21800 rec=0.015743 dis=0.292420 adv=2.750118 lam=4.36e-06 accD=0.8438
[VAL] epoch=13 val_rec=0.013753 time_min=7.6
step=22000 rec=0.015681 dis=0.500700 adv=2.772552 lam=4.4e-06 accD=0.8125
step=22200 rec=0.013897 dis=0.223864 adv=2.648320 lam=4.44e-06 accD=0.9375
step=22400 rec=0.014703 dis=0.425258 adv=2.729632 lam=4.48e-06 accD=0.8125
step=22600 rec=0.014340 dis=0.420535 adv=2.504658 lam=4.52e-06 accD=0.8750
step=22800 rec=0.015091 dis=0.213629 adv=3.058674 lam=4.56e-06 accD=0.9062
step=23000 rec=0.016147 dis=0.191444 adv=2.879905 lam=4.6e-06 accD=0.9688
step=23200 rec=0.015403 dis=0.215306 adv=2.881474 lam=4.64e-06 accD=0.9375
step=23400 rec=0.016445 dis=0.284252 adv=2.709945 lam=4.68e-06 accD=0.8750
[VAL] epoch=14 val_rec=0.013614 time_min=7.6
step=23600 rec=0.010940 dis=0.168646 adv=3.077169 lam=4.72e-06 accD=0.9688
step=23800 rec=0.012087 dis=0.383949 adv=2.628243 lam=4.76e-06 accD=0.8750
step=24000 rec=0.015315 dis=0.399163 adv=2.140110 lam=4.8e-06 accD=0.8125
step=24200 rec=0.014653 dis=0.276829 adv=2.770415 lam=4.84e-06 accD=0.9062
step=24400 rec=0.016648 dis=0.346065 adv=2.939854 lam=4.88e-06 accD=0.8125
step=24600 rec=0.013027 dis=0.309943 adv=2.786559 lam=4.92e-06 accD=0.8750
step=24800 rec=0.014539 dis=0.305266 adv=2.554841 lam=4.96e-06 accD=0.8438
[VAL] epoch=15 val_rec=0.013482 time_min=7.6
step=25000 rec=0.012930 dis=0.196824 adv=3.188053 lam=5e-06 accD=0.9375
step=25200 rec=0.014987 dis=0.215046 adv=2.874377 lam=5.04e-06 accD=0.9375
step=25400 rec=0.012541 dis=0.367143 adv=2.463050 lam=5.08e-06 accD=0.8438
step=25600 rec=0.012425 dis=0.308071 adv=3.405798 lam=5.12e-06 accD=0.8438
step=25800 rec=0.011882 dis=0.188840 adv=2.978413 lam=5.16e-06 accD=0.9062
step=26000 rec=0.016333 dis=0.307811 adv=2.765211 lam=5.2e-06 accD=0.8438
step=26200 rec=0.012892 dis=0.346996 adv=3.041067 lam=5.24e-06 accD=0.8438
step=26400 rec=0.012847 dis=0.323863 adv=2.913020 lam=5.28e-06 accD=0.8125
[VAL] epoch=16 val_rec=0.013244 time_min=7.6
step=26600 rec=0.011626 dis=0.237263 adv=3.089382 lam=5.32e-06 accD=0.9062
step=26800 rec=0.014112 dis=0.216273 adv=3.096376 lam=5.36e-06 accD=0.9375
step=27000 rec=0.016529 dis=0.190530 adv=3.441328 lam=5.4e-06 accD=0.9688
step=27200 rec=0.014785 dis=0.432453 adv=2.856617 lam=5.44e-06 accD=0.8125
step=27400 rec=0.014396 dis=0.197073 adv=3.174012 lam=5.48e-06 accD=0.9375
step=27600 rec=0.014843 dis=0.353881 adv=2.952945 lam=5.52e-06 accD=0.8438
step=27800 rec=0.015105 dis=0.199235 adv=2.910981 lam=5.56e-06 accD=0.9062
step=28000 rec=0.012124 dis=0.323166 adv=3.091908 lam=5.6e-06 accD=0.8750
[VAL] epoch=17 val_rec=0.013335 time_min=7.6
step=28200 rec=0.013121 dis=0.360521 adv=2.698632 lam=5.64e-06 accD=0.8438
step=28400 rec=0.012646 dis=0.337964 adv=3.119589 lam=5.68e-06 accD=0.9062
step=28600 rec=0.012749 dis=0.340884 adv=2.673360 lam=5.72e-06 accD=0.8125
step=28800 rec=0.011900 dis=0.189112 adv=2.783967 lam=5.76e-06 accD=0.9375
step=29000 rec=0.012879 dis=0.220715 adv=3.557413 lam=5.8e-06 accD=0.9375
step=29200 rec=0.014072 dis=0.218811 adv=3.096500 lam=5.84e-06 accD=0.9375
step=29400 rec=0.012959 dis=0.340165 adv=2.927536 lam=5.88e-06 accD=0.8438
step=29600 rec=0.012251 dis=0.279486 adv=3.035214 lam=5.92e-06 accD=0.8438
[VAL] epoch=18 val_rec=0.012666 time_min=7.6
step=29800 rec=0.010884 dis=0.324280 adv=2.785743 lam=5.96e-06 accD=0.8438
step=30000 rec=0.011844 dis=0.193368 adv=3.179802 lam=6e-06 accD=0.9375
step=30200 rec=0.012716 dis=0.266827 adv=2.974242 lam=6.04e-06 accD=0.8750
step=30400 rec=0.012652 dis=0.294335 adv=2.938846 lam=6.08e-06 accD=0.8750
step=30600 rec=0.012497 dis=0.220194 adv=3.337964 lam=6.12e-06 accD=0.9062
step=30800 rec=0.012063 dis=0.136972 adv=3.630844 lam=6.16e-06 accD=0.9688
step=31000 rec=0.012677 dis=0.250063 adv=3.011873 lam=6.2e-06 accD=0.9062
step=31200 rec=0.011853 dis=0.180073 adv=3.028515 lam=6.24e-06 accD=0.9688
[VAL] epoch=19 val_rec=0.012842 time_min=7.6
step=31400 rec=0.012692 dis=0.247502 adv=3.377568 lam=6.28e-06 accD=0.8438
step=31600 rec=0.015306 dis=0.319411 adv=3.389883 lam=6.32e-06 accD=0.8125
step=31800 rec=0.014673 dis=0.165428 adv=3.484849 lam=6.36e-06 accD=0.9062
step=32000 rec=0.011820 dis=0.272925 adv=2.945029 lam=6.4e-06 accD=0.8750
step=32200 rec=0.012413 dis=0.224303 adv=2.979217 lam=6.44e-06 accD=0.9062
step=32400 rec=0.011475 dis=0.281354 adv=2.958441 lam=6.48e-06 accD=0.9375
step=32600 rec=0.013608 dis=0.194882 adv=3.172032 lam=6.52e-06 accD=0.9375
step=32800 rec=0.014418 dis=0.262894 adv=3.292937 lam=6.56e-06 accD=0.9062
[VAL] epoch=20 val_rec=0.012305 time_min=7.6
step=33000 rec=0.013589 dis=0.203434 adv=3.076321 lam=6.6e-06 accD=0.9375
step=33200 rec=0.012179 dis=0.321149 adv=2.703362 lam=6.64e-06 accD=0.7812
step=33400 rec=0.011720 dis=0.491574 adv=2.500450 lam=6.68e-06 accD=0.7500
step=33600 rec=0.011678 dis=0.257295 adv=3.145427 lam=6.72e-06 accD=0.9062
step=33800 rec=0.014889 dis=0.203106 adv=3.305682 lam=6.76e-06 accD=0.9062
step=34000 rec=0.012974 dis=0.202647 adv=3.328202 lam=6.8e-06 accD=0.8750
step=34200 rec=0.012681 dis=0.270413 adv=2.956519 lam=6.84e-06 accD=0.8438
[VAL] epoch=21 val_rec=0.012053 time_min=7.6
step=34400 rec=0.011633 dis=0.225135 adv=3.175561 lam=6.88e-06 accD=0.9062
step=34600 rec=0.013395 dis=0.304725 adv=3.087107 lam=6.92e-06 accD=0.8750
step=34800 rec=0.013088 dis=0.164326 adv=3.260639 lam=6.96e-06 accD=0.9688
step=35000 rec=0.011826 dis=0.186362 adv=3.160302 lam=7e-06 accD=0.9375
step=35200 rec=0.012925 dis=0.216293 adv=2.720509 lam=7.04e-06 accD=0.9062
step=35400 rec=0.012265 dis=0.285781 adv=2.891122 lam=7.08e-06 accD=0.8750
step=35600 rec=0.011183 dis=0.295857 adv=2.920365 lam=7.12e-06 accD=0.9062
step=35800 rec=0.013632 dis=0.155976 adv=3.232250 lam=7.16e-06 accD=0.9062
[VAL] epoch=22 val_rec=0.012124 time_min=7.6
step=36000 rec=0.012389 dis=0.250759 adv=3.310903 lam=7.2e-06 accD=0.8750
step=36200 rec=0.013439 dis=0.275275 adv=3.232218 lam=7.24e-06 accD=0.9375
step=36400 rec=0.012255 dis=0.135430 adv=3.123345 lam=7.28e-06 accD=0.9688
step=36600 rec=0.012178 dis=0.088560 adv=3.661586 lam=7.32e-06 accD=1.0000
step=36800 rec=0.012773 dis=0.231344 adv=3.034053 lam=7.36e-06 accD=0.8750
step=37000 rec=0.014100 dis=0.317255 adv=3.264572 lam=7.4e-06 accD=0.8438
step=37200 rec=0.011489 dis=0.454869 adv=3.526556 lam=7.44e-06 accD=0.8750
step=37400 rec=0.014348 dis=0.590245 adv=2.797051 lam=7.48e-06 accD=0.7500
[VAL] epoch=23 val_rec=0.011636 time_min=7.6
step=37600 rec=0.013633 dis=0.314909 adv=3.072356 lam=7.52e-06 accD=0.9062
step=37800 rec=0.013236 dis=0.462192 adv=3.023760 lam=7.56e-06 accD=0.8125
step=38000 rec=0.015146 dis=0.265467 adv=3.348130 lam=7.6e-06 accD=0.8750
step=38200 rec=0.013485 dis=0.346369 adv=3.299510 lam=7.64e-06 accD=0.9062
step=38400 rec=0.012923 dis=0.316206 adv=3.245067 lam=7.68e-06 accD=0.9062
step=38600 rec=0.012283 dis=0.267485 adv=3.280688 lam=7.72e-06 accD=0.9062
step=38800 rec=0.012079 dis=0.266423 adv=3.034290 lam=7.76e-06 accD=0.9062
step=39000 rec=0.010820 dis=0.084271 adv=3.786940 lam=7.8e-06 accD=1.0000
[VAL] epoch=24 val_rec=0.011661 time_min=7.6
step=39200 rec=0.010723 dis=0.250876 adv=3.051106 lam=7.84e-06 accD=0.8750
step=39400 rec=0.013589 dis=0.560675 adv=2.701483 lam=7.88e-06 accD=0.6875
step=39600 rec=0.012506 dis=0.214503 adv=3.203962 lam=7.92e-06 accD=0.9062
step=39800 rec=0.012808 dis=0.442884 adv=3.368672 lam=7.96e-06 accD=0.8750
step=40000 rec=0.012829 dis=0.141366 adv=3.203716 lam=8e-06 accD=0.9688
step=40200 rec=0.012272 dis=0.142558 adv=3.514002 lam=8.04e-06 accD=0.9062
step=40400 rec=0.011452 dis=0.241006 adv=3.387393 lam=8.08e-06 accD=0.9062
step=40600 rec=0.009791 dis=0.210762 adv=3.405032 lam=8.12e-06 accD=0.9062
[VAL] epoch=25 val_rec=0.011448 time_min=7.6
step=40800 rec=0.011797 dis=0.278576 adv=3.542172 lam=8.16e-06 accD=0.8750
step=41000 rec=0.012010 dis=0.398427 adv=3.282151 lam=8.2e-06 accD=0.8125
step=41200 rec=0.013177 dis=0.175079 adv=3.746112 lam=8.24e-06 accD=0.9062
step=41400 rec=0.013079 dis=0.263927 adv=3.337891 lam=8.28e-06 accD=0.8750
step=41600 rec=0.012031 dis=0.365137 adv=2.868850 lam=8.32e-06 accD=0.8125
step=41800 rec=0.010908 dis=0.143461 adv=3.420745 lam=8.36e-06 accD=0.9062
step=42000 rec=0.012320 dis=0.103205 adv=3.848832 lam=8.4e-06 accD=0.9688
[VAL] epoch=26 val_rec=0.011364 time_min=7.6
step=42200 rec=0.015650 dis=0.270608 adv=2.824663 lam=8.44e-06 accD=0.9062
step=42400 rec=0.011000 dis=0.247772 adv=2.769208 lam=8.48e-06 accD=0.9062
step=42600 rec=0.011855 dis=0.208626 adv=3.136891 lam=8.52e-06 accD=0.9062
step=42800 rec=0.011912 dis=0.100168 adv=3.858547 lam=8.56e-06 accD=0.9375
step=43000 rec=0.012037 dis=0.365694 adv=2.731472 lam=8.6e-06 accD=0.7812
step=43200 rec=0.013455 dis=0.477395 adv=2.719948 lam=8.64e-06 accD=0.8125
step=43400 rec=0.012969 dis=0.145631 adv=3.449649 lam=8.68e-06 accD=0.9688
step=43600 rec=0.013410 dis=0.319564 adv=3.015620 lam=8.72e-06 accD=0.8438
[VAL] epoch=27 val_rec=0.011338 time_min=7.6
step=43800 rec=0.011225 dis=0.127897 adv=3.718592 lam=8.76e-06 accD=0.9688
step=44000 rec=0.011241 dis=0.195616 adv=3.300183 lam=8.8e-06 accD=0.9688
step=44200 rec=0.010637 dis=0.326036 adv=3.369954 lam=8.84e-06 accD=0.8750
step=44400 rec=0.013240 dis=0.123436 adv=3.756687 lam=8.88e-06 accD=0.9375
step=44600 rec=0.011393 dis=0.175523 adv=3.648389 lam=8.92e-06 accD=0.9375
step=44800 rec=0.010744 dis=0.316891 adv=3.033087 lam=8.96e-06 accD=0.9062
step=45000 rec=0.011111 dis=0.232718 adv=3.694194 lam=9e-06 accD=0.9062
step=45200 rec=0.010503 dis=0.374494 adv=3.785696 lam=9.04e-06 accD=0.8438
[VAL] epoch=28 val_rec=0.011235 time_min=7.6
step=45400 rec=0.010852 dis=0.298149 adv=3.263228 lam=9.08e-06 accD=0.9062
step=45600 rec=0.012278 dis=0.211320 adv=3.968490 lam=9.12e-06 accD=0.8750
step=45800 rec=0.010073 dis=0.153681 adv=3.929524 lam=9.16e-06 accD=0.9688
step=46000 rec=0.010289 dis=0.317069 adv=3.143526 lam=9.2e-06 accD=0.9062
step=46200 rec=0.012711 dis=0.291123 adv=3.574142 lam=9.24e-06 accD=0.8438
step=46400 rec=0.011834 dis=0.332356 adv=3.687371 lam=9.28e-06 accD=0.8438
step=46600 rec=0.012055 dis=0.273555 adv=2.990104 lam=9.32e-06 accD=0.8438
step=46800 rec=0.011565 dis=0.337447 adv=3.360948 lam=9.36e-06 accD=0.8438
[VAL] epoch=29 val_rec=0.010977 time_min=7.6
step=47000 rec=0.011673 dis=0.065913 adv=3.833620 lam=9.4e-06 accD=1.0000
step=47200 rec=0.012245 dis=0.156926 adv=3.841686 lam=9.44e-06 accD=0.9688
step=47400 rec=0.010819 dis=0.294868 adv=3.378456 lam=9.48e-06 accD=0.8750
step=47600 rec=0.010795 dis=0.289422 adv=3.638161 lam=9.52e-06 accD=0.8750
step=47800 rec=0.011300 dis=0.126509 adv=3.928071 lam=9.56e-06 accD=0.9688
step=48000 rec=0.010317 dis=0.348939 adv=3.148540 lam=9.6e-06 accD=0.8750
step=48200 rec=0.009972 dis=0.207595 adv=3.136714 lam=9.64e-06 accD=0.9062
step=48400 rec=0.013453 dis=0.177045 adv=3.669957 lam=9.68e-06 accD=0.9062
[VAL] epoch=30 val_rec=0.010753 time_min=7.6
step=48600 rec=0.010685 dis=0.226677 adv=3.605223 lam=9.72e-06 accD=0.9062
step=48800 rec=0.010519 dis=0.357744 adv=2.996648 lam=9.76e-06 accD=0.8438
step=49000 rec=0.011154 dis=0.215648 adv=3.992380 lam=9.8e-06 accD=0.8438
step=49200 rec=0.011744 dis=0.153335 adv=3.787198 lam=9.84e-06 accD=0.9375
step=49400 rec=0.011256 dis=0.163877 adv=3.779666 lam=9.88e-06 accD=0.9375
step=49600 rec=0.010015 dis=0.240459 adv=3.985992 lam=9.92e-06 accD=0.8750
step=49800 rec=0.010320 dis=0.240512 adv=3.872169 lam=9.96e-06 accD=0.8750
[VAL] epoch=31 val_rec=0.010533 time_min=7.6
step=50000 rec=0.011097 dis=0.311175 adv=3.091171 lam=1e-05 accD=0.8750
step=50200 rec=0.010021 dis=0.196593 adv=3.597591 lam=1.004e-05 accD=0.9375
step=50400 rec=0.012114 dis=0.174135 adv=3.615758 lam=1.008e-05 accD=0.9688
step=50600 rec=0.010146 dis=0.309366 adv=3.763319 lam=1.012e-05 accD=0.8750
step=50800 rec=0.010584 dis=0.297062 adv=4.173427 lam=1.016e-05 accD=0.8438
step=51000 rec=0.011471 dis=0.307062 adv=3.946183 lam=1.02e-05 accD=0.8750
step=51200 rec=0.011517 dis=0.200942 adv=3.393094 lam=1.024e-05 accD=0.9375
step=51400 rec=0.011994 dis=0.253534 adv=3.877580 lam=1.028e-05 accD=0.8438
[VAL] epoch=32 val_rec=0.010489 time_min=7.6
step=51600 rec=0.010375 dis=0.170977 adv=4.246942 lam=1.032e-05 accD=0.9062
step=51800 rec=0.010483 dis=0.333879 adv=3.885202 lam=1.036e-05 accD=0.8125
step=52000 rec=0.013464 dis=0.138559 adv=3.857906 lam=1.04e-05 accD=0.9688
step=52200 rec=0.009774 dis=0.210929 adv=3.956209 lam=1.044e-05 accD=0.9062
step=52400 rec=0.010838 dis=0.191254 adv=3.954303 lam=1.048e-05 accD=0.8750
step=52600 rec=0.010103 dis=0.291581 adv=3.817816 lam=1.052e-05 accD=0.8750
step=52800 rec=0.010245 dis=0.277348 adv=3.623242 lam=1.056e-05 accD=0.8125
step=53000 rec=0.011059 dis=0.184564 adv=3.813412 lam=1.06e-05 accD=0.9375
[VAL] epoch=33 val_rec=0.010517 time_min=7.6
step=53200 rec=0.010138 dis=0.059328 adv=4.176149 lam=1.064e-05 accD=0.9688
step=53400 rec=0.010013 dis=0.165803 adv=4.662973 lam=1.068e-05 accD=0.9688
step=53600 rec=0.011423 dis=0.227246 adv=3.674560 lam=1.072e-05 accD=0.9062
step=53800 rec=0.010709 dis=0.284579 adv=4.117225 lam=1.076e-05 accD=0.8750
step=54000 rec=0.010156 dis=0.197199 adv=4.188250 lam=1.08e-05 accD=0.9062
step=54200 rec=0.011998 dis=0.114681 adv=4.256907 lam=1.084e-05 accD=0.9375
step=54400 rec=0.010137 dis=0.250849 adv=3.512664 lam=1.088e-05 accD=0.8438
step=54600 rec=0.010679 dis=0.270564 adv=4.022505 lam=1.092e-05 accD=0.9375
[VAL] epoch=34 val_rec=0.010602 time_min=7.6
step=54800 rec=0.009995 dis=0.158372 adv=4.070865 lam=1.096e-05 accD=0.9375
step=55000 rec=0.009282 dis=0.253827 adv=4.660635 lam=1.1e-05 accD=0.9062
step=55200 rec=0.012422 dis=0.311263 adv=3.975207 lam=1.104e-05 accD=0.8750
step=55400 rec=0.009617 dis=0.240178 adv=3.790268 lam=1.108e-05 accD=0.9062
step=55600 rec=0.010070 dis=0.429311 adv=3.870664 lam=1.112e-05 accD=0.8125
step=55800 rec=0.011463 dis=0.187426 adv=4.186234 lam=1.116e-05 accD=0.9375
step=56000 rec=0.014072 dis=0.168575 adv=3.989037 lam=1.12e-05 accD=0.9375
step=56200 rec=0.010134 dis=0.152663 adv=3.899807 lam=1.124e-05 accD=0.9375
[VAL] epoch=35 val_rec=0.010241 time_min=7.6
step=56400 rec=0.011197 dis=0.168713 adv=3.916281 lam=1.128e-05 accD=0.9375
step=56600 rec=0.011591 dis=0.146163 adv=4.218233 lam=1.132e-05 accD=0.9375
step=56800 rec=0.010015 dis=0.122305 adv=4.169719 lam=1.136e-05 accD=0.9375
step=57000 rec=0.011010 dis=0.137255 adv=3.799103 lam=1.14e-05 accD=0.9688
step=57200 rec=0.009902 dis=0.248793 adv=3.959864 lam=1.144e-05 accD=0.9688
step=57400 rec=0.010461 dis=0.058189 adv=4.898577 lam=1.148e-05 accD=1.0000
step=57600 rec=0.010903 dis=0.275585 adv=4.272086 lam=1.152e-05 accD=0.8750
[VAL] epoch=36 val_rec=0.010422 time_min=7.6
step=57800 rec=0.011365 dis=0.176307 adv=4.197404 lam=1.156e-05 accD=0.9688
step=58000 rec=0.010077 dis=0.167214 adv=4.210530 lam=1.16e-05 accD=0.9062
step=58200 rec=0.012075 dis=0.261513 adv=4.441322 lam=1.164e-05 accD=0.8750
step=58400 rec=0.010876 dis=0.207329 adv=3.697157 lam=1.168e-05 accD=0.9375
step=58600 rec=0.009493 dis=0.217898 adv=4.250990 lam=1.172e-05 accD=0.9375
step=58800 rec=0.010857 dis=0.190695 adv=3.517714 lam=1.176e-05 accD=0.9062
step=59000 rec=0.010854 dis=0.182613 adv=4.034425 lam=1.18e-05 accD=0.9375
step=59200 rec=0.009412 dis=0.089805 adv=4.972671 lam=1.184e-05 accD=0.9688
[VAL] epoch=37 val_rec=0.010697 time_min=7.4
step=59400 rec=0.010648 dis=0.134131 adv=4.655992 lam=1.188e-05 accD=0.9375
step=59600 rec=0.010670 dis=0.111202 adv=4.166923 lam=1.192e-05 accD=0.9688
step=59800 rec=0.010676 dis=0.209630 adv=4.038493 lam=1.196e-05 accD=0.9688
step=60000 rec=0.009501 dis=0.160887 adv=3.883988 lam=1.2e-05 accD=0.9062
step=60200 rec=0.009501 dis=0.102317 adv=4.204633 lam=1.204e-05 accD=0.9688
step=60400 rec=0.011615 dis=0.112914 adv=4.243655 lam=1.208e-05 accD=0.9688
step=60600 rec=0.012900 dis=0.134714 adv=4.428182 lam=1.212e-05 accD=0.9375
step=60800 rec=0.009338 dis=0.236788 adv=4.554367 lam=1.216e-05 accD=0.9062
[VAL] epoch=38 val_rec=0.010076 time_min=7.4
step=61000 rec=0.010887 dis=0.130867 adv=4.504932 lam=1.22e-05 accD=0.9375
step=61200 rec=0.011142 dis=0.280440 adv=4.035470 lam=1.224e-05 accD=0.9062
step=61400 rec=0.010241 dis=0.511441 adv=3.396145 lam=1.228e-05 accD=0.7188
step=61600 rec=0.010553 dis=0.664979 adv=3.345495 lam=1.232e-05 accD=0.7188
step=61800 rec=0.009800 dis=0.131474 adv=4.764624 lam=1.236e-05 accD=0.9062
step=62000 rec=0.009085 dis=0.164544 adv=4.170005 lam=1.24e-05 accD=0.9062
step=62200 rec=0.010011 dis=0.115674 adv=4.406915 lam=1.244e-05 accD=0.9688
step=62400 rec=0.011614 dis=0.165998 adv=4.475060 lam=1.248e-05 accD=0.9375
[VAL] epoch=39 val_rec=0.009967 time_min=7.4
step=62600 rec=0.009890 dis=0.233814 adv=4.191192 lam=1.252e-05 accD=0.8750
step=62800 rec=0.010041 dis=0.113342 adv=4.695230 lam=1.256e-05 accD=0.9688
step=63000 rec=0.009845 dis=0.194504 adv=4.506667 lam=1.26e-05 accD=0.9062
step=63200 rec=0.009404 dis=0.127794 adv=4.425873 lam=1.264e-05 accD=0.9375
step=63400 rec=0.009302 dis=0.126823 adv=4.900541 lam=1.268e-05 accD=1.0000
step=63600 rec=0.009791 dis=0.166901 adv=4.734421 lam=1.272e-05 accD=0.8750
step=63800 rec=0.008704 dis=0.656313 adv=4.015460 lam=1.276e-05 accD=0.7500
step=64000 rec=0.010164 dis=0.226671 adv=4.024563 lam=1.28e-05 accD=0.9062
[VAL] epoch=40 val_rec=0.009906 time_min=7.4
step=64200 rec=0.011832 dis=0.176183 adv=4.066288 lam=1.284e-05 accD=0.9688
step=64400 rec=0.012747 dis=0.196400 adv=4.490024 lam=1.288e-05 accD=0.9062
step=64600 rec=0.009614 dis=0.132845 adv=4.924794 lam=1.292e-05 accD=0.9688
step=64800 rec=0.010190 dis=0.122112 adv=4.590323 lam=1.296e-05 accD=0.9688
step=65000 rec=0.010187 dis=0.155485 adv=5.256772 lam=1.3e-05 accD=0.9688
step=65200 rec=0.009064 dis=0.159866 adv=4.803242 lam=1.304e-05 accD=0.9375
step=65400 rec=0.009521 dis=0.046482 adv=5.089229 lam=1.308e-05 accD=1.0000
step=65600 rec=0.010706 dis=0.188800 adv=4.836582 lam=1.312e-05 accD=0.9062
[VAL] epoch=41 val_rec=0.009798 time_min=7.4
step=65800 rec=0.010757 dis=0.150096 adv=3.834150 lam=1.316e-05 accD=0.9375
step=66000 rec=0.011293 dis=0.283055 adv=4.420687 lam=1.32e-05 accD=0.8438
step=66200 rec=0.008689 dis=0.180911 adv=4.396063 lam=1.324e-05 accD=0.9688
step=66400 rec=0.010086 dis=0.182023 adv=3.965960 lam=1.328e-05 accD=0.9375
step=66600 rec=0.009863 dis=0.081728 adv=4.156600 lam=1.332e-05 accD=1.0000
step=66800 rec=0.009207 dis=0.205272 adv=4.081375 lam=1.336e-05 accD=0.9688
step=67000 rec=0.009749 dis=0.167593 adv=4.425257 lam=1.34e-05 accD=0.9375
[VAL] epoch=42 val_rec=0.009572 time_min=7.4
step=67200 rec=0.009085 dis=0.097036 adv=5.030239 lam=1.344e-05 accD=1.0000
step=67400 rec=0.009224 dis=0.202782 adv=4.705845 lam=1.348e-05 accD=0.8750
step=67600 rec=0.009763 dis=0.071416 adv=4.545728 lam=1.352e-05 accD=1.0000
step=67800 rec=0.011971 dis=0.101315 adv=4.238951 lam=1.356e-05 accD=0.9688
step=68000 rec=0.010495 dis=0.198455 adv=4.707666 lam=1.36e-05 accD=0.9375
step=68200 rec=0.009457 dis=0.467056 adv=3.616690 lam=1.364e-05 accD=0.7812
step=68400 rec=0.009833 dis=0.203835 adv=4.670335 lam=1.368e-05 accD=0.8750
step=68600 rec=0.009329 dis=0.127029 adv=5.333670 lam=1.372e-05 accD=0.9375
[VAL] epoch=43 val_rec=0.009766 time_min=7.4
step=68800 rec=0.008521 dis=0.092844 adv=4.927603 lam=1.376e-05 accD=0.9688
step=69000 rec=0.009078 dis=0.129473 adv=5.186889 lam=1.38e-05 accD=0.9375
step=69200 rec=0.009486 dis=0.329202 adv=4.659130 lam=1.384e-05 accD=0.8125
step=69400 rec=0.009792 dis=0.208484 adv=4.754535 lam=1.388e-05 accD=0.8750
step=69600 rec=0.009521 dis=0.195592 adv=5.024860 lam=1.392e-05 accD=0.9062
step=69800 rec=0.009236 dis=0.342655 adv=3.842015 lam=1.396e-05 accD=0.8438
step=70000 rec=0.008088 dis=0.087301 adv=5.310729 lam=1.4e-05 accD=1.0000
step=70200 rec=0.010026 dis=0.293097 adv=4.381699 lam=1.404e-05 accD=0.9375
[VAL] epoch=44 val_rec=0.009538 time_min=7.4
step=70400 rec=0.009634 dis=0.201717 adv=4.751338 lam=1.408e-05 accD=0.9062
step=70600 rec=0.011250 dis=0.143601 adv=5.060803 lam=1.412e-05 accD=0.9375
step=70800 rec=0.008690 dis=0.391960 adv=4.292720 lam=1.416e-05 accD=0.8438
step=71000 rec=0.008649 dis=0.167828 adv=4.682237 lam=1.42e-05 accD=0.9062
step=71200 rec=0.008659 dis=0.263132 adv=4.801436 lam=1.424e-05 accD=0.9375
step=71400 rec=0.008862 dis=0.143562 adv=5.310037 lam=1.428e-05 accD=0.9375
step=71600 rec=0.009158 dis=0.379452 adv=3.711860 lam=1.432e-05 accD=0.8750
step=71800 rec=0.011577 dis=0.323707 adv=4.166769 lam=1.436e-05 accD=0.8750
[VAL] epoch=45 val_rec=0.009453 time_min=7.4
step=72000 rec=0.010604 dis=0.052824 adv=4.911370 lam=1.44e-05 accD=1.0000
step=72200 rec=0.009566 dis=0.230796 adv=4.616403 lam=1.444e-05 accD=0.9062
step=72400 rec=0.008100 dis=0.235079 adv=4.548500 lam=1.448e-05 accD=0.8750
step=72600 rec=0.009797 dis=0.167214 adv=4.633632 lam=1.452e-05 accD=0.8750
step=72800 rec=0.010657 dis=0.114325 adv=4.992541 lam=1.456e-05 accD=0.9688
step=73000 rec=0.009172 dis=0.176339 adv=4.130750 lam=1.46e-05 accD=0.9375
step=73200 rec=0.009714 dis=0.264179 adv=4.963958 lam=1.464e-05 accD=0.8750
step=73400 rec=0.010073 dis=0.344119 adv=4.206373 lam=1.468e-05 accD=0.8750
[VAL] epoch=46 val_rec=0.009398 time_min=7.4
step=73600 rec=0.010691 dis=0.109986 adv=4.567502 lam=1.472e-05 accD=0.9688
step=73800 rec=0.010476 dis=0.529927 adv=3.645284 lam=1.476e-05 accD=0.7812
step=74000 rec=0.009709 dis=0.367327 adv=4.191493 lam=1.48e-05 accD=0.8438
step=74200 rec=0.010307 dis=0.050528 adv=4.882756 lam=1.484e-05 accD=1.0000
step=74400 rec=0.009498 dis=0.077902 adv=5.314072 lam=1.488e-05 accD=0.9688
step=74600 rec=0.009743 dis=0.151875 adv=5.302590 lam=1.492e-05 accD=0.9375
step=74800 rec=0.009788 dis=0.099404 adv=5.057034 lam=1.496e-05 accD=0.9688
[VAL] epoch=47 val_rec=0.009172 time_min=7.4
step=75000 rec=0.009061 dis=0.137494 adv=5.101471 lam=1.5e-05 accD=0.9375
step=75200 rec=0.008905 dis=0.140534 adv=5.178552 lam=1.504e-05 accD=0.9688
step=75400 rec=0.009141 dis=0.149254 adv=4.769789 lam=1.508e-05 accD=0.9688
step=75600 rec=0.008917 dis=0.131503 adv=3.984867 lam=1.512e-05 accD=0.9688
step=75800 rec=0.009129 dis=0.053640 adv=5.705515 lam=1.516e-05 accD=1.0000
step=76000 rec=0.010438 dis=0.163440 adv=4.129878 lam=1.52e-05 accD=0.9375
step=76200 rec=0.012927 dis=0.347640 adv=3.983347 lam=1.524e-05 accD=0.7812
step=76400 rec=0.012266 dis=0.195839 adv=4.967338 lam=1.528e-05 accD=0.8750
[VAL] epoch=48 val_rec=0.009120 time_min=7.5
step=76600 rec=0.010384 dis=0.073623 adv=4.965181 lam=1.532e-05 accD=0.9688
step=76800 rec=0.009219 dis=0.102335 adv=4.395451 lam=1.536e-05 accD=1.0000
step=77000 rec=0.011386 dis=0.052647 adv=5.334108 lam=1.54e-05 accD=1.0000
step=77200 rec=0.008896 dis=0.268549 adv=4.861012 lam=1.544e-05 accD=0.8438
step=77400 rec=0.009845 dis=0.083126 adv=4.609777 lam=1.548e-05 accD=0.9688
step=77600 rec=0.009871 dis=0.065337 adv=4.867890 lam=1.552e-05 accD=1.0000
step=77800 rec=0.007055 dis=0.142848 adv=4.431232 lam=1.556e-05 accD=0.9375
step=78000 rec=0.009407 dis=0.219087 adv=4.578264 lam=1.56e-05 accD=0.8750
[VAL] epoch=49 val_rec=0.009216 time_min=7.6
step=78200 rec=0.009152 dis=0.134615 adv=4.608580 lam=1.564e-05 accD=0.9688
step=78400 rec=0.010783 dis=0.351091 adv=4.572806 lam=1.568e-05 accD=0.8750
step=78600 rec=0.009106 dis=0.044275 adv=5.563725 lam=1.572e-05 accD=1.0000
step=78800 rec=0.011020 dis=0.212499 adv=4.524663 lam=1.576e-05 accD=0.9375
step=79000 rec=0.009090 dis=0.038206 adv=6.083267 lam=1.58e-05 accD=1.0000
step=79200 rec=0.009255 dis=0.102235 adv=5.761948 lam=1.584e-05 accD=0.9688
step=79400 rec=0.009064 dis=0.173804 adv=5.062245 lam=1.588e-05 accD=0.9062
step=79600 rec=0.009073 dis=0.052998 adv=5.537045 lam=1.592e-05 accD=1.0000
[VAL] epoch=50 val_rec=0.009088 time_min=7.6
step=79800 rec=0.008813 dis=0.112679 adv=4.413444 lam=1.596e-05 accD=0.9688
step=80000 rec=0.009931 dis=0.113954 adv=5.445509 lam=1.6e-05 accD=0.9688
step=80200 rec=0.010177 dis=0.200706 adv=4.686876 lam=1.604e-05 accD=0.8750
step=80400 rec=0.010024 dis=0.144918 adv=4.394010 lam=1.608e-05 accD=0.9375
step=80600 rec=0.008953 dis=0.052089 adv=5.638869 lam=1.612e-05 accD=1.0000
step=80800 rec=0.008633 dis=0.232695 adv=4.879161 lam=1.616e-05 accD=0.8750
step=81000 rec=0.009954 dis=0.235689 adv=5.331722 lam=1.62e-05 accD=0.8438
step=81200 rec=0.009546 dis=0.307529 adv=3.965305 lam=1.624e-05 accD=0.9062
[VAL] epoch=51 val_rec=0.008927 time_min=7.5
step=81400 rec=0.008424 dis=0.120931 adv=5.228253 lam=1.628e-05 accD=0.9375
step=81600 rec=0.011354 dis=0.048609 adv=5.031814 lam=1.632e-05 accD=1.0000
step=81800 rec=0.010478 dis=0.154877 adv=5.134817 lam=1.636e-05 accD=0.9375
step=82000 rec=0.009041 dis=0.082594 adv=4.959332 lam=1.64e-05 accD=0.9688
step=82200 rec=0.009777 dis=0.292401 adv=4.773713 lam=1.644e-05 accD=0.8750
step=82400 rec=0.009211 dis=0.276555 adv=4.425502 lam=1.648e-05 accD=0.9062
step=82600 rec=0.009836 dis=0.189363 adv=4.449615 lam=1.652e-05 accD=0.9375
[VAL] epoch=52 val_rec=0.009402 time_min=7.4
step=82800 rec=0.009293 dis=0.080473 adv=5.535522 lam=1.656e-05 accD=1.0000
step=83000 rec=0.009012 dis=0.192046 adv=4.745138 lam=1.66e-05 accD=0.9688
step=83200 rec=0.008732 dis=0.066561 adv=5.669261 lam=1.664e-05 accD=1.0000
step=83400 rec=0.009024 dis=0.142359 adv=4.804594 lam=1.668e-05 accD=0.9062
step=83600 rec=0.009260 dis=0.244411 adv=5.516389 lam=1.672e-05 accD=0.9062
step=83800 rec=0.009441 dis=0.214007 adv=4.964816 lam=1.676e-05 accD=0.9062
step=84000 rec=0.008983 dis=0.129226 adv=5.348833 lam=1.68e-05 accD=0.9688
step=84200 rec=0.009870 dis=0.048604 adv=5.383331 lam=1.684e-05 accD=1.0000
[VAL] epoch=53 val_rec=0.008826 time_min=7.4
step=84400 rec=0.008750 dis=0.273242 adv=4.857851 lam=1.688e-05 accD=0.8750
step=84600 rec=0.010000 dis=0.183921 adv=4.296877 lam=1.692e-05 accD=0.8750
step=84800 rec=0.010765 dis=0.231536 adv=5.468379 lam=1.696e-05 accD=0.8750
step=85000 rec=0.009853 dis=0.145794 adv=4.869213 lam=1.7e-05 accD=0.9375
step=85200 rec=0.009197 dis=0.110241 adv=5.010883 lam=1.704e-05 accD=0.9688
step=85400 rec=0.010140 dis=0.225733 adv=4.525866 lam=1.708e-05 accD=0.9062
step=85600 rec=0.009161 dis=0.039137 adv=5.917732 lam=1.712e-05 accD=1.0000
step=85800 rec=0.008862 dis=0.198651 adv=4.917539 lam=1.716e-05 accD=0.9062
[VAL] epoch=54 val_rec=0.008987 time_min=7.4
step=86000 rec=0.009216 dis=0.116783 adv=5.272911 lam=1.72e-05 accD=0.9688
step=86200 rec=0.008289 dis=0.126665 adv=5.118965 lam=1.724e-05 accD=0.9688
step=86400 rec=0.008703 dis=0.066722 adv=5.196064 lam=1.728e-05 accD=0.9688
step=86600 rec=0.010953 dis=0.243656 adv=4.942967 lam=1.732e-05 accD=0.9375
step=86800 rec=0.009581 dis=0.276870 adv=4.847100 lam=1.736e-05 accD=0.9062
step=87000 rec=0.008865 dis=0.385254 adv=4.345749 lam=1.74e-05 accD=0.8750
step=87200 rec=0.011242 dis=0.112128 adv=4.598593 lam=1.744e-05 accD=0.9688
step=87400 rec=0.011020 dis=0.076316 adv=5.433925 lam=1.748e-05 accD=1.0000
[VAL] epoch=55 val_rec=0.008943 time_min=7.4
step=87600 rec=0.009360 dis=0.079724 adv=5.821983 lam=1.752e-05 accD=0.9688
step=87800 rec=0.009172 dis=0.147799 adv=5.322337 lam=1.756e-05 accD=0.9375
step=88000 rec=0.009849 dis=0.205806 adv=5.504543 lam=1.76e-05 accD=0.9062
step=88200 rec=0.008357 dis=0.076854 adv=5.575580 lam=1.764e-05 accD=0.9688
step=88400 rec=0.008638 dis=0.178982 adv=5.069589 lam=1.768e-05 accD=0.9688
step=88600 rec=0.009313 dis=0.161468 adv=4.804393 lam=1.772e-05 accD=0.9688
step=88800 rec=0.008740 dis=0.088606 adv=6.163495 lam=1.776e-05 accD=0.9375
step=89000 rec=0.009944 dis=0.184392 adv=5.209643 lam=1.78e-05 accD=0.9688
[VAL] epoch=56 val_rec=0.008778 time_min=7.4
step=89200 rec=0.010898 dis=0.161010 adv=4.715203 lam=1.784e-05 accD=0.9062
step=89400 rec=0.008806 dis=0.109219 adv=5.430703 lam=1.788e-05 accD=0.9688
step=89600 rec=0.008995 dis=0.194391 adv=5.040957 lam=1.792e-05 accD=0.9375
step=89800 rec=0.008285 dis=0.103501 adv=5.779951 lam=1.796e-05 accD=0.9375
step=90000 rec=0.009934 dis=0.146921 adv=5.274144 lam=1.8e-05 accD=0.9062
step=90200 rec=0.010383 dis=0.149870 adv=5.225701 lam=1.804e-05 accD=0.9688
step=90400 rec=0.008872 dis=0.112282 adv=5.735971 lam=1.808e-05 accD=0.9688
[VAL] epoch=57 val_rec=0.009014 time_min=7.5
step=90600 rec=0.009575 dis=0.097181 adv=5.485666 lam=1.812e-05 accD=0.9375
step=90800 rec=0.010330 dis=0.120434 adv=5.206551 lam=1.816e-05 accD=0.9375
step=91000 rec=0.009212 dis=0.065441 adv=5.900810 lam=1.82e-05 accD=0.9688
step=91200 rec=0.010525 dis=0.112011 adv=4.932080 lam=1.824e-05 accD=0.9375
step=91400 rec=0.009258 dis=0.165404 adv=4.870358 lam=1.828e-05 accD=0.9375
step=91600 rec=0.011261 dis=0.171489 adv=5.273932 lam=1.832e-05 accD=0.9375
step=91800 rec=0.008808 dis=0.153896 adv=4.389123 lam=1.836e-05 accD=0.9375
step=92000 rec=0.010102 dis=0.158535 adv=4.964256 lam=1.84e-05 accD=0.9688
[VAL] epoch=58 val_rec=0.008977 time_min=7.4
step=92200 rec=0.007960 dis=0.159852 adv=5.209670 lam=1.844e-05 accD=0.9062
step=92400 rec=0.008792 dis=0.191882 adv=4.745873 lam=1.848e-05 accD=0.9375
step=92600 rec=0.007894 dis=0.185475 adv=6.100521 lam=1.852e-05 accD=0.9062
step=92800 rec=0.008167 dis=0.135927 adv=5.960921 lam=1.856e-05 accD=0.9375
step=93000 rec=0.008045 dis=0.094406 adv=5.649274 lam=1.86e-05 accD=0.9688
step=93200 rec=0.010162 dis=0.231337 adv=4.820826 lam=1.864e-05 accD=0.9062
step=93400 rec=0.008914 dis=0.152100 adv=4.415742 lam=1.868e-05 accD=0.9688
step=93600 rec=0.008122 dis=0.036379 adv=5.687297 lam=1.872e-05 accD=1.0000
[VAL] epoch=59 val_rec=0.008706 time_min=7.4
step=93800 rec=0.009500 dis=0.104234 adv=5.319096 lam=1.876e-05 accD=0.9375
step=94000 rec=0.008052 dis=0.150863 adv=5.583863 lam=1.88e-05 accD=0.9062
step=94200 rec=0.007086 dis=0.249683 adv=5.532103 lam=1.884e-05 accD=0.9375
step=94400 rec=0.009367 dis=0.173342 adv=5.025087 lam=1.888e-05 accD=0.9688
step=94600 rec=0.007659 dis=0.253881 adv=4.312491 lam=1.892e-05 accD=0.8438
step=94800 rec=0.008097 dis=0.140060 adv=5.163603 lam=1.896e-05 accD=0.9688
step=95000 rec=0.010125 dis=0.095361 adv=4.664610 lam=1.9e-05 accD=1.0000
step=95200 rec=0.007988 dis=0.159903 adv=5.062718 lam=1.904e-05 accD=0.9375
[VAL] epoch=60 val_rec=0.008843 time_min=7.5
step=95400 rec=0.007877 dis=0.451851 adv=4.851919 lam=1.908e-05 accD=0.8438
step=95600 rec=0.007660 dis=0.071270 adv=5.440605 lam=1.912e-05 accD=0.9688
step=95800 rec=0.009148 dis=0.232391 adv=4.530594 lam=1.916e-05 accD=0.9375
step=96000 rec=0.010618 dis=0.044552 adv=6.514328 lam=1.92e-05 accD=1.0000
step=96200 rec=0.009555 dis=0.223955 adv=4.676142 lam=1.924e-05 accD=0.9375
step=96400 rec=0.008606 dis=0.061280 adv=5.416321 lam=1.928e-05 accD=1.0000
step=96600 rec=0.007479 dis=0.080763 adv=5.529557 lam=1.932e-05 accD=1.0000
step=96800 rec=0.009281 dis=0.074785 adv=5.056114 lam=1.936e-05 accD=1.0000
[VAL] epoch=61 val_rec=0.008851 time_min=7.4
step=97000 rec=0.009018 dis=0.173031 adv=4.785566 lam=1.94e-05 accD=0.9688
step=97200 rec=0.007316 dis=0.124676 adv=5.866990 lam=1.944e-05 accD=0.9062
step=97400 rec=0.008387 dis=0.051882 adv=5.946134 lam=1.948e-05 accD=1.0000
step=97600 rec=0.008392 dis=0.140011 adv=4.698371 lam=1.952e-05 accD=0.9062
step=97800 rec=0.009116 dis=0.090665 adv=5.256924 lam=1.956e-05 accD=1.0000
step=98000 rec=0.009617 dis=0.062137 adv=5.134772 lam=1.96e-05 accD=0.9688
step=98200 rec=0.009432 dis=0.294572 adv=5.128535 lam=1.964e-05 accD=0.8438
step=98400 rec=0.010254 dis=0.125230 adv=5.523942 lam=1.968e-05 accD=0.9688
[VAL] epoch=62 val_rec=0.008613 time_min=7.4
step=98600 rec=0.008603 dis=0.380619 adv=4.752359 lam=1.972e-05 accD=0.8750
step=98800 rec=0.008869 dis=0.182005 adv=5.034643 lam=1.976e-05 accD=0.8750
step=99000 rec=0.007830 dis=0.109196 adv=5.702311 lam=1.98e-05 accD=0.9375
step=99200 rec=0.008857 dis=0.144104 adv=5.467437 lam=1.984e-05 accD=0.9688
step=99400 rec=0.007587 dis=0.062197 adv=5.304828 lam=1.988e-05 accD=1.0000
step=99600 rec=0.009703 dis=0.090987 adv=4.596555 lam=1.992e-05 accD=0.9688
step=99800 rec=0.007839 dis=0.047172 adv=5.467494 lam=1.996e-05 accD=1.0000
[VAL] epoch=63 val_rec=0.008597 time_min=7.4
step=100000 rec=0.009076 dis=0.178012 adv=5.706952 lam=2e-05 accD=0.9062
step=100200 rec=0.007583 dis=0.106042 adv=5.245852 lam=2.004e-05 accD=0.9688
step=100400 rec=0.007850 dis=0.100469 adv=6.091237 lam=2.008e-05 accD=0.9375
step=100600 rec=0.007486 dis=0.052687 adv=5.836247 lam=2.012e-05 accD=0.9688
step=100800 rec=0.009776 dis=0.185112 adv=4.996660 lam=2.016e-05 accD=0.8750
step=101000 rec=0.009586 dis=0.202665 adv=4.597404 lam=2.02e-05 accD=0.9062
step=101200 rec=0.009755 dis=0.250511 adv=4.894421 lam=2.024e-05 accD=0.9375
step=101400 rec=0.008549 dis=0.048545 adv=5.565071 lam=2.028e-05 accD=1.0000
[VAL] epoch=64 val_rec=0.008552 time_min=7.4
step=101600 rec=0.009264 dis=0.120092 adv=5.170529 lam=2.032e-05 accD=0.9375
step=101800 rec=0.008086 dis=0.121038 adv=5.859774 lam=2.036e-05 accD=0.9688
step=102000 rec=0.010055 dis=0.131210 adv=4.708494 lam=2.04e-05 accD=0.9688
step=102200 rec=0.009687 dis=0.089308 adv=5.079395 lam=2.044e-05 accD=1.0000
step=102400 rec=0.009246 dis=0.177505 adv=5.324627 lam=2.048e-05 accD=0.9062
step=102600 rec=0.007540 dis=0.117130 adv=6.005496 lam=2.052e-05 accD=0.9375
step=102800 rec=0.008898 dis=0.058306 adv=4.758842 lam=2.056e-05 accD=1.0000
step=103000 rec=0.010136 dis=0.264476 adv=5.714205 lam=2.06e-05 accD=0.9062
[VAL] epoch=65 val_rec=0.008553 time_min=7.4
step=103200 rec=0.008375 dis=0.130233 adv=6.253573 lam=2.064e-05 accD=0.9375
step=103400 rec=0.007826 dis=0.081311 adv=5.296721 lam=2.068e-05 accD=0.9688
step=103600 rec=0.008114 dis=0.226498 adv=5.626957 lam=2.072e-05 accD=0.9375
step=103800 rec=0.009118 dis=0.117233 adv=5.820803 lam=2.076e-05 accD=0.9375
step=104000 rec=0.008098 dis=0.228227 adv=5.060079 lam=2.08e-05 accD=0.9375
step=104200 rec=0.007632 dis=0.164933 adv=5.311392 lam=2.084e-05 accD=0.9375
step=104400 rec=0.009777 dis=0.036589 adv=5.522527 lam=2.088e-05 accD=1.0000
step=104600 rec=0.008755 dis=0.041338 adv=5.856361 lam=2.092e-05 accD=1.0000
[VAL] epoch=66 val_rec=0.008695 time_min=7.4
step=104800 rec=0.008442 dis=0.119990 adv=5.687561 lam=2.096e-05 accD=0.9375
step=105000 rec=0.008383 dis=0.116254 adv=5.181675 lam=2.1e-05 accD=0.9688
step=105200 rec=0.010306 dis=0.119461 adv=5.487551 lam=2.104e-05 accD=0.9375
step=105400 rec=0.008453 dis=0.091394 adv=5.634328 lam=2.108e-05 accD=0.9688
step=105600 rec=0.007984 dis=0.197976 adv=5.180758 lam=2.112e-05 accD=0.9062
step=105800 rec=0.010059 dis=0.126212 adv=5.290732 lam=2.116e-05 accD=0.9375
step=106000 rec=0.007698 dis=0.196190 adv=5.601563 lam=2.12e-05 accD=0.9375
step=106200 rec=0.008341 dis=0.169533 adv=5.238217 lam=2.124e-05 accD=0.9688
[VAL] epoch=67 val_rec=0.008454 time_min=7.4
step=106400 rec=0.009387 dis=0.083879 adv=5.724519 lam=2.128e-05 accD=0.9688
step=106600 rec=0.010743 dis=0.162813 adv=5.691928 lam=2.132e-05 accD=0.9375
step=106800 rec=0.009722 dis=0.111051 adv=4.971132 lam=2.136e-05 accD=1.0000
step=107000 rec=0.008742 dis=0.076285 adv=6.274107 lam=2.14e-05 accD=0.9688
step=107200 rec=0.009003 dis=0.155345 adv=5.796535 lam=2.144e-05 accD=0.9375
step=107400 rec=0.009822 dis=0.175416 adv=5.558923 lam=2.148e-05 accD=0.9375
step=107600 rec=0.008978 dis=0.080080 adv=5.655543 lam=2.152e-05 accD=0.9688
[VAL] epoch=68 val_rec=0.008600 time_min=7.4
step=107800 rec=0.011043 dis=0.111857 adv=5.718078 lam=2.156e-05 accD=0.9375
step=108000 rec=0.008824 dis=0.209224 adv=4.772749 lam=2.16e-05 accD=0.8750
step=108200 rec=0.008309 dis=0.124169 adv=5.893354 lam=2.164e-05 accD=0.9375
step=108400 rec=0.010068 dis=0.073296 adv=4.668455 lam=2.168e-05 accD=0.9688
step=108600 rec=0.011039 dis=0.269185 adv=5.969727 lam=2.172e-05 accD=0.9062
step=108800 rec=0.008609 dis=0.199508 adv=5.554810 lam=2.176e-05 accD=0.9062
step=109000 rec=0.008436 dis=0.102870 adv=5.662273 lam=2.18e-05 accD=0.9375
step=109200 rec=0.008638 dis=0.092158 adv=5.139883 lam=2.184e-05 accD=0.9688
[VAL] epoch=69 val_rec=0.008309 time_min=7.5
step=109400 rec=0.009341 dis=0.063788 adv=5.759033 lam=2.188e-05 accD=1.0000
step=109600 rec=0.009688 dis=0.233145 adv=4.581290 lam=2.192e-05 accD=0.8438
step=109800 rec=0.008433 dis=0.188998 adv=5.778812 lam=2.196e-05 accD=0.9062
step=110000 rec=0.009212 dis=0.099577 adv=5.716733 lam=2.2e-05 accD=0.9688
step=110200 rec=0.007679 dis=0.108153 adv=4.874780 lam=2.204e-05 accD=0.9688
step=110400 rec=0.008467 dis=0.181773 adv=5.985326 lam=2.208e-05 accD=0.9062
step=110600 rec=0.009948 dis=0.287659 adv=5.161416 lam=2.212e-05 accD=0.8125
step=110800 rec=0.009563 dis=0.018713 adv=6.457957 lam=2.216e-05 accD=1.0000
[VAL] epoch=70 val_rec=0.008691 time_min=7.6
step=111000 rec=0.008421 dis=0.082372 adv=5.930417 lam=2.22e-05 accD=0.9688
step=111200 rec=0.009527 dis=0.176584 adv=4.970972 lam=2.224e-05 accD=0.9375
step=111400 rec=0.008026 dis=0.085182 adv=4.585136 lam=2.228e-05 accD=1.0000
step=111600 rec=0.007818 dis=0.104596 adv=5.566824 lam=2.232e-05 accD=0.9375
step=111800 rec=0.007442 dis=0.071269 adv=5.801155 lam=2.236e-05 accD=1.0000
step=112000 rec=0.008439 dis=0.201337 adv=6.183053 lam=2.24e-05 accD=0.9375
step=112200 rec=0.009402 dis=0.143824 adv=4.504722 lam=2.244e-05 accD=0.9375
step=112400 rec=0.010535 dis=0.212335 adv=5.379784 lam=2.248e-05 accD=0.9062
[VAL] epoch=71 val_rec=0.008986 time_min=7.5
step=112600 rec=0.008136 dis=0.059496 adv=6.068925 lam=2.252e-05 accD=0.9688
step=112800 rec=0.007956 dis=0.221217 adv=4.983974 lam=2.256e-05 accD=0.9062
step=113000 rec=0.008736 dis=0.235732 adv=5.343758 lam=2.26e-05 accD=0.9062
step=113200 rec=0.008622 dis=0.070007 adv=5.861597 lam=2.264e-05 accD=1.0000
step=113400 rec=0.009023 dis=0.295226 adv=5.259629 lam=2.268e-05 accD=0.9062
step=113600 rec=0.008979 dis=0.256269 adv=5.844594 lam=2.272e-05 accD=0.8438
step=113800 rec=0.010109 dis=0.297329 adv=4.843873 lam=2.276e-05 accD=0.8750
step=114000 rec=0.009933 dis=0.143981 adv=5.579603 lam=2.28e-05 accD=0.9375
[VAL] epoch=72 val_rec=0.008354 time_min=7.5
step=114200 rec=0.008025 dis=0.208635 adv=6.106400 lam=2.284e-05 accD=0.9688
step=114400 rec=0.008536 dis=0.089427 adv=5.858273 lam=2.288e-05 accD=0.9688
step=114600 rec=0.008871 dis=0.079528 adv=4.961232 lam=2.292e-05 accD=0.9688
step=114800 rec=0.009620 dis=0.196394 adv=5.023265 lam=2.296e-05 accD=0.9375
step=115000 rec=0.008669 dis=0.334048 adv=4.838014 lam=2.3e-05 accD=0.8750
step=115200 rec=0.008793 dis=0.160439 adv=5.182044 lam=2.304e-05 accD=0.9688
step=115400 rec=0.008241 dis=0.090051 adv=5.280823 lam=2.308e-05 accD=0.9688
[VAL] epoch=73 val_rec=0.008720 time_min=7.5
step=115600 rec=0.009675 dis=0.086656 adv=6.104644 lam=2.312e-05 accD=0.9375
step=115800 rec=0.008799 dis=0.164492 adv=5.295987 lam=2.316e-05 accD=0.9062
step=116000 rec=0.008449 dis=0.128036 adv=5.590813 lam=2.32e-05 accD=0.9375
step=116200 rec=0.008299 dis=0.184557 adv=6.232153 lam=2.324e-05 accD=0.9062
step=116400 rec=0.009076 dis=0.069710 adv=5.263805 lam=2.328e-05 accD=0.9688
step=116600 rec=0.009310 dis=0.121797 adv=5.460670 lam=2.332e-05 accD=0.9688
step=116800 rec=0.008093 dis=0.056321 adv=6.874756 lam=2.336e-05 accD=0.9688
step=117000 rec=0.008409 dis=0.089080 adv=5.387945 lam=2.34e-05 accD=0.9688
[VAL] epoch=74 val_rec=0.008198 time_min=7.4
step=117200 rec=0.008654 dis=0.209007 adv=5.886749 lam=2.344e-05 accD=0.9375
step=117400 rec=0.009691 dis=0.168721 adv=5.115022 lam=2.348e-05 accD=0.9375
step=117600 rec=0.008102 dis=0.298494 adv=4.925744 lam=2.352e-05 accD=0.9062
step=117800 rec=0.006720 dis=0.156188 adv=5.140372 lam=2.356e-05 accD=0.9062
step=118000 rec=0.008860 dis=0.243782 adv=5.463494 lam=2.36e-05 accD=0.8750
step=118200 rec=0.009464 dis=0.207870 adv=5.014346 lam=2.364e-05 accD=0.9375
step=118400 rec=0.008868 dis=0.128331 adv=5.226889 lam=2.368e-05 accD=0.9062
step=118600 rec=0.008082 dis=0.181740 adv=5.297592 lam=2.372e-05 accD=0.9375
[VAL] epoch=75 val_rec=0.008206 time_min=7.4
step=118800 rec=0.008049 dis=0.042722 adv=5.546521 lam=2.376e-05 accD=1.0000
step=119000 rec=0.007274 dis=0.201625 adv=4.492321 lam=2.38e-05 accD=0.9375
step=119200 rec=0.008768 dis=0.034688 adv=6.445817 lam=2.384e-05 accD=1.0000
step=119400 rec=0.008248 dis=0.113304 adv=6.121550 lam=2.388e-05 accD=0.9375
step=119600 rec=0.008365 dis=0.208753 adv=6.480333 lam=2.392e-05 accD=0.9062
step=119800 rec=0.007837 dis=0.361773 adv=5.861910 lam=2.396e-05 accD=0.8750
step=120000 rec=0.009658 dis=0.177171 adv=5.178702 lam=2.4e-05 accD=0.9062
step=120200 rec=0.010318 dis=0.057969 adv=6.086696 lam=2.404e-05 accD=1.0000
[VAL] epoch=76 val_rec=0.008271 time_min=7.4
step=120400 rec=0.008252 dis=0.244569 adv=4.574258 lam=2.408e-05 accD=0.9062
step=120600 rec=0.008077 dis=0.129916 adv=6.355310 lam=2.412e-05 accD=0.9375
step=120800 rec=0.009246 dis=0.094914 adv=5.381138 lam=2.416e-05 accD=0.9375
step=121000 rec=0.010966 dis=0.116608 adv=5.808600 lam=2.42e-05 accD=0.9688
step=121200 rec=0.008512 dis=0.067503 adv=5.496092 lam=2.424e-05 accD=1.0000
step=121400 rec=0.010129 dis=0.204418 adv=4.986411 lam=2.428e-05 accD=0.9375
step=121600 rec=0.007602 dis=0.092282 adv=5.623829 lam=2.432e-05 accD=0.9688
step=121800 rec=0.009935 dis=0.164067 adv=5.213814 lam=2.436e-05 accD=0.9688
[VAL] epoch=77 val_rec=0.008154 time_min=7.4
step=122000 rec=0.009173 dis=0.053165 adv=5.812756 lam=2.44e-05 accD=1.0000
step=122200 rec=0.007389 dis=0.149314 adv=5.390212 lam=2.444e-05 accD=0.9375
step=122400 rec=0.009935 dis=0.090835 adv=5.626904 lam=2.448e-05 accD=1.0000
step=122600 rec=0.008037 dis=0.204187 adv=5.217763 lam=2.452e-05 accD=0.8750
step=122800 rec=0.009558 dis=0.035168 adv=6.196116 lam=2.456e-05 accD=1.0000
step=123000 rec=0.008296 dis=0.117135 adv=5.978515 lam=2.46e-05 accD=0.9688
step=123200 rec=0.007657 dis=0.189374 adv=6.081399 lam=2.464e-05 accD=0.9062
[VAL] epoch=78 val_rec=0.008246 time_min=7.4
step=123400 rec=0.009658 dis=0.108247 adv=5.590293 lam=2.468e-05 accD=0.9375
step=123600 rec=0.009119 dis=0.277714 adv=5.444517 lam=2.472e-05 accD=0.8750
step=123800 rec=0.007468 dis=0.262818 adv=5.797212 lam=2.476e-05 accD=0.9062
step=124000 rec=0.007986 dis=0.057068 adv=5.697750 lam=2.48e-05 accD=0.9688
step=124200 rec=0.007793 dis=0.071563 adv=5.027174 lam=2.484e-05 accD=0.9688
step=124400 rec=0.008878 dis=0.077519 adv=5.452913 lam=2.488e-05 accD=0.9688
step=124600 rec=0.008845 dis=0.119635 adv=6.654974 lam=2.492e-05 accD=0.9688
step=124800 rec=0.009978 dis=0.101150 adv=5.517893 lam=2.496e-05 accD=0.9375
[VAL] epoch=79 val_rec=0.008256 time_min=7.4
step=125000 rec=0.008030 dis=0.053582 adv=6.156674 lam=2.5e-05 accD=0.9688
step=125200 rec=0.008375 dis=0.082777 adv=6.050611 lam=2.504e-05 accD=0.9688
step=125400 rec=0.009652 dis=0.072585 adv=5.795551 lam=2.508e-05 accD=1.0000
step=125600 rec=0.008734 dis=0.241024 adv=6.124336 lam=2.512e-05 accD=0.9375
step=125800 rec=0.008449 dis=0.254708 adv=5.899056 lam=2.516e-05 accD=0.8438
step=126000 rec=0.009346 dis=0.129615 adv=6.416459 lam=2.52e-05 accD=0.9375
step=126200 rec=0.007790 dis=0.085602 adv=6.204225 lam=2.524e-05 accD=0.9688
step=126400 rec=0.007388 dis=0.113734 adv=5.390358 lam=2.528e-05 accD=0.9375
[VAL] epoch=80 val_rec=0.008194 time_min=7.4
step=126600 rec=0.009217 dis=0.164477 adv=5.439045 lam=2.532e-05 accD=0.9375
step=126800 rec=0.007444 dis=0.088864 adv=5.706267 lam=2.536e-05 accD=0.9688
step=127000 rec=0.008222 dis=0.151416 adv=5.444470 lam=2.54e-05 accD=0.9375
step=127200 rec=0.008062 dis=0.244436 adv=4.677969 lam=2.544e-05 accD=0.8750
step=127400 rec=0.008663 dis=0.120362 adv=5.709412 lam=2.548e-05 accD=0.9688
step=127600 rec=0.007062 dis=0.115943 adv=5.849980 lam=2.552e-05 accD=0.9375
step=127800 rec=0.007834 dis=0.211499 adv=6.223339 lam=2.556e-05 accD=0.9375
step=128000 rec=0.010390 dis=0.073884 adv=5.723232 lam=2.56e-05 accD=0.9688
[VAL] epoch=81 val_rec=0.007985 time_min=7.4
step=128200 rec=0.008839 dis=0.147385 adv=5.846677 lam=2.564e-05 accD=0.9062
step=128400 rec=0.006622 dis=0.151133 adv=5.737021 lam=2.568e-05 accD=0.9062
step=128600 rec=0.008415 dis=0.175530 adv=5.592617 lam=2.572e-05 accD=0.9062
step=128800 rec=0.008571 dis=0.073927 adv=6.060259 lam=2.576e-05 accD=0.9688
step=129000 rec=0.009352 dis=0.398488 adv=4.876656 lam=2.58e-05 accD=0.8750
step=129200 rec=0.008298 dis=0.022585 adv=5.731973 lam=2.584e-05 accD=1.0000
step=129400 rec=0.009691 dis=0.126412 adv=6.703379 lam=2.588e-05 accD=0.9375
step=129600 rec=0.009250 dis=0.096216 adv=5.209517 lam=2.592e-05 accD=0.9688
[VAL] epoch=82 val_rec=0.008048 time_min=7.4
step=129800 rec=0.008367 dis=0.136725 adv=6.177730 lam=2.596e-05 accD=0.9062
step=130000 rec=0.009315 dis=0.221589 adv=5.126542 lam=2.6e-05 accD=0.8750
step=130200 rec=0.007789 dis=0.226650 adv=5.402212 lam=2.604e-05 accD=0.9062
step=130400 rec=0.008709 dis=0.133957 adv=6.035909 lam=2.608e-05 accD=0.9375
step=130600 rec=0.009161 dis=0.177076 adv=5.315364 lam=2.612e-05 accD=0.8750
step=130800 rec=0.009577 dis=0.111444 adv=5.737198 lam=2.616e-05 accD=0.9375
step=131000 rec=0.008431 dis=0.100639 adv=6.225236 lam=2.62e-05 accD=0.9375
step=131200 rec=0.008848 dis=0.249573 adv=6.154774 lam=2.624e-05 accD=0.8750
[VAL] epoch=83 val_rec=0.007994 time_min=7.4
step=131400 rec=0.009159 dis=0.112548 adv=6.245306 lam=2.628e-05 accD=0.9375
step=131600 rec=0.010195 dis=0.166593 adv=4.981267 lam=2.632e-05 accD=0.9375
step=131800 rec=0.008195 dis=0.076246 adv=6.274736 lam=2.636e-05 accD=0.9688
step=132000 rec=0.008011 dis=0.098871 adv=5.050142 lam=2.64e-05 accD=0.9688
step=132200 rec=0.008552 dis=0.059012 adv=5.469440 lam=2.644e-05 accD=1.0000
step=132400 rec=0.008534 dis=0.081694 adv=5.684050 lam=2.648e-05 accD=0.9688
step=132600 rec=0.007791 dis=0.107454 adv=5.890474 lam=2.652e-05 accD=0.9375
[VAL] epoch=84 val_rec=0.007935 time_min=7.4
step=132800 rec=0.010429 dis=0.114823 adv=5.697998 lam=2.656e-05 accD=0.9688
step=133000 rec=0.009044 dis=0.234250 adv=5.359470 lam=2.66e-05 accD=0.9375
step=133200 rec=0.007484 dis=0.049258 adv=5.780689 lam=2.664e-05 accD=0.9688
step=133400 rec=0.008181 dis=0.155324 adv=5.385958 lam=2.668e-05 accD=0.9375
step=133600 rec=0.008499 dis=0.150351 adv=5.104535 lam=2.672e-05 accD=0.9062
step=133800 rec=0.008913 dis=0.235252 adv=5.622610 lam=2.676e-05 accD=0.8750
step=134000 rec=0.007486 dis=0.071164 adv=5.520936 lam=2.68e-05 accD=0.9688
step=134200 rec=0.008383 dis=0.169472 adv=4.708311 lam=2.684e-05 accD=0.9062
[VAL] epoch=85 val_rec=0.007924 time_min=7.4
step=134400 rec=0.008664 dis=0.113095 adv=5.774400 lam=2.688e-05 accD=0.9688
step=134600 rec=0.009709 dis=0.075325 adv=6.011724 lam=2.692e-05 accD=0.9688
step=134800 rec=0.007900 dis=0.207362 adv=6.342582 lam=2.696e-05 accD=0.9375
step=135000 rec=0.009392 dis=0.182170 adv=5.038806 lam=2.7e-05 accD=0.9688
step=135200 rec=0.008411 dis=0.141620 adv=6.187849 lam=2.704e-05 accD=0.9375
step=135400 rec=0.009484 dis=0.110953 adv=4.911664 lam=2.708e-05 accD=0.9688
step=135600 rec=0.008183 dis=0.079168 adv=6.054099 lam=2.712e-05 accD=1.0000
step=135800 rec=0.008255 dis=0.108689 adv=6.331758 lam=2.716e-05 accD=0.9688
[VAL] epoch=86 val_rec=0.008141 time_min=7.4
step=136000 rec=0.008800 dis=0.194026 adv=6.353341 lam=2.72e-05 accD=0.9375
step=136200 rec=0.009720 dis=0.177402 adv=5.355599 lam=2.724e-05 accD=0.9375
step=136400 rec=0.006689 dis=0.107661 adv=5.754999 lam=2.728e-05 accD=0.9375
step=136600 rec=0.007791 dis=0.235577 adv=6.391667 lam=2.732e-05 accD=0.9062
step=136800 rec=0.006441 dis=0.159347 adv=5.669406 lam=2.736e-05 accD=0.9375
step=137000 rec=0.010747 dis=0.056651 adv=6.221956 lam=2.74e-05 accD=1.0000
step=137200 rec=0.007788 dis=0.043734 adv=5.781200 lam=2.744e-05 accD=1.0000
step=137400 rec=0.007976 dis=0.204338 adv=5.490175 lam=2.748e-05 accD=0.8750
[VAL] epoch=87 val_rec=0.007951 time_min=7.4
step=137600 rec=0.007829 dis=0.084929 adv=6.472793 lam=2.752e-05 accD=0.9688
step=137800 rec=0.007986 dis=0.068643 adv=5.792231 lam=2.756e-05 accD=0.9688
step=138000 rec=0.006656 dis=0.138838 adv=6.118090 lam=2.76e-05 accD=0.9375
step=138200 rec=0.007496 dis=0.298541 adv=5.561589 lam=2.764e-05 accD=0.8750
step=138400 rec=0.008307 dis=0.194186 adv=5.885541 lam=2.768e-05 accD=0.9688
step=138600 rec=0.008356 dis=0.114748 adv=5.300322 lam=2.772e-05 accD=0.9688
step=138800 rec=0.008474 dis=0.117487 adv=5.868814 lam=2.776e-05 accD=0.9375
step=139000 rec=0.008300 dis=0.101192 adv=6.244666 lam=2.78e-05 accD=0.9688
[VAL] epoch=88 val_rec=0.008063 time_min=7.4
step=139200 rec=0.008414 dis=0.076468 adv=6.353623 lam=2.784e-05 accD=0.9688
step=139400 rec=0.007271 dis=0.113233 adv=5.776938 lam=2.788e-05 accD=0.9375
step=139600 rec=0.008398 dis=0.360289 adv=5.362988 lam=2.792e-05 accD=0.8750
step=139800 rec=0.009409 dis=0.083430 adv=5.520244 lam=2.796e-05 accD=0.9688
step=140000 rec=0.008492 dis=0.188241 adv=5.436169 lam=2.8e-05 accD=0.9375
step=140200 rec=0.008330 dis=0.036532 adv=5.776022 lam=2.804e-05 accD=1.0000
step=140400 rec=0.007057 dis=0.094916 adv=5.849630 lam=2.808e-05 accD=0.9375
[VAL] epoch=89 val_rec=0.007881 time_min=7.5
step=140600 rec=0.008214 dis=0.141369 adv=5.832817 lam=2.812e-05 accD=0.9375
step=140800 rec=0.009758 dis=0.108024 adv=5.574931 lam=2.816e-05 accD=0.9688
step=141000 rec=0.007247 dis=0.133995 adv=5.199597 lam=2.82e-05 accD=0.9375
step=141200 rec=0.007913 dis=0.049834 adv=6.756224 lam=2.824e-05 accD=0.9688
step=141400 rec=0.007842 dis=0.155033 adv=5.043191 lam=2.828e-05 accD=0.9688
step=141600 rec=0.009565 dis=0.040008 adv=6.278306 lam=2.832e-05 accD=1.0000
step=141800 rec=0.010187 dis=0.301799 adv=5.241857 lam=2.836e-05 accD=0.8750
step=142000 rec=0.007786 dis=0.138687 adv=5.442284 lam=2.84e-05 accD=0.9375
[VAL] epoch=90 val_rec=0.008069 time_min=7.4
step=142200 rec=0.007737 dis=0.259682 adv=5.319520 lam=2.844e-05 accD=0.9375
step=142400 rec=0.008681 dis=0.189491 adv=5.458255 lam=2.848e-05 accD=0.8750
step=142600 rec=0.008908 dis=0.099510 adv=6.373712 lam=2.852e-05 accD=0.9375
step=142800 rec=0.007734 dis=0.038799 adv=6.472764 lam=2.856e-05 accD=1.0000
step=143000 rec=0.008194 dis=0.046413 adv=6.802663 lam=2.86e-05 accD=1.0000
step=143200 rec=0.008251 dis=0.182742 adv=6.700561 lam=2.864e-05 accD=0.9375
step=143400 rec=0.007880 dis=0.276960 adv=5.767230 lam=2.868e-05 accD=0.9062
step=143600 rec=0.007938 dis=0.176361 adv=6.673587 lam=2.872e-05 accD=0.9062
[VAL] epoch=91 val_rec=0.007937 time_min=7.4
step=143800 rec=0.008526 dis=0.170870 adv=5.359463 lam=2.876e-05 accD=0.9062
step=144000 rec=0.007012 dis=0.024036 adv=6.391888 lam=2.88e-05 accD=1.0000
step=144200 rec=0.006546 dis=0.027066 adv=6.408662 lam=2.884e-05 accD=1.0000
step=144400 rec=0.007554 dis=0.159444 adv=5.853855 lam=2.888e-05 accD=0.9062
step=144600 rec=0.008612 dis=0.204785 adv=4.805812 lam=2.892e-05 accD=0.9375
step=144800 rec=0.009357 dis=0.113668 adv=5.058074 lam=2.896e-05 accD=0.9688
step=145000 rec=0.009500 dis=0.121506 adv=5.877951 lam=2.9e-05 accD=0.9688
step=145200 rec=0.008022 dis=0.036452 adv=5.580575 lam=2.904e-05 accD=1.0000
[VAL] epoch=92 val_rec=0.007721 time_min=7.4
step=145400 rec=0.009510 dis=0.143840 adv=6.102115 lam=2.908e-05 accD=0.9062
step=145600 rec=0.008255 dis=0.128456 adv=6.045180 lam=2.912e-05 accD=0.9375
step=145800 rec=0.008120 dis=0.042717 adv=6.711976 lam=2.916e-05 accD=1.0000
step=146000 rec=0.007829 dis=0.046992 adv=6.029284 lam=2.92e-05 accD=0.9688
step=146200 rec=0.007986 dis=0.022943 adv=6.227590 lam=2.924e-05 accD=1.0000
step=146400 rec=0.007952 dis=0.074129 adv=5.093654 lam=2.928e-05 accD=1.0000
step=146600 rec=0.007788 dis=0.050799 adv=6.891697 lam=2.932e-05 accD=0.9688
step=146800 rec=0.006839 dis=0.039189 adv=6.204986 lam=2.936e-05 accD=1.0000
[VAL] epoch=93 val_rec=0.007755 time_min=7.4
step=147000 rec=0.008387 dis=0.053259 adv=6.113078 lam=2.94e-05 accD=1.0000
step=147200 rec=0.009489 dis=0.095872 adv=5.791862 lam=2.944e-05 accD=0.9688
step=147400 rec=0.008066 dis=0.088409 adv=6.248880 lam=2.948e-05 accD=0.9688
step=147600 rec=0.007872 dis=0.118546 adv=5.797996 lam=2.952e-05 accD=0.9375
step=147800 rec=0.007871 dis=0.200293 adv=6.207644 lam=2.956e-05 accD=0.9062
step=148000 rec=0.006933 dis=0.130555 adv=6.598799 lam=2.96e-05 accD=0.9688
step=148200 rec=0.008144 dis=0.055148 adv=5.484333 lam=2.964e-05 accD=1.0000
[VAL] epoch=94 val_rec=0.007957 time_min=7.4
step=148400 rec=0.007906 dis=0.173628 adv=5.867130 lam=2.968e-05 accD=0.9062
step=148600 rec=0.008419 dis=0.161338 adv=6.336790 lam=2.972e-05 accD=0.9062
step=148800 rec=0.006935 dis=0.076980 adv=5.586091 lam=2.976e-05 accD=0.9688
step=149000 rec=0.007064 dis=0.244659 adv=5.179984 lam=2.98e-05 accD=0.8438
step=149200 rec=0.007614 dis=0.172157 adv=6.382237 lam=2.984e-05 accD=0.9375
step=149400 rec=0.009102 dis=0.083283 adv=6.498815 lam=2.988e-05 accD=0.9688
step=149600 rec=0.009691 dis=0.106748 adv=6.488198 lam=2.992e-05 accD=0.9375
step=149800 rec=0.007577 dis=0.193378 adv=6.230624 lam=2.996e-05 accD=0.9062
[VAL] epoch=95 val_rec=0.008101 time_min=7.4
step=150000 rec=0.007740 dis=0.063284 adv=5.596125 lam=3e-05 accD=0.9688
step=150200 rec=0.008341 dis=0.179171 adv=5.942745 lam=3.004e-05 accD=0.9062
step=150400 rec=0.008184 dis=0.081221 adv=5.937539 lam=3.008e-05 accD=0.9688
step=150600 rec=0.008492 dis=0.091669 adv=5.704048 lam=3.012e-05 accD=1.0000
step=150800 rec=0.009391 dis=0.055910 adv=5.836992 lam=3.016e-05 accD=0.9688
step=151000 rec=0.008320 dis=0.107584 adv=5.588573 lam=3.02e-05 accD=0.9375
step=151200 rec=0.008438 dis=0.134176 adv=5.297637 lam=3.024e-05 accD=0.9375
step=151400 rec=0.008420 dis=0.207575 adv=5.556244 lam=3.028e-05 accD=0.8750
[VAL] epoch=96 val_rec=0.007915 time_min=7.5
step=151600 rec=0.008092 dis=0.147937 adv=5.144111 lam=3.032e-05 accD=0.9062
step=151800 rec=0.008194 dis=0.077190 adv=6.249526 lam=3.036e-05 accD=0.9375
step=152000 rec=0.008362 dis=0.235579 adv=6.578795 lam=3.04e-05 accD=0.8750
step=152200 rec=0.007409 dis=0.237121 adv=5.530495 lam=3.044e-05 accD=0.8438
step=152400 rec=0.008653 dis=0.044462 adv=5.673937 lam=3.048e-05 accD=1.0000
step=152600 rec=0.008677 dis=0.037972 adv=5.978898 lam=3.052e-05 accD=1.0000
step=152800 rec=0.009414 dis=0.132312 adv=5.918965 lam=3.056e-05 accD=0.9062
step=153000 rec=0.008715 dis=0.099111 adv=5.103185 lam=3.06e-05 accD=0.9688
[VAL] epoch=97 val_rec=0.007782 time_min=7.4
step=153200 rec=0.007959 dis=0.071161 adv=6.031986 lam=3.064e-05 accD=1.0000
step=153400 rec=0.007520 dis=0.192729 adv=5.167614 lam=3.068e-05 accD=0.9375
step=153600 rec=0.006988 dis=0.144919 adv=5.536634 lam=3.072e-05 accD=0.9375
step=153800 rec=0.008492 dis=0.030919 adv=5.529960 lam=3.076e-05 accD=1.0000
step=154000 rec=0.007308 dis=0.173381 adv=5.301272 lam=3.08e-05 accD=0.9688
step=154200 rec=0.008286 dis=0.128469 adv=5.997215 lam=3.084e-05 accD=0.9375
step=154400 rec=0.009065 dis=0.044399 adv=6.330942 lam=3.088e-05 accD=0.9688
step=154600 rec=0.008338 dis=0.232354 adv=5.962195 lam=3.092e-05 accD=0.9062
[VAL] epoch=98 val_rec=0.007717 time_min=7.2
step=154800 rec=0.006716 dis=0.240969 adv=5.612953 lam=3.096e-05 accD=0.8750
step=155000 rec=0.007309 dis=0.106670 adv=6.324776 lam=3.1e-05 accD=0.9375
step=155200 rec=0.007671 dis=0.111581 adv=5.965275 lam=3.104e-05 accD=0.9688
step=155400 rec=0.008179 dis=0.054256 adv=6.068574 lam=3.108e-05 accD=1.0000
step=155600 rec=0.007699 dis=0.038039 adv=5.687397 lam=3.112e-05 accD=1.0000
step=155800 rec=0.009148 dis=0.139761 adv=5.758181 lam=3.116e-05 accD=0.9062
step=156000 rec=0.008261 dis=0.112675 adv=6.173310 lam=3.12e-05 accD=0.9688
[VAL] epoch=99 val_rec=0.007846 time_min=7.1
step=156200 rec=0.008592 dis=0.048663 adv=6.143063 lam=3.124e-05 accD=1.0000
step=156400 rec=0.009609 dis=0.053676 adv=4.942156 lam=3.128e-05 accD=1.0000
step=156600 rec=0.008667 dis=0.025510 adv=6.099003 lam=3.132e-05 accD=1.0000
step=156800 rec=0.007049 dis=0.076606 adv=5.377293 lam=3.136e-05 accD=0.9688
step=157000 rec=0.007646 dis=0.091512 adv=6.550396 lam=3.14e-05 accD=0.9688
step=157200 rec=0.009997 dis=0.052141 adv=6.057158 lam=3.144e-05 accD=1.0000
step=157400 rec=0.008908 dis=0.150977 adv=5.129144 lam=3.148e-05 accD=0.9375
step=157600 rec=0.007703 dis=0.257104 adv=5.602813 lam=3.152e-05 accD=0.9062
[VAL] epoch=100 val_rec=0.007708 time_min=7.1
step=157800 rec=0.008117 dis=0.052050 adv=5.623929 lam=3.156e-05 accD=1.0000
step=158000 rec=0.007624 dis=0.091011 adv=5.251128 lam=3.16e-05 accD=0.9688
step=158200 rec=0.008351 dis=0.193166 adv=6.024139 lam=3.164e-05 accD=0.9688
step=158400 rec=0.006989 dis=0.129048 adv=5.384461 lam=3.168e-05 accD=0.9688
step=158600 rec=0.007674 dis=0.131503 adv=6.401340 lam=3.172e-05 accD=0.9375
step=158800 rec=0.008019 dis=0.247748 adv=5.493307 lam=3.176e-05 accD=0.9375
step=159000 rec=0.007282 dis=0.243837 adv=6.601418 lam=3.18e-05 accD=0.9062
step=159200 rec=0.008347 dis=0.117443 adv=6.273168 lam=3.184e-05 accD=0.9688
[VAL] epoch=101 val_rec=0.008014 time_min=7.1
step=159400 rec=0.009249 dis=0.074691 adv=4.743409 lam=3.188e-05 accD=1.0000
step=159600 rec=0.007343 dis=0.142011 adv=5.392743 lam=3.192e-05 accD=0.9062
step=159800 rec=0.007545 dis=0.124901 adv=6.370002 lam=3.196e-05 accD=0.9375
step=160000 rec=0.007364 dis=0.265888 adv=5.875348 lam=3.2e-05 accD=0.9062
step=160200 rec=0.008148 dis=0.050166 adv=6.408931 lam=3.204e-05 accD=0.9688
step=160400 rec=0.009116 dis=0.104150 adv=5.092324 lam=3.208e-05 accD=0.9688
step=160600 rec=0.007360 dis=0.216704 adv=6.142267 lam=3.212e-05 accD=0.9062
step=160800 rec=0.007769 dis=0.039738 adv=6.130978 lam=3.216e-05 accD=1.0000
[VAL] epoch=102 val_rec=0.007839 time_min=7.1
step=161000 rec=0.007476 dis=0.169761 adv=5.472057 lam=3.22e-05 accD=0.9375
step=161200 rec=0.008013 dis=0.085125 adv=5.710609 lam=3.224e-05 accD=1.0000
step=161400 rec=0.008799 dis=0.125718 adv=6.716793 lam=3.228e-05 accD=0.9375
step=161600 rec=0.009071 dis=0.085060 adv=6.558781 lam=3.232e-05 accD=0.9688
step=161800 rec=0.007139 dis=0.158268 adv=5.339049 lam=3.236e-05 accD=0.9062
step=162000 rec=0.008757 dis=0.029851 adv=6.742933 lam=3.24e-05 accD=1.0000
step=162200 rec=0.007508 dis=0.161331 adv=5.854579 lam=3.244e-05 accD=0.9062
step=162400 rec=0.007703 dis=0.149900 adv=5.369199 lam=3.248e-05 accD=0.9375
[VAL] epoch=103 val_rec=0.007709 time_min=7.2
step=162600 rec=0.008291 dis=0.016818 adv=6.301943 lam=3.252e-05 accD=1.0000
step=162800 rec=0.007927 dis=0.034076 adv=6.934905 lam=3.256e-05 accD=1.0000
step=163000 rec=0.007507 dis=0.132824 adv=5.475159 lam=3.26e-05 accD=0.9688
step=163200 rec=0.007681 dis=0.194729 adv=5.388735 lam=3.264e-05 accD=0.9375
step=163400 rec=0.006856 dis=0.091627 adv=5.761168 lam=3.268e-05 accD=0.9375
step=163600 rec=0.007623 dis=0.120682 adv=5.778971 lam=3.272e-05 accD=0.9688
step=163800 rec=0.008280 dis=0.152373 adv=4.744315 lam=3.276e-05 accD=0.9375
step=164000 rec=0.008643 dis=0.155662 adv=5.472007 lam=3.28e-05 accD=0.9375
[VAL] epoch=104 val_rec=0.007590 time_min=7.2
step=164200 rec=0.007892 dis=0.160503 adv=6.583153 lam=3.284e-05 accD=0.9062
step=164400 rec=0.008265 dis=0.164218 adv=6.110328 lam=3.288e-05 accD=0.9062
step=164600 rec=0.007997 dis=0.102951 adv=5.715332 lam=3.292e-05 accD=0.9688
step=164800 rec=0.006284 dis=0.122999 adv=5.696861 lam=3.296e-05 accD=0.9375
step=165000 rec=0.006951 dis=0.349719 adv=5.571276 lam=3.3e-05 accD=0.9062
step=165200 rec=0.008683 dis=0.046178 adv=5.724399 lam=3.304e-05 accD=1.0000
step=165400 rec=0.007240 dis=0.216911 adv=5.556731 lam=3.308e-05 accD=0.9062
[VAL] epoch=105 val_rec=0.007680 time_min=7.1
step=165600 rec=0.006913 dis=0.151255 adv=6.017715 lam=3.312e-05 accD=0.9375
step=165800 rec=0.006255 dis=0.164372 adv=5.342350 lam=3.316e-05 accD=0.9375
step=166000 rec=0.009304 dis=0.275328 adv=5.571410 lam=3.32e-05 accD=0.9375
step=166200 rec=0.008377 dis=0.159845 adv=6.162860 lam=3.324e-05 accD=0.9375
step=166400 rec=0.007834 dis=0.171816 adv=5.658450 lam=3.328e-05 accD=0.9062
step=166600 rec=0.006730 dis=0.167279 adv=5.473267 lam=3.332e-05 accD=0.9375
step=166800 rec=0.007376 dis=0.005177 adv=6.802588 lam=3.336e-05 accD=1.0000
step=167000 rec=0.008136 dis=0.189637 adv=5.583915 lam=3.34e-05 accD=0.9375
[VAL] epoch=106 val_rec=0.007814 time_min=7.1
step=167200 rec=0.008446 dis=0.161390 adv=6.325460 lam=3.344e-05 accD=0.9062
step=167400 rec=0.007808 dis=0.111260 adv=6.272260 lam=3.348e-05 accD=0.9688
step=167600 rec=0.008032 dis=0.104408 adv=5.378582 lam=3.352e-05 accD=0.9688
step=167800 rec=0.007943 dis=0.085210 adv=5.683402 lam=3.356e-05 accD=0.9688
step=168000 rec=0.008171 dis=0.270393 adv=6.092889 lam=3.36e-05 accD=0.9062
step=168200 rec=0.008580 dis=0.087078 adv=5.753118 lam=3.364e-05 accD=0.9688
step=168400 rec=0.008172 dis=0.117959 adv=6.029482 lam=3.368e-05 accD=0.9688
step=168600 rec=0.007996 dis=0.171489 adv=6.117976 lam=3.372e-05 accD=0.9062
[VAL] epoch=107 val_rec=0.007671 time_min=7.1
step=168800 rec=0.007039 dis=0.259282 adv=6.048591 lam=3.376e-05 accD=0.9375
step=169000 rec=0.008532 dis=0.095087 adv=5.673011 lam=3.38e-05 accD=0.9688
step=169200 rec=0.006596 dis=0.042940 adv=5.879745 lam=3.384e-05 accD=1.0000
step=169400 rec=0.006551 dis=0.256352 adv=5.912759 lam=3.388e-05 accD=0.8750
step=169600 rec=0.008792 dis=0.036316 adv=6.133301 lam=3.392e-05 accD=1.0000
step=169800 rec=0.007575 dis=0.023635 adv=5.867851 lam=3.396e-05 accD=1.0000
step=170000 rec=0.008786 dis=0.228288 adv=4.751829 lam=3.4e-05 accD=0.8750
step=170200 rec=0.007802 dis=0.110504 adv=5.655234 lam=3.404e-05 accD=0.9688
[VAL] epoch=108 val_rec=0.007864 time_min=7.1
step=170400 rec=0.007212 dis=0.116423 adv=4.565291 lam=3.408e-05 accD=0.9688
step=170600 rec=0.007725 dis=0.055808 adv=6.153645 lam=3.412e-05 accD=1.0000
step=170800 rec=0.008186 dis=0.161961 adv=5.789070 lam=3.416e-05 accD=0.9062
step=171000 rec=0.007044 dis=0.051727 adv=6.003284 lam=3.42e-05 accD=0.9688
step=171200 rec=0.008204 dis=0.101712 adv=5.796954 lam=3.424e-05 accD=0.9688
step=171400 rec=0.007307 dis=0.097813 adv=6.231950 lam=3.428e-05 accD=0.9688
step=171600 rec=0.007421 dis=0.149108 adv=5.026895 lam=3.432e-05 accD=0.9688
step=171800 rec=0.007698 dis=0.042543 adv=5.562441 lam=3.436e-05 accD=1.0000
[VAL] epoch=109 val_rec=0.007928 time_min=7.1
step=172000 rec=0.007784 dis=0.123089 adv=6.101625 lam=3.44e-05 accD=0.9375
step=172200 rec=0.007860 dis=0.296586 adv=6.152909 lam=3.444e-05 accD=0.8750
step=172400 rec=0.008132 dis=0.155086 adv=5.497353 lam=3.448e-05 accD=0.9062
step=172600 rec=0.006361 dis=0.098757 adv=6.321058 lam=3.452e-05 accD=0.9688
step=172800 rec=0.007624 dis=0.394065 adv=5.661657 lam=3.456e-05 accD=0.8750
step=173000 rec=0.007142 dis=0.193139 adv=5.593079 lam=3.46e-05 accD=0.9062
step=173200 rec=0.007463 dis=0.039613 adv=6.889216 lam=3.464e-05 accD=1.0000
[VAL] epoch=110 val_rec=0.007530 time_min=7.2
step=173400 rec=0.007933 dis=0.020411 adv=7.332452 lam=3.468e-05 accD=1.0000
step=173600 rec=0.007266 dis=0.039430 adv=5.990178 lam=3.472e-05 accD=1.0000
step=173800 rec=0.007299 dis=0.044020 adv=6.065512 lam=3.476e-05 accD=1.0000
step=174000 rec=0.007439 dis=0.072128 adv=6.092885 lam=3.48e-05 accD=1.0000
step=174200 rec=0.007216 dis=0.116705 adv=5.187999 lam=3.484e-05 accD=0.9375
step=174400 rec=0.008118 dis=0.377807 adv=5.487823 lam=3.488e-05 accD=0.8438
step=174600 rec=0.008063 dis=0.157127 adv=6.076784 lam=3.492e-05 accD=0.9375
step=174800 rec=0.008917 dis=0.180513 adv=6.250238 lam=3.496e-05 accD=0.9062
[VAL] epoch=111 val_rec=0.007402 time_min=7.2
step=175000 rec=0.007458 dis=0.099649 adv=6.137139 lam=3.5e-05 accD=0.9375
step=175200 rec=0.008657 dis=0.153111 adv=6.013192 lam=3.504e-05 accD=0.9062
step=175400 rec=0.007571 dis=0.051083 adv=6.486299 lam=3.508e-05 accD=1.0000
step=175600 rec=0.006841 dis=0.086827 adv=5.632595 lam=3.512e-05 accD=0.9688
step=175800 rec=0.007682 dis=0.110895 adv=5.462934 lam=3.516e-05 accD=0.9375
step=176000 rec=0.008123 dis=0.071123 adv=5.151055 lam=3.52e-05 accD=1.0000
step=176200 rec=0.008823 dis=0.077304 adv=5.192030 lam=3.524e-05 accD=0.9688
step=176400 rec=0.008823 dis=0.063052 adv=6.123473 lam=3.528e-05 accD=1.0000
[VAL] epoch=112 val_rec=0.007699 time_min=7.2
step=176600 rec=0.008859 dis=0.060141 adv=6.283631 lam=3.532e-05 accD=1.0000
step=176800 rec=0.010244 dis=0.064908 adv=5.883572 lam=3.536e-05 accD=0.9688
step=177000 rec=0.009504 dis=0.194410 adv=6.625386 lam=3.54e-05 accD=0.9375
step=177200 rec=0.009995 dis=0.179751 adv=6.798928 lam=3.544e-05 accD=0.9375
step=177400 rec=0.008044 dis=0.049811 adv=6.180682 lam=3.548e-05 accD=1.0000
step=177600 rec=0.008398 dis=0.610979 adv=5.414852 lam=3.552e-05 accD=0.7812
step=177800 rec=0.008790 dis=0.035053 adv=6.316560 lam=3.556e-05 accD=1.0000
step=178000 rec=0.006954 dis=0.071997 adv=6.566264 lam=3.56e-05 accD=0.9688
[VAL] epoch=113 val_rec=0.007385 time_min=7.1
step=178200 rec=0.007457 dis=0.112792 adv=5.670382 lam=3.564e-05 accD=0.9375
step=178400 rec=0.006944 dis=0.118118 adv=4.899038 lam=3.568e-05 accD=0.9375
step=178600 rec=0.007967 dis=0.103867 adv=5.384488 lam=3.572e-05 accD=0.9375
step=178800 rec=0.008624 dis=0.110355 adv=5.684087 lam=3.576e-05 accD=0.9062
step=179000 rec=0.007173 dis=0.139860 adv=6.649958 lam=3.58e-05 accD=0.9375
step=179200 rec=0.007262 dis=0.028444 adv=5.686746 lam=3.584e-05 accD=1.0000
step=179400 rec=0.007341 dis=0.284525 adv=5.616920 lam=3.588e-05 accD=0.8750
step=179600 rec=0.007082 dis=0.139379 adv=6.324923 lam=3.592e-05 accD=0.9375
[VAL] epoch=114 val_rec=0.007402 time_min=7.1
step=179800 rec=0.008026 dis=0.109453 adv=5.704935 lam=3.596e-05 accD=0.9688
step=180000 rec=0.007635 dis=0.146933 adv=5.894281 lam=3.6e-05 accD=0.8750
step=180200 rec=0.008099 dis=0.115650 adv=5.789383 lam=3.604e-05 accD=0.9688
step=180400 rec=0.006904 dis=0.246396 adv=5.583764 lam=3.608e-05 accD=0.9375
step=180600 rec=0.007713 dis=0.190666 adv=5.034436 lam=3.612e-05 accD=0.9062
step=180800 rec=0.008279 dis=0.051392 adv=6.303851 lam=3.616e-05 accD=1.0000
step=181000 rec=0.006398 dis=0.128138 adv=6.148293 lam=3.62e-05 accD=0.9688
[VAL] epoch=115 val_rec=0.007617 time_min=7.1
step=181200 rec=0.008852 dis=0.070295 adv=5.836999 lam=3.624e-05 accD=0.9688
step=181400 rec=0.007485 dis=0.085528 adv=5.097776 lam=3.628e-05 accD=0.9688
step=181600 rec=0.007452 dis=0.139349 adv=6.269916 lam=3.632e-05 accD=0.9375
step=181800 rec=0.008340 dis=0.058031 adv=5.924811 lam=3.636e-05 accD=1.0000
step=182000 rec=0.007344 dis=0.141576 adv=5.981184 lam=3.64e-05 accD=0.9375
step=182200 rec=0.008175 dis=0.080544 adv=5.739009 lam=3.644e-05 accD=0.9688
step=182400 rec=0.007478 dis=0.240783 adv=6.376310 lam=3.648e-05 accD=0.9375
step=182600 rec=0.008070 dis=0.201477 adv=6.121215 lam=3.652e-05 accD=0.9688
[VAL] epoch=116 val_rec=0.007650 time_min=7.2
step=182800 rec=0.008645 dis=0.127515 adv=5.063306 lam=3.656e-05 accD=0.9688
step=183000 rec=0.007616 dis=0.174730 adv=5.697129 lam=3.66e-05 accD=0.9375
step=183200 rec=0.008148 dis=0.155544 adv=5.647711 lam=3.664e-05 accD=0.9688
step=183400 rec=0.009821 dis=0.044456 adv=5.718710 lam=3.668e-05 accD=1.0000
step=183600 rec=0.007246 dis=0.198192 adv=5.805905 lam=3.672e-05 accD=0.9688
step=183800 rec=0.007823 dis=0.326842 adv=5.731820 lam=3.676e-05 accD=0.9062
step=184000 rec=0.008406 dis=0.209552 adv=6.343150 lam=3.68e-05 accD=0.9062
step=184200 rec=0.007347 dis=0.181261 adv=5.825670 lam=3.684e-05 accD=0.8750
[VAL] epoch=117 val_rec=0.007861 time_min=7.2
step=184400 rec=0.007882 dis=0.195630 adv=5.776578 lam=3.688e-05 accD=0.9062
step=184600 rec=0.007648 dis=0.043314 adv=6.603845 lam=3.692e-05 accD=1.0000
step=184800 rec=0.007483 dis=0.065785 adv=5.622563 lam=3.696e-05 accD=0.9688
step=185000 rec=0.007892 dis=0.161008 adv=6.721442 lam=3.7e-05 accD=0.9062
step=185200 rec=0.007569 dis=0.049611 adv=6.661195 lam=3.704e-05 accD=1.0000
step=185400 rec=0.006792 dis=0.058393 adv=6.260555 lam=3.708e-05 accD=0.9688
step=185600 rec=0.007140 dis=0.041796 adv=6.957765 lam=3.712e-05 accD=1.0000
step=185800 rec=0.007936 dis=0.151021 adv=6.060155 lam=3.716e-05 accD=0.9688
[VAL] epoch=118 val_rec=0.007453 time_min=7.1
step=186000 rec=0.007667 dis=0.096420 adv=5.521008 lam=3.72e-05 accD=0.9375
step=186200 rec=0.009075 dis=0.102705 adv=6.703126 lam=3.724e-05 accD=0.9375
step=186400 rec=0.007081 dis=0.043378 adv=6.320891 lam=3.728e-05 accD=1.0000
step=186600 rec=0.007670 dis=0.301562 adv=4.546282 lam=3.732e-05 accD=0.9375
step=186800 rec=0.007932 dis=0.136572 adv=6.296594 lam=3.736e-05 accD=0.9375
step=187000 rec=0.008028 dis=0.190809 adv=6.281290 lam=3.74e-05 accD=0.9062
step=187200 rec=0.008189 dis=0.084055 adv=5.822275 lam=3.744e-05 accD=0.9688
step=187400 rec=0.007414 dis=0.181958 adv=5.667356 lam=3.748e-05 accD=0.9062
[VAL] epoch=119 val_rec=0.007494 time_min=7.1
step=187600 rec=0.008557 dis=0.061432 adv=6.621253 lam=3.752e-05 accD=1.0000
step=187800 rec=0.007403 dis=0.087763 adv=6.461709 lam=3.756e-05 accD=0.9688
step=188000 rec=0.007358 dis=0.092601 adv=6.546089 lam=3.76e-05 accD=0.9688
step=188200 rec=0.007347 dis=0.129011 adv=5.308038 lam=3.764e-05 accD=0.9375
step=188400 rec=0.006879 dis=0.152304 adv=6.428139 lam=3.768e-05 accD=0.9062
step=188600 rec=0.007244 dis=0.125833 adv=5.627769 lam=3.772e-05 accD=0.8750
step=188800 rec=0.007951 dis=0.173250 adv=5.159997 lam=3.776e-05 accD=0.9375
step=189000 rec=0.006600 dis=0.074055 adv=6.650828 lam=3.78e-05 accD=0.9688
[VAL] epoch=120 val_rec=0.008002 time_min=7.1
step=189200 rec=0.007649 dis=0.186664 adv=6.004781 lam=3.784e-05 accD=0.9688
step=189400 rec=0.008068 dis=0.137356 adv=6.489450 lam=3.788e-05 accD=0.9062
step=189600 rec=0.007556 dis=0.042337 adv=5.975153 lam=3.792e-05 accD=1.0000
step=189800 rec=0.009265 dis=0.049822 adv=5.718427 lam=3.796e-05 accD=1.0000
step=190000 rec=0.007139 dis=0.037905 adv=6.527222 lam=3.8e-05 accD=0.9688
step=190200 rec=0.008789 dis=0.135350 adv=6.089436 lam=3.804e-05 accD=0.9062
step=190400 rec=0.007480 dis=0.250286 adv=6.011109 lam=3.808e-05 accD=0.9062
[VAL] epoch=121 val_rec=0.007574 time_min=7.2
step=190600 rec=0.006984 dis=0.110812 adv=6.472534 lam=3.812e-05 accD=0.9688
step=190800 rec=0.006715 dis=0.278048 adv=5.962577 lam=3.816e-05 accD=0.9062
step=191000 rec=0.007474 dis=0.081967 adv=6.466023 lam=3.82e-05 accD=0.9688
step=191200 rec=0.006927 dis=0.120165 adv=6.402720 lam=3.824e-05 accD=0.9688
step=191400 rec=0.007759 dis=0.153419 adv=5.709795 lam=3.828e-05 accD=0.9375
step=191600 rec=0.007959 dis=0.107914 adv=5.918109 lam=3.832e-05 accD=0.9375
step=191800 rec=0.006797 dis=0.137130 adv=5.400317 lam=3.836e-05 accD=0.9375
step=192000 rec=0.007469 dis=0.027610 adv=5.882076 lam=3.84e-05 accD=1.0000
[VAL] epoch=122 val_rec=0.007422 time_min=7.1
step=192200 rec=0.006326 dis=0.085938 adv=5.456708 lam=3.844e-05 accD=0.9375
step=192400 rec=0.006620 dis=0.035033 adv=6.203176 lam=3.848e-05 accD=1.0000
step=192600 rec=0.008167 dis=0.079305 adv=5.749761 lam=3.852e-05 accD=1.0000
step=192800 rec=0.006382 dis=0.016169 adv=6.486834 lam=3.856e-05 accD=1.0000
step=193000 rec=0.008213 dis=0.075348 adv=4.901998 lam=3.86e-05 accD=1.0000
step=193200 rec=0.007886 dis=0.124563 adv=5.666537 lam=3.864e-05 accD=0.9375
step=193400 rec=0.007607 dis=0.038491 adv=5.899384 lam=3.868e-05 accD=1.0000
step=193600 rec=0.008204 dis=0.059962 adv=5.710150 lam=3.872e-05 accD=0.9688
[VAL] epoch=123 val_rec=0.007465 time_min=7.1
step=193800 rec=0.006845 dis=0.193520 adv=5.733412 lam=3.876e-05 accD=0.9062
step=194000 rec=0.007089 dis=0.101859 adv=5.987933 lam=3.88e-05 accD=0.9688
step=194200 rec=0.007174 dis=0.082864 adv=5.434413 lam=3.884e-05 accD=0.9688
step=194400 rec=0.007306 dis=0.107075 adv=5.780954 lam=3.888e-05 accD=0.9688
step=194600 rec=0.008075 dis=0.193832 adv=5.296288 lam=3.892e-05 accD=0.9375
step=194800 rec=0.006713 dis=0.089546 adv=6.535038 lam=3.896e-05 accD=0.9688
step=195000 rec=0.008830 dis=0.321814 adv=6.585975 lam=3.9e-05 accD=0.8438
step=195200 rec=0.008295 dis=0.105446 adv=6.145964 lam=3.904e-05 accD=0.9688
[VAL] epoch=124 val_rec=0.007429 time_min=7.2
step=195400 rec=0.007919 dis=0.064282 adv=5.966291 lam=3.908e-05 accD=1.0000
step=195600 rec=0.007292 dis=0.262673 adv=5.057755 lam=3.912e-05 accD=0.8750
step=195800 rec=0.009018 dis=0.077580 adv=5.705870 lam=3.916e-05 accD=0.9688
step=196000 rec=0.008840 dis=0.072176 adv=5.939435 lam=3.92e-05 accD=1.0000
step=196200 rec=0.006869 dis=0.089574 adv=6.083019 lam=3.924e-05 accD=0.9062
step=196400 rec=0.007544 dis=0.197399 adv=5.978513 lam=3.928e-05 accD=0.9375
step=196600 rec=0.007917 dis=0.052565 adv=5.852717 lam=3.932e-05 accD=1.0000
step=196800 rec=0.006999 dis=0.133968 adv=5.665373 lam=3.936e-05 accD=0.9062
[VAL] epoch=125 val_rec=0.007389 time_min=7.5
step=197000 rec=0.008239 dis=0.128991 adv=5.748345 lam=3.94e-05 accD=0.9062
step=197200 rec=0.008129 dis=0.168280 adv=5.903672 lam=3.944e-05 accD=0.9375
step=197400 rec=0.007465 dis=0.101030 adv=5.162568 lam=3.948e-05 accD=0.9375
step=197600 rec=0.007436 dis=0.138557 adv=5.788199 lam=3.952e-05 accD=0.9688
step=197800 rec=0.008938 dis=0.073436 adv=5.520808 lam=3.956e-05 accD=1.0000
step=198000 rec=0.007438 dis=0.047801 adv=6.504589 lam=3.96e-05 accD=0.9688
step=198200 rec=0.006888 dis=0.084184 adv=6.256838 lam=3.964e-05 accD=0.9688
[VAL] epoch=126 val_rec=0.007274 time_min=7.4
step=198400 rec=0.007828 dis=0.108937 adv=5.892996 lam=3.968e-05 accD=0.9375
step=198600 rec=0.008180 dis=0.124527 adv=5.997418 lam=3.972e-05 accD=0.9688
step=198800 rec=0.008401 dis=0.291404 adv=5.287132 lam=3.976e-05 accD=0.9375
step=199000 rec=0.006542 dis=0.094622 adv=5.400599 lam=3.98e-05 accD=0.9375
step=199200 rec=0.007465 dis=0.214184 adv=6.322147 lam=3.984e-05 accD=0.8750
step=199400 rec=0.007313 dis=0.227912 adv=5.949582 lam=3.988e-05 accD=0.8750
step=199600 rec=0.008824 dis=0.207302 adv=5.818931 lam=3.992e-05 accD=0.9375
step=199800 rec=0.007855 dis=0.102871 adv=5.841061 lam=3.996e-05 accD=0.9688
[VAL] epoch=127 val_rec=0.007587 time_min=7.7
step=200000 rec=0.008111 dis=0.124552 adv=6.366637 lam=4e-05 accD=0.9375
step=200200 rec=0.007524 dis=0.117894 adv=5.647808 lam=4.004e-05 accD=0.9375
step=200400 rec=0.007759 dis=0.118003 adv=5.300797 lam=4.008e-05 accD=0.9375
step=200600 rec=0.007720 dis=0.072703 adv=6.174726 lam=4.012e-05 accD=0.9688
step=200800 rec=0.006748 dis=0.104128 adv=6.154559 lam=4.016e-05 accD=0.9375
step=201000 rec=0.007779 dis=0.284492 adv=5.928204 lam=4.02e-05 accD=0.9375
step=201200 rec=0.007427 dis=0.196493 adv=6.517720 lam=4.024e-05 accD=0.9688
step=201400 rec=0.007807 dis=0.122437 adv=5.600762 lam=4.028e-05 accD=0.9062
[VAL] epoch=128 val_rec=0.007243 time_min=7.8
step=201600 rec=0.006537 dis=0.058824 adv=5.345294 lam=4.032e-05 accD=0.9688
step=201800 rec=0.006649 dis=0.193330 adv=6.623391 lam=4.036e-05 accD=0.8750
step=202000 rec=0.007282 dis=0.063521 adv=5.238205 lam=4.04e-05 accD=1.0000
step=202200 rec=0.008226 dis=0.028286 adv=6.161788 lam=4.044e-05 accD=1.0000
step=202400 rec=0.006911 dis=0.184022 adv=5.823319 lam=4.048e-05 accD=0.8750
step=202600 rec=0.007531 dis=0.056201 adv=6.490235 lam=4.052e-05 accD=0.9688
step=202800 rec=0.007227 dis=0.166192 adv=5.417988 lam=4.056e-05 accD=0.9062
step=203000 rec=0.006858 dis=0.192988 adv=6.319233 lam=4.06e-05 accD=0.8750
[VAL] epoch=129 val_rec=0.007420 time_min=7.7
step=203200 rec=0.008132 dis=0.171855 adv=5.879609 lam=4.064e-05 accD=0.9062
step=203400 rec=0.007337 dis=0.443261 adv=5.698845 lam=4.068e-05 accD=0.8438
step=203600 rec=0.008046 dis=0.121067 adv=5.854247 lam=4.072e-05 accD=0.9375
step=203800 rec=0.008025 dis=0.320347 adv=6.242597 lam=4.076e-05 accD=0.8438
step=204000 rec=0.007181 dis=0.255208 adv=5.821217 lam=4.08e-05 accD=0.9062
step=204200 rec=0.005628 dis=0.107745 adv=6.163538 lam=4.084e-05 accD=0.9375
step=204400 rec=0.007061 dis=0.028136 adv=5.923404 lam=4.088e-05 accD=1.0000
step=204600 rec=0.007237 dis=0.095711 adv=5.950579 lam=4.092e-05 accD=0.9688
[VAL] epoch=130 val_rec=0.007253 time_min=7.7
step=204800 rec=0.007413 dis=0.119339 adv=5.504323 lam=4.096e-05 accD=0.9688
step=205000 rec=0.008241 dis=0.131344 adv=5.881962 lam=4.1e-05 accD=0.9375
step=205200 rec=0.006816 dis=0.180023 adv=5.608490 lam=4.104e-05 accD=0.9375
step=205400 rec=0.008414 dis=0.068911 adv=5.995974 lam=4.108e-05 accD=0.9688
step=205600 rec=0.007364 dis=0.095796 adv=5.158278 lam=4.112e-05 accD=0.9375
step=205800 rec=0.007535 dis=0.176797 adv=5.710452 lam=4.116e-05 accD=0.9062
step=206000 rec=0.007805 dis=0.078962 adv=5.965657 lam=4.12e-05 accD=0.9375
[VAL] epoch=131 val_rec=0.007463 time_min=7.7
step=206200 rec=0.007747 dis=0.154614 adv=6.521460 lam=4.124e-05 accD=0.9688
step=206400 rec=0.007864 dis=0.073641 adv=6.302255 lam=4.128e-05 accD=0.9688
step=206600 rec=0.007301 dis=0.320991 adv=5.093676 lam=4.132e-05 accD=0.8750
step=206800 rec=0.006931 dis=0.061210 adv=6.195377 lam=4.136e-05 accD=0.9688
step=207000 rec=0.007121 dis=0.199911 adv=5.738676 lam=4.14e-05 accD=0.9062
step=207200 rec=0.006857 dis=0.076812 adv=5.716549 lam=4.144e-05 accD=1.0000
step=207400 rec=0.006568 dis=0.157098 adv=5.977638 lam=4.148e-05 accD=0.9062
step=207600 rec=0.008019 dis=0.176422 adv=5.656062 lam=4.152e-05 accD=0.9375
[VAL] epoch=132 val_rec=0.007437 time_min=7.7
step=207800 rec=0.007895 dis=0.037221 adv=6.014960 lam=4.156e-05 accD=1.0000
step=208000 rec=0.008022 dis=0.104038 adv=5.807180 lam=4.16e-05 accD=0.9688
step=208200 rec=0.007242 dis=0.056672 adv=5.956715 lam=4.164e-05 accD=0.9688
step=208400 rec=0.009413 dis=0.097077 adv=5.227799 lam=4.168e-05 accD=0.9688
step=208600 rec=0.007243 dis=0.092067 adv=5.701925 lam=4.172e-05 accD=0.9688
step=208800 rec=0.008086 dis=0.116895 adv=5.385907 lam=4.176e-05 accD=0.9688
step=209000 rec=0.007833 dis=0.072661 adv=6.539557 lam=4.18e-05 accD=0.9375
step=209200 rec=0.006635 dis=0.144987 adv=5.734081 lam=4.184e-05 accD=0.9375
[VAL] epoch=133 val_rec=0.007165 time_min=7.6
step=209400 rec=0.008479 dis=0.343668 adv=5.819255 lam=4.188e-05 accD=0.9062
step=209600 rec=0.007083 dis=0.081591 adv=6.576747 lam=4.192e-05 accD=0.9688
step=209800 rec=0.008475 dis=0.081421 adv=6.174407 lam=4.196e-05 accD=0.9688
step=210000 rec=0.008134 dis=0.448211 adv=6.720856 lam=4.2e-05 accD=0.8750
step=210200 rec=0.008141 dis=0.160587 adv=5.770452 lam=4.204e-05 accD=0.9375
step=210400 rec=0.007997 dis=0.114555 adv=6.639793 lam=4.208e-05 accD=0.9375
step=210600 rec=0.007009 dis=0.188825 adv=6.507622 lam=4.212e-05 accD=0.9688
step=210800 rec=0.007553 dis=0.042929 adv=6.577903 lam=4.216e-05 accD=0.9688
[VAL] epoch=134 val_rec=0.007425 time_min=7.7
step=211000 rec=0.006537 dis=0.113199 adv=6.014234 lam=4.22e-05 accD=0.9375
step=211200 rec=0.007607 dis=0.212639 adv=5.726500 lam=4.224e-05 accD=0.8750
step=211400 rec=0.008159 dis=0.164053 adv=5.417326 lam=4.228e-05 accD=0.9062
step=211600 rec=0.007955 dis=0.154589 adv=5.842678 lam=4.232e-05 accD=0.9375
step=211800 rec=0.008574 dis=0.118993 adv=5.323077 lam=4.236e-05 accD=0.9375
step=212000 rec=0.007015 dis=0.110037 adv=5.734958 lam=4.24e-05 accD=0.9375
step=212200 rec=0.007845 dis=0.227122 adv=6.439868 lam=4.244e-05 accD=0.9062
step=212400 rec=0.008458 dis=0.132517 adv=5.604883 lam=4.248e-05 accD=0.9688
[VAL] epoch=135 val_rec=0.007437 time_min=8.0
step=212600 rec=0.007979 dis=0.099767 adv=6.080741 lam=4.252e-05 accD=0.9688
step=212800 rec=0.007250 dis=0.058514 adv=5.855710 lam=4.256e-05 accD=0.9688
step=213000 rec=0.008086 dis=0.056826 adv=6.263967 lam=4.26e-05 accD=0.9688
step=213200 rec=0.007622 dis=0.182614 adv=6.077919 lam=4.264e-05 accD=0.9062
step=213400 rec=0.006879 dis=0.055628 adv=6.327557 lam=4.268e-05 accD=0.9688
step=213600 rec=0.008395 dis=0.093338 adv=5.961373 lam=4.272e-05 accD=0.9688
step=213800 rec=0.006609 dis=0.263811 adv=7.171070 lam=4.276e-05 accD=0.9062
[VAL] epoch=136 val_rec=0.007298 time_min=7.9
step=214000 rec=0.007698 dis=0.077690 adv=5.641010 lam=4.28e-05 accD=1.0000
step=214200 rec=0.007381 dis=0.102462 adv=5.039525 lam=4.284e-05 accD=0.9688
step=214400 rec=0.007149 dis=0.166552 adv=5.441418 lam=4.288e-05 accD=0.9375
step=214600 rec=0.006905 dis=0.098448 adv=6.116019 lam=4.292e-05 accD=0.9688
step=214800 rec=0.006596 dis=0.061541 adv=5.519836 lam=4.296e-05 accD=1.0000
step=215000 rec=0.006807 dis=0.125865 adv=6.466109 lam=4.3e-05 accD=0.9688
step=215200 rec=0.006606 dis=0.100228 adv=6.421957 lam=4.304e-05 accD=0.9688
step=215400 rec=0.007705 dis=0.096033 adv=5.764149 lam=4.308e-05 accD=0.9688
[VAL] epoch=137 val_rec=0.007209 time_min=7.6
step=215600 rec=0.007376 dis=0.194786 adv=5.401493 lam=4.312e-05 accD=0.8750
step=215800 rec=0.009333 dis=0.019452 adv=7.022203 lam=4.316e-05 accD=1.0000
step=216000 rec=0.007178 dis=0.025281 adv=6.740063 lam=4.32e-05 accD=1.0000
step=216200 rec=0.007176 dis=0.027168 adv=6.406622 lam=4.324e-05 accD=1.0000
step=216400 rec=0.007553 dis=0.160295 adv=5.474751 lam=4.328e-05 accD=0.9375
step=216600 rec=0.008283 dis=0.043270 adv=5.197810 lam=4.332e-05 accD=1.0000
step=216800 rec=0.007272 dis=0.070369 adv=6.058178 lam=4.336e-05 accD=1.0000
step=217000 rec=0.007517 dis=0.186664 adv=5.428315 lam=4.34e-05 accD=0.9062
[VAL] epoch=138 val_rec=0.007180 time_min=7.4
step=217200 rec=0.007015 dis=0.326521 adv=5.110762 lam=4.344e-05 accD=0.8750
step=217400 rec=0.009646 dis=0.287139 adv=6.658061 lam=4.348e-05 accD=0.9375
step=217600 rec=0.006239 dis=0.139252 adv=5.408208 lam=4.352e-05 accD=0.9688
step=217800 rec=0.007345 dis=0.040302 adv=6.077258 lam=4.356e-05 accD=1.0000
step=218000 rec=0.007993 dis=0.229451 adv=6.086540 lam=4.36e-05 accD=0.9062
step=218200 rec=0.006974 dis=0.142969 adv=5.774586 lam=4.364e-05 accD=0.9062
step=218400 rec=0.007035 dis=0.206598 adv=5.313010 lam=4.368e-05 accD=0.8750
step=218600 rec=0.007301 dis=0.243424 adv=6.156565 lam=4.372e-05 accD=0.9062
[VAL] epoch=139 val_rec=0.007411 time_min=7.4
step=218800 rec=0.006941 dis=0.082914 adv=5.729833 lam=4.376e-05 accD=0.9375
step=219000 rec=0.007292 dis=0.117201 adv=5.691574 lam=4.38e-05 accD=0.9375
step=219200 rec=0.007532 dis=0.041520 adv=6.308989 lam=4.384e-05 accD=1.0000
step=219400 rec=0.007226 dis=0.070886 adv=6.281263 lam=4.388e-05 accD=0.9688
step=219600 rec=0.008006 dis=0.067444 adv=5.747746 lam=4.392e-05 accD=1.0000
step=219800 rec=0.007586 dis=0.071252 adv=6.899811 lam=4.396e-05 accD=0.9375
step=220000 rec=0.006909 dis=0.065539 adv=5.543568 lam=4.4e-05 accD=0.9688
step=220200 rec=0.007835 dis=0.119102 adv=5.649279 lam=4.404e-05 accD=0.9375
[VAL] epoch=140 val_rec=0.007203 time_min=7.5
step=220400 rec=0.007274 dis=0.153697 adv=6.704114 lam=4.408e-05 accD=0.9375
step=220600 rec=0.007041 dis=0.069705 adv=5.741969 lam=4.412e-05 accD=1.0000
step=220800 rec=0.007354 dis=0.039719 adv=5.862371 lam=4.416e-05 accD=1.0000
step=221000 rec=0.006584 dis=0.029100 adv=5.789026 lam=4.42e-05 accD=1.0000
step=221200 rec=0.008798 dis=0.187245 adv=5.584588 lam=4.424e-05 accD=0.9062
step=221400 rec=0.008105 dis=0.142617 adv=6.478067 lam=4.428e-05 accD=0.9688
step=221600 rec=0.007751 dis=0.088731 adv=6.329964 lam=4.432e-05 accD=0.9688
step=221800 rec=0.007997 dis=0.093431 adv=5.861171 lam=4.436e-05 accD=0.9688
[VAL] epoch=141 val_rec=0.007253 time_min=7.8
step=222000 rec=0.007202 dis=0.097068 adv=6.321390 lam=4.44e-05 accD=0.9375
step=222200 rec=0.007483 dis=0.051071 adv=5.558015 lam=4.444e-05 accD=1.0000
step=222400 rec=0.006375 dis=0.019985 adv=6.119491 lam=4.448e-05 accD=1.0000
step=222600 rec=0.007010 dis=0.062874 adv=6.901996 lam=4.452e-05 accD=1.0000
step=222800 rec=0.006805 dis=0.241563 adv=5.197954 lam=4.456e-05 accD=0.9375
step=223000 rec=0.007955 dis=0.175393 adv=5.792591 lam=4.46e-05 accD=0.9375
step=223200 rec=0.007395 dis=0.091376 adv=5.694295 lam=4.464e-05 accD=0.9688
[VAL] epoch=142 val_rec=0.007395 time_min=7.8
step=223400 rec=0.006351 dis=0.063682 adv=6.380153 lam=4.468e-05 accD=0.9688
step=223600 rec=0.008112 dis=0.064887 adv=6.440936 lam=4.472e-05 accD=0.9688
step=223800 rec=0.007598 dis=0.088842 adv=6.312628 lam=4.476e-05 accD=0.9688
step=224000 rec=0.009038 dis=0.056609 adv=5.875042 lam=4.48e-05 accD=1.0000
step=224200 rec=0.007857 dis=0.202552 adv=6.188940 lam=4.484e-05 accD=0.8750
step=224400 rec=0.006616 dis=0.037651 adv=6.603804 lam=4.488e-05 accD=1.0000
step=224600 rec=0.008631 dis=0.064129 adv=5.571505 lam=4.492e-05 accD=1.0000
step=224800 rec=0.007619 dis=0.284486 adv=6.528337 lam=4.496e-05 accD=0.8750
[VAL] epoch=143 val_rec=0.007236 time_min=7.9
step=225000 rec=0.007816 dis=0.105248 adv=5.955824 lam=4.5e-05 accD=0.9375
step=225200 rec=0.009050 dis=0.095800 adv=5.322413 lam=4.504e-05 accD=0.9688
step=225400 rec=0.007573 dis=0.047021 adv=5.230549 lam=4.508e-05 accD=1.0000
step=225600 rec=0.006597 dis=0.026029 adv=6.376357 lam=4.512e-05 accD=1.0000
step=225800 rec=0.007718 dis=0.195903 adv=6.018384 lam=4.516e-05 accD=0.9375
step=226000 rec=0.007367 dis=0.056843 adv=6.348630 lam=4.52e-05 accD=0.9688
step=226200 rec=0.007052 dis=0.103472 adv=5.327349 lam=4.524e-05 accD=0.9688
step=226400 rec=0.008261 dis=0.073818 adv=6.615766 lam=4.528e-05 accD=1.0000
[VAL] epoch=144 val_rec=0.007532 time_min=8.1
step=226600 rec=0.009287 dis=0.047974 adv=6.995020 lam=4.532e-05 accD=1.0000
step=226800 rec=0.006632 dis=0.163696 adv=5.589127 lam=4.536e-05 accD=0.9375
step=227000 rec=0.009571 dis=0.117152 adv=6.108273 lam=4.54e-05 accD=0.9375
step=227200 rec=0.009452 dis=0.099687 adv=5.706959 lam=4.544e-05 accD=1.0000
step=227400 rec=0.006630 dis=0.107446 adv=7.184597 lam=4.548e-05 accD=0.9375
step=227600 rec=0.008222 dis=0.113956 adv=5.406818 lam=4.552e-05 accD=0.9375
step=227800 rec=0.008256 dis=0.094786 adv=5.901175 lam=4.556e-05 accD=0.9688
step=228000 rec=0.008002 dis=0.053546 adv=6.546255 lam=4.56e-05 accD=1.0000
[VAL] epoch=145 val_rec=0.007600 time_min=8.6
step=228200 rec=0.006452 dis=0.227774 adv=6.480246 lam=4.564e-05 accD=0.9375
step=228400 rec=0.008083 dis=0.104708 adv=6.277280 lam=4.568e-05 accD=0.9375
step=228600 rec=0.006959 dis=0.176227 adv=6.191492 lam=4.572e-05 accD=0.8750
step=228800 rec=0.009187 dis=0.166329 adv=6.287908 lam=4.576e-05 accD=0.9375
step=229000 rec=0.007756 dis=0.119740 adv=6.806885 lam=4.58e-05 accD=0.9375
step=229200 rec=0.007215 dis=0.023979 adv=6.452868 lam=4.584e-05 accD=1.0000
step=229400 rec=0.008478 dis=0.175668 adv=5.271596 lam=4.588e-05 accD=0.9062
step=229600 rec=0.006480 dis=0.152905 adv=5.777848 lam=4.592e-05 accD=0.9375
[VAL] epoch=146 val_rec=0.007250 time_min=7.6
step=229800 rec=0.009305 dis=0.288155 adv=5.838560 lam=4.596e-05 accD=0.8125
step=230000 rec=0.008294 dis=0.104409 adv=6.117968 lam=4.6e-05 accD=0.9375
step=230200 rec=0.007056 dis=0.110454 adv=5.419703 lam=4.604e-05 accD=0.9688
step=230400 rec=0.007420 dis=0.108219 adv=5.075525 lam=4.608e-05 accD=0.9375
step=230600 rec=0.006777 dis=0.087016 adv=5.899987 lam=4.612e-05 accD=0.9688
step=230800 rec=0.008205 dis=0.086159 adv=6.114477 lam=4.616e-05 accD=0.9688
step=231000 rec=0.006650 dis=0.065574 adv=6.162631 lam=4.62e-05 accD=1.0000
[VAL] epoch=147 val_rec=0.007578 time_min=7.5
step=231200 rec=0.007089 dis=0.326925 adv=5.768036 lam=4.624e-05 accD=0.8750
step=231400 rec=0.006893 dis=0.032962 adv=6.017182 lam=4.628e-05 accD=1.0000
step=231600 rec=0.007784 dis=0.021061 adv=5.980752 lam=4.632e-05 accD=1.0000
step=231800 rec=0.006401 dis=0.117627 adv=5.578293 lam=4.636e-05 accD=0.9688
step=232000 rec=0.006950 dis=0.072308 adv=6.564245 lam=4.64e-05 accD=0.9688
step=232200 rec=0.006366 dis=0.133814 adv=5.614622 lam=4.644e-05 accD=0.9375
step=232400 rec=0.007616 dis=0.139389 adv=5.349042 lam=4.648e-05 accD=0.9375
step=232600 rec=0.007035 dis=0.141218 adv=5.297265 lam=4.652e-05 accD=0.9062
[VAL] epoch=148 val_rec=0.007341 time_min=7.7
step=232800 rec=0.007174 dis=0.125128 adv=6.383340 lam=4.656e-05 accD=0.9375
step=233000 rec=0.007130 dis=0.198944 adv=5.643116 lam=4.66e-05 accD=0.8750
step=233200 rec=0.007934 dis=0.103495 adv=6.187662 lam=4.664e-05 accD=0.9375
step=233400 rec=0.006565 dis=0.271062 adv=5.732953 lam=4.668e-05 accD=0.9375
step=233600 rec=0.006255 dis=0.065463 adv=5.843323 lam=4.672e-05 accD=0.9688
step=233800 rec=0.007076 dis=0.162830 adv=5.421192 lam=4.676e-05 accD=0.9375
step=234000 rec=0.007216 dis=0.030834 adv=5.434937 lam=4.68e-05 accD=1.0000
step=234200 rec=0.007794 dis=0.123531 adv=6.179924 lam=4.684e-05 accD=0.9688
[VAL] epoch=149 val_rec=0.007048 time_min=7.6
step=234400 rec=0.007967 dis=0.047060 adv=5.673752 lam=4.688e-05 accD=0.9688
step=234600 rec=0.007607 dis=0.220402 adv=5.053651 lam=4.692e-05 accD=0.9062
step=234800 rec=0.007412 dis=0.090957 adv=5.627088 lam=4.696e-05 accD=0.9688
step=235000 rec=0.007839 dis=0.121373 adv=5.088295 lam=4.7e-05 accD=0.9375
step=235200 rec=0.007794 dis=0.078785 adv=6.560014 lam=4.704e-05 accD=0.9688
step=235400 rec=0.008054 dis=0.042651 adv=5.769829 lam=4.708e-05 accD=1.0000
step=235600 rec=0.007268 dis=0.128862 adv=5.621871 lam=4.712e-05 accD=0.9688
step=235800 rec=0.006935 dis=0.283325 adv=5.496306 lam=4.716e-05 accD=0.9375
[VAL] epoch=150 val_rec=0.007776 time_min=7.5
step=236000 rec=0.006734 dis=0.163320 adv=5.034287 lam=4.72e-05 accD=0.9375
step=236200 rec=0.008287 dis=0.138780 adv=6.563043 lam=4.724e-05 accD=0.9062
step=236400 rec=0.006553 dis=0.122633 adv=6.526305 lam=4.728e-05 accD=0.9688
step=236600 rec=0.007367 dis=0.182548 adv=6.046871 lam=4.732e-05 accD=0.9375
step=236800 rec=0.007293 dis=0.135869 adv=5.784599 lam=4.736e-05 accD=0.9375
step=237000 rec=0.006934 dis=0.147814 adv=6.462906 lam=4.74e-05 accD=0.9375
step=237200 rec=0.007260 dis=0.022726 adv=6.736325 lam=4.744e-05 accD=1.0000
step=237400 rec=0.007575 dis=0.151766 adv=5.919574 lam=4.748e-05 accD=0.9375
[VAL] epoch=151 val_rec=0.007215 time_min=7.6
step=237600 rec=0.006677 dis=0.174178 adv=6.317522 lam=4.752e-05 accD=0.8750
step=237800 rec=0.008076 dis=0.117486 adv=6.938777 lam=4.756e-05 accD=0.9375
step=238000 rec=0.008190 dis=0.132178 adv=6.228809 lam=4.76e-05 accD=0.9062
step=238200 rec=0.006508 dis=0.187183 adv=5.474406 lam=4.764e-05 accD=0.9062
step=238400 rec=0.007326 dis=0.143535 adv=6.441289 lam=4.768e-05 accD=0.9375
step=238600 rec=0.006889 dis=0.218017 adv=6.370712 lam=4.772e-05 accD=0.8750
step=238800 rec=0.008057 dis=0.031671 adv=6.515948 lam=4.776e-05 accD=1.0000
[VAL] epoch=152 val_rec=0.007201 time_min=7.6
step=239000 rec=0.008094 dis=0.175498 adv=5.572713 lam=4.78e-05 accD=0.9375
step=239200 rec=0.008675 dis=0.369681 adv=6.681874 lam=4.784e-05 accD=0.8750
step=239400 rec=0.006689 dis=0.164540 adv=6.243944 lam=4.788e-05 accD=0.9688
step=239600 rec=0.007192 dis=0.038579 adv=6.059474 lam=4.792e-05 accD=1.0000
step=239800 rec=0.007688 dis=0.062281 adv=5.315845 lam=4.796e-05 accD=1.0000
step=240000 rec=0.006850 dis=0.382873 adv=6.258463 lam=4.8e-05 accD=0.9062
step=240200 rec=0.008310 dis=0.114028 adv=6.651023 lam=4.804e-05 accD=0.9375
step=240400 rec=0.007112 dis=0.125272 adv=6.767171 lam=4.808e-05 accD=0.9688
[VAL] epoch=153 val_rec=0.007017 time_min=7.7
step=240600 rec=0.007143 dis=0.046626 adv=7.595519 lam=4.812e-05 accD=1.0000
step=240800 rec=0.008523 dis=0.127333 adv=6.099534 lam=4.816e-05 accD=0.9062
step=241000 rec=0.007057 dis=0.168016 adv=6.015584 lam=4.82e-05 accD=0.9062
step=241200 rec=0.007736 dis=0.117587 adv=6.834292 lam=4.824e-05 accD=0.9375
step=241400 rec=0.006641 dis=0.058179 adv=6.525087 lam=4.828e-05 accD=0.9688
step=241600 rec=0.008934 dis=0.032333 adv=6.464000 lam=4.832e-05 accD=1.0000
step=241800 rec=0.008576 dis=0.123078 adv=6.027185 lam=4.836e-05 accD=0.9375
step=242000 rec=0.006956 dis=0.067121 adv=6.078578 lam=4.84e-05 accD=1.0000
[VAL] epoch=154 val_rec=0.007266 time_min=7.7
step=242200 rec=0.007996 dis=0.134659 adv=5.836406 lam=4.844e-05 accD=0.9688
step=242400 rec=0.007549 dis=0.130854 adv=5.627698 lam=4.848e-05 accD=0.9375
step=242600 rec=0.007053 dis=0.208162 adv=6.103891 lam=4.852e-05 accD=0.9375
step=242800 rec=0.006451 dis=0.024105 adv=5.797467 lam=4.856e-05 accD=1.0000
step=243000 rec=0.008385 dis=0.122735 adv=6.297350 lam=4.86e-05 accD=0.9688
step=243200 rec=0.007062 dis=0.070282 adv=5.521497 lam=4.864e-05 accD=0.9688
step=243400 rec=0.008156 dis=0.075634 adv=5.853997 lam=4.868e-05 accD=0.9688
step=243600 rec=0.006499 dis=0.218305 adv=5.630317 lam=4.872e-05 accD=0.8438
[VAL] epoch=155 val_rec=0.007031 time_min=7.7
step=243800 rec=0.007434 dis=0.069015 adv=5.904685 lam=4.876e-05 accD=0.9688
step=244000 rec=0.007326 dis=0.068470 adv=5.615014 lam=4.88e-05 accD=0.9688
step=244200 rec=0.006844 dis=0.179408 adv=5.564862 lam=4.884e-05 accD=0.9062
step=244400 rec=0.008649 dis=0.042900 adv=7.022264 lam=4.888e-05 accD=1.0000
step=244600 rec=0.007132 dis=0.148548 adv=5.999239 lam=4.892e-05 accD=0.9375
step=244800 rec=0.008075 dis=0.076480 adv=6.107311 lam=4.896e-05 accD=1.0000
step=245000 rec=0.007543 dis=0.039487 adv=6.702970 lam=4.9e-05 accD=1.0000
step=245200 rec=0.006794 dis=0.248051 adv=5.948715 lam=4.904e-05 accD=0.8750
[VAL] epoch=156 val_rec=0.007116 time_min=7.7
step=245400 rec=0.007025 dis=0.044211 adv=5.359869 lam=4.908e-05 accD=0.9688
step=245600 rec=0.006963 dis=0.041428 adv=6.117350 lam=4.912e-05 accD=1.0000
step=245800 rec=0.006522 dis=0.106269 adv=5.759828 lam=4.916e-05 accD=1.0000
step=246000 rec=0.007806 dis=0.076599 adv=5.810394 lam=4.92e-05 accD=0.9688
step=246200 rec=0.007134 dis=0.068856 adv=6.060553 lam=4.924e-05 accD=0.9688
step=246400 rec=0.007204 dis=0.074625 adv=5.935742 lam=4.928e-05 accD=1.0000
step=246600 rec=0.007647 dis=0.063193 adv=5.215836 lam=4.932e-05 accD=0.9688
[VAL] epoch=157 val_rec=0.007130 time_min=7.7
step=246800 rec=0.007227 dis=0.028740 adv=6.593269 lam=4.936e-05 accD=1.0000
step=247000 rec=0.006379 dis=0.081985 adv=6.710262 lam=4.94e-05 accD=0.9375
step=247200 rec=0.007901 dis=0.186243 adv=5.681792 lam=4.944e-05 accD=0.9062
step=247400 rec=0.007627 dis=0.076708 adv=5.428761 lam=4.948e-05 accD=0.9688
step=247600 rec=0.006867 dis=0.064628 adv=7.028358 lam=4.952e-05 accD=0.9688
step=247800 rec=0.007568 dis=0.092100 adv=5.295410 lam=4.956e-05 accD=1.0000
step=248000 rec=0.006019 dis=0.058216 adv=6.260613 lam=4.96e-05 accD=0.9688
step=248200 rec=0.007552 dis=0.147551 adv=6.418658 lam=4.964e-05 accD=0.9375
[VAL] epoch=158 val_rec=0.007171 time_min=7.7
step=248400 rec=0.007128 dis=0.063277 adv=5.810995 lam=4.968e-05 accD=0.9375
step=248600 rec=0.008959 dis=0.089797 adv=5.570663 lam=4.972e-05 accD=0.9688
step=248800 rec=0.006880 dis=0.042628 adv=5.589997 lam=4.976e-05 accD=1.0000
step=249000 rec=0.008787 dis=0.219092 adv=6.010036 lam=4.98e-05 accD=0.9062
step=249200 rec=0.007106 dis=0.079462 adv=5.571354 lam=4.984e-05 accD=1.0000
step=249400 rec=0.005975 dis=0.174380 adv=5.675941 lam=4.988e-05 accD=0.9062
step=249600 rec=0.007292 dis=0.052635 adv=6.789315 lam=4.992e-05 accD=1.0000
step=249800 rec=0.006739 dis=0.169955 adv=6.131893 lam=4.996e-05 accD=0.8750
[VAL] epoch=159 val_rec=0.007079 time_min=7.9
step=250000 rec=0.007017 dis=0.121133 adv=5.906318 lam=5e-05 accD=0.9688
step=250200 rec=0.009517 dis=0.035988 adv=5.440332 lam=5.004e-05 accD=1.0000
step=250400 rec=0.007154 dis=0.122221 adv=5.767927 lam=5.008e-05 accD=0.9688
step=250600 rec=0.006849 dis=0.069375 adv=5.552104 lam=5.012e-05 accD=0.9688
step=250800 rec=0.006860 dis=0.085793 adv=5.983287 lam=5.016e-05 accD=0.9375
step=251000 rec=0.006066 dis=0.125304 adv=5.930287 lam=5.02e-05 accD=0.9688
step=251200 rec=0.007825 dis=0.113432 adv=6.305601 lam=5.024e-05 accD=0.9375
step=251400 rec=0.007844 dis=0.079501 adv=5.441623 lam=5.028e-05 accD=0.9375
[VAL] epoch=160 val_rec=0.007179 time_min=8.2
step=251600 rec=0.008090 dis=0.223863 adv=5.578343 lam=5.032e-05 accD=0.9375
step=251800 rec=0.007752 dis=0.050091 adv=6.448934 lam=5.036e-05 accD=0.9688
step=252000 rec=0.007537 dis=0.096429 adv=5.417370 lam=5.04e-05 accD=0.9375
step=252200 rec=0.007387 dis=0.139248 adv=6.384614 lam=5.044e-05 accD=0.9688
step=252400 rec=0.007468 dis=0.086986 adv=5.604271 lam=5.048e-05 accD=0.9375
step=252600 rec=0.006570 dis=0.196868 adv=5.349063 lam=5.052e-05 accD=0.9375
step=252800 rec=0.007493 dis=0.130187 adv=5.813206 lam=5.056e-05 accD=0.9062
step=253000 rec=0.006976 dis=0.024699 adv=6.078855 lam=5.06e-05 accD=1.0000
[VAL] epoch=161 val_rec=0.007062 time_min=7.9
step=253200 rec=0.007229 dis=0.181262 adv=5.241356 lam=5.064e-05 accD=0.9375
step=253400 rec=0.006954 dis=0.112500 adv=5.275648 lam=5.068e-05 accD=0.9688
step=253600 rec=0.006204 dis=0.104483 adv=5.541131 lam=5.072e-05 accD=0.9375
step=253800 rec=0.006720 dis=0.067014 adv=5.844555 lam=5.076e-05 accD=1.0000
step=254000 rec=0.006459 dis=0.154293 adv=6.704476 lam=5.08e-05 accD=0.9375
step=254200 rec=0.007136 dis=0.086699 adv=6.203478 lam=5.084e-05 accD=0.9688
step=254400 rec=0.007079 dis=0.087637 adv=6.232708 lam=5.088e-05 accD=0.9688
step=254600 rec=0.007145 dis=0.308956 adv=5.320027 lam=5.092e-05 accD=0.9062
[VAL] epoch=162 val_rec=0.007048 time_min=7.5
step=254800 rec=0.008258 dis=0.050918 adv=6.849557 lam=5.096e-05 accD=1.0000
step=255000 rec=0.006918 dis=0.176579 adv=6.007514 lam=5.1e-05 accD=0.9375
step=255200 rec=0.006549 dis=0.085480 adv=6.645160 lam=5.104e-05 accD=0.9688
step=255400 rec=0.007146 dis=0.170622 adv=5.444493 lam=5.108e-05 accD=0.9375
step=255600 rec=0.006965 dis=0.179044 adv=5.720522 lam=5.112e-05 accD=0.9688
step=255800 rec=0.007483 dis=0.106149 adv=5.865990 lam=5.116e-05 accD=0.9375
step=256000 rec=0.007327 dis=0.118387 adv=5.883241 lam=5.12e-05 accD=0.9688
[VAL] epoch=163 val_rec=0.007090 time_min=7.4
step=256200 rec=0.006993 dis=0.075423 adv=5.550020 lam=5.124e-05 accD=0.9688
step=256400 rec=0.007772 dis=0.123910 adv=5.598532 lam=5.128e-05 accD=0.9688
step=256600 rec=0.005887 dis=0.224951 adv=6.880445 lam=5.132e-05 accD=0.9062
step=256800 rec=0.007919 dis=0.116268 adv=5.930524 lam=5.136e-05 accD=0.9062
step=257000 rec=0.006720 dis=0.085529 adv=5.101002 lam=5.14e-05 accD=0.9375
step=257200 rec=0.009181 dis=0.149357 adv=6.119516 lam=5.144e-05 accD=0.9688
step=257400 rec=0.007388 dis=0.172955 adv=6.199378 lam=5.148e-05 accD=0.9688
step=257600 rec=0.007230 dis=0.102379 adv=6.329789 lam=5.152e-05 accD=0.9375
[VAL] epoch=164 val_rec=0.006943 time_min=7.4
step=257800 rec=0.006855 dis=0.036657 adv=7.086119 lam=5.156e-05 accD=1.0000
step=258000 rec=0.007328 dis=0.051856 adv=6.237856 lam=5.16e-05 accD=1.0000
step=258200 rec=0.007057 dis=0.283996 adv=6.024512 lam=5.164e-05 accD=0.8438
step=258400 rec=0.006592 dis=0.594743 adv=5.223804 lam=5.168e-05 accD=0.8125
step=258600 rec=0.006947 dis=0.062462 adv=5.472850 lam=5.172e-05 accD=0.9688
step=258800 rec=0.006746 dis=0.052986 adv=6.339854 lam=5.176e-05 accD=1.0000
step=259000 rec=0.007543 dis=0.128763 adv=6.331530 lam=5.18e-05 accD=0.9062
step=259200 rec=0.007768 dis=0.105030 adv=5.935174 lam=5.184e-05 accD=0.9688
[VAL] epoch=165 val_rec=0.007033 time_min=7.4
step=259400 rec=0.007744 dis=0.100776 adv=5.984747 lam=5.188e-05 accD=0.9375
step=259600 rec=0.007281 dis=0.011616 adv=6.827191 lam=5.192e-05 accD=1.0000
step=259800 rec=0.007149 dis=0.031907 adv=6.728293 lam=5.196e-05 accD=1.0000
step=260000 rec=0.007961 dis=0.115508 adv=6.157473 lam=5.2e-05 accD=0.9688
step=260200 rec=0.007519 dis=0.080601 adv=5.840385 lam=5.204e-05 accD=0.9688
step=260400 rec=0.007316 dis=0.070825 adv=6.788105 lam=5.208e-05 accD=0.9688
step=260600 rec=0.008160 dis=0.141225 adv=6.231634 lam=5.212e-05 accD=0.9688
step=260800 rec=0.007593 dis=0.037498 adv=6.053554 lam=5.216e-05 accD=1.0000
[VAL] epoch=166 val_rec=0.007038 time_min=7.4
step=261000 rec=0.007580 dis=0.127545 adv=5.792071 lam=5.22e-05 accD=0.9688
step=261200 rec=0.008594 dis=0.090177 adv=5.679443 lam=5.224e-05 accD=0.9688
step=261400 rec=0.006914 dis=0.260550 adv=6.127281 lam=5.228e-05 accD=0.9062
step=261600 rec=0.007762 dis=0.230888 adv=5.242403 lam=5.232e-05 accD=0.9375
step=261800 rec=0.007096 dis=0.090204 adv=5.894482 lam=5.236e-05 accD=0.9375
step=262000 rec=0.007786 dis=0.123953 adv=5.406988 lam=5.24e-05 accD=0.9062
step=262200 rec=0.006850 dis=0.191540 adv=5.877743 lam=5.244e-05 accD=0.9375
step=262400 rec=0.007079 dis=0.125435 adv=6.007515 lam=5.248e-05 accD=0.9375
[VAL] epoch=167 val_rec=0.007076 time_min=7.4
step=262600 rec=0.007131 dis=0.099419 adv=5.900628 lam=5.252e-05 accD=0.9375
step=262800 rec=0.007939 dis=0.240554 adv=5.745283 lam=5.256e-05 accD=0.9062
step=263000 rec=0.007169 dis=0.251237 adv=5.576547 lam=5.26e-05 accD=0.8750
step=263200 rec=0.007557 dis=0.154368 adv=4.711329 lam=5.264e-05 accD=0.9062
step=263400 rec=0.007310 dis=0.111114 adv=5.846331 lam=5.268e-05 accD=0.9375
step=263600 rec=0.007149 dis=0.156631 adv=6.450989 lam=5.272e-05 accD=0.9688
step=263800 rec=0.006663 dis=0.172478 adv=5.674076 lam=5.276e-05 accD=0.9375
[VAL] epoch=168 val_rec=0.006986 time_min=7.4
step=264000 rec=0.007776 dis=0.051550 adv=5.914646 lam=5.28e-05 accD=1.0000
step=264200 rec=0.008489 dis=0.164862 adv=6.243482 lam=5.284e-05 accD=0.9688
step=264400 rec=0.006696 dis=0.056274 adv=5.935024 lam=5.288e-05 accD=1.0000
step=264600 rec=0.008070 dis=0.263000 adv=5.801015 lam=5.292e-05 accD=0.9062
step=264800 rec=0.007743 dis=0.050693 adv=5.872993 lam=5.296e-05 accD=1.0000
step=265000 rec=0.005373 dis=0.049240 adv=5.959741 lam=5.3e-05 accD=1.0000
step=265200 rec=0.006130 dis=0.251095 adv=5.583842 lam=5.304e-05 accD=0.8750
step=265400 rec=0.007575 dis=0.158223 adv=5.243118 lam=5.308e-05 accD=0.9062
[VAL] epoch=169 val_rec=0.007100 time_min=7.4
step=265600 rec=0.006527 dis=0.098569 adv=4.981787 lam=5.312e-05 accD=0.9375
step=265800 rec=0.007285 dis=0.021573 adv=6.928784 lam=5.316e-05 accD=1.0000
step=266000 rec=0.006405 dis=0.054130 adv=6.138032 lam=5.32e-05 accD=0.9688
step=266200 rec=0.006916 dis=0.087356 adv=5.291842 lam=5.324e-05 accD=0.9688
step=266400 rec=0.007323 dis=0.145250 adv=5.909894 lam=5.328e-05 accD=0.9375
step=266600 rec=0.007031 dis=0.216625 adv=6.817605 lam=5.332e-05 accD=0.9375
step=266800 rec=0.008753 dis=0.188299 adv=5.604053 lam=5.336e-05 accD=0.9062
step=267000 rec=0.006904 dis=0.337836 adv=5.837889 lam=5.34e-05 accD=0.9062
[VAL] epoch=170 val_rec=0.007055 time_min=7.4
step=267200 rec=0.006671 dis=0.146307 adv=5.841263 lam=5.344e-05 accD=0.9062
step=267400 rec=0.007923 dis=0.045730 adv=5.535608 lam=5.348e-05 accD=1.0000
step=267600 rec=0.007920 dis=0.117560 adv=6.040842 lam=5.352e-05 accD=0.9375
step=267800 rec=0.006826 dis=0.092809 adv=6.790355 lam=5.356e-05 accD=0.9375
step=268000 rec=0.005763 dis=0.305718 adv=6.248028 lam=5.36e-05 accD=0.9375
step=268200 rec=0.007364 dis=0.124080 adv=5.363497 lam=5.364e-05 accD=0.9688
step=268400 rec=0.006242 dis=0.088378 adv=6.410012 lam=5.368e-05 accD=0.9688
step=268600 rec=0.008528 dis=0.004873 adv=6.996657 lam=5.372e-05 accD=1.0000
[VAL] epoch=171 val_rec=0.007091 time_min=7.4
step=268800 rec=0.007872 dis=0.041904 adv=6.299652 lam=5.376e-05 accD=1.0000
step=269000 rec=0.006927 dis=0.213016 adv=5.918318 lam=5.38e-05 accD=0.9688
step=269200 rec=0.007078 dis=0.138236 adv=5.565032 lam=5.384e-05 accD=0.9688
step=269400 rec=0.008229 dis=0.154360 adv=5.353087 lam=5.388e-05 accD=0.9062
step=269600 rec=0.007196 dis=0.144980 adv=5.134696 lam=5.392e-05 accD=0.9688
step=269800 rec=0.007559 dis=0.048085 adv=6.387656 lam=5.396e-05 accD=0.9688
step=270000 rec=0.007830 dis=0.219727 adv=5.458653 lam=5.4e-05 accD=0.9375
step=270200 rec=0.008165 dis=0.213240 adv=6.346580 lam=5.404e-05 accD=0.8750
[VAL] epoch=172 val_rec=0.008569 time_min=7.4
step=270400 rec=0.006770 dis=0.177560 adv=6.583314 lam=5.408e-05 accD=0.9062
step=270600 rec=0.007586 dis=0.169025 adv=4.751179 lam=5.412e-05 accD=0.9062
step=270800 rec=0.008918 dis=0.039896 adv=6.448128 lam=5.416e-05 accD=1.0000
step=271000 rec=0.007312 dis=0.146033 adv=5.078799 lam=5.42e-05 accD=0.9688
step=271200 rec=0.007450 dis=0.321188 adv=4.859190 lam=5.424e-05 accD=0.8750
step=271400 rec=0.006790 dis=0.124150 adv=5.825890 lam=5.428e-05 accD=0.9375
step=271600 rec=0.006806 dis=0.021232 adv=5.920530 lam=5.432e-05 accD=1.0000
[VAL] epoch=173 val_rec=0.007172 time_min=7.4
step=271800 rec=0.007279 dis=0.156469 adv=6.013757 lam=5.436e-05 accD=0.9062
step=272000 rec=0.007787 dis=0.127694 adv=5.418746 lam=5.44e-05 accD=0.9688
step=272200 rec=0.006849 dis=0.283683 adv=5.337368 lam=5.444e-05 accD=0.8438
step=272400 rec=0.007138 dis=0.065085 adv=5.219665 lam=5.448e-05 accD=0.9688
step=272600 rec=0.007972 dis=0.122038 adv=5.010878 lam=5.452e-05 accD=0.9062
step=272800 rec=0.007781 dis=0.070431 adv=6.107778 lam=5.456e-05 accD=1.0000
step=273000 rec=0.007502 dis=0.154955 adv=4.872018 lam=5.46e-05 accD=0.9375
step=273200 rec=0.007036 dis=0.148285 adv=5.765168 lam=5.464e-05 accD=0.9375
[VAL] epoch=174 val_rec=0.006961 time_min=7.4
step=273400 rec=0.008474 dis=0.037637 adv=5.488324 lam=5.468e-05 accD=1.0000
step=273600 rec=0.007230 dis=0.094342 adv=5.300650 lam=5.472e-05 accD=0.9375
step=273800 rec=0.007034 dis=0.175557 adv=5.070382 lam=5.476e-05 accD=0.8750
step=274000 rec=0.006761 dis=0.097789 adv=5.701044 lam=5.48e-05 accD=0.9688
step=274200 rec=0.007872 dis=0.085320 adv=5.887897 lam=5.484e-05 accD=0.9688
step=274400 rec=0.006694 dis=0.106712 adv=6.278086 lam=5.488e-05 accD=0.9375
step=274600 rec=0.007827 dis=0.196746 adv=5.794795 lam=5.492e-05 accD=0.9688
step=274800 rec=0.007565 dis=0.108329 adv=5.204309 lam=5.496e-05 accD=0.9375
[VAL] epoch=175 val_rec=0.007002 time_min=7.4
step=275000 rec=0.008050 dis=0.022027 adv=6.683762 lam=5.5e-05 accD=1.0000
step=275200 rec=0.007516 dis=0.093393 adv=6.314127 lam=5.504e-05 accD=0.9688
step=275400 rec=0.007075 dis=0.145392 adv=5.484622 lam=5.508e-05 accD=0.9062
step=275600 rec=0.007346 dis=0.166703 adv=5.963252 lam=5.512e-05 accD=0.9062
step=275800 rec=0.006834 dis=0.070351 adv=5.480941 lam=5.516e-05 accD=1.0000
step=276000 rec=0.007636 dis=0.136354 adv=6.145388 lam=5.52e-05 accD=0.9062
step=276200 rec=0.007667 dis=0.209230 adv=5.164058 lam=5.524e-05 accD=0.8750
step=276400 rec=0.008010 dis=0.055360 adv=6.618902 lam=5.528e-05 accD=1.0000
[VAL] epoch=176 val_rec=0.006985 time_min=7.4
step=276600 rec=0.007440 dis=0.137948 adv=6.441588 lam=5.532e-05 accD=0.9688
step=276800 rec=0.007470 dis=0.149835 adv=6.285545 lam=5.536e-05 accD=0.9375
step=277000 rec=0.006772 dis=0.071287 adv=5.570279 lam=5.54e-05 accD=1.0000
step=277200 rec=0.007236 dis=0.119783 adv=5.801908 lam=5.544e-05 accD=0.9688
step=277400 rec=0.007149 dis=0.239475 adv=5.935652 lam=5.548e-05 accD=0.9062
step=277600 rec=0.007322 dis=0.123554 adv=5.558467 lam=5.552e-05 accD=0.9688
step=277800 rec=0.007074 dis=0.058592 adv=6.657423 lam=5.556e-05 accD=1.0000
step=278000 rec=0.007343 dis=0.038383 adv=5.647918 lam=5.56e-05 accD=1.0000
[VAL] epoch=177 val_rec=0.006909 time_min=7.4
step=278200 rec=0.006110 dis=0.316921 adv=6.021617 lam=5.564e-05 accD=0.9062
step=278400 rec=0.006940 dis=0.124316 adv=5.549658 lam=5.568e-05 accD=0.9375
step=278600 rec=0.006757 dis=0.212349 adv=5.637166 lam=5.572e-05 accD=0.9375
step=278800 rec=0.006479 dis=0.047854 adv=6.109725 lam=5.576e-05 accD=0.9688
step=279000 rec=0.008266 dis=0.158280 adv=5.986471 lam=5.58e-05 accD=0.9688
step=279200 rec=0.007034 dis=0.165429 adv=5.464720 lam=5.584e-05 accD=0.9375
step=279400 rec=0.007158 dis=0.089985 adv=6.701037 lam=5.588e-05 accD=0.9688
[VAL] epoch=178 val_rec=0.006937 time_min=7.4
step=279600 rec=0.007122 dis=0.135056 adv=5.624053 lam=5.592e-05 accD=0.9375
step=279800 rec=0.008533 dis=0.196811 adv=5.523956 lam=5.596e-05 accD=0.9375
step=280000 rec=0.007783 dis=0.050705 adv=4.954473 lam=5.6e-05 accD=1.0000
step=280200 rec=0.008067 dis=0.222144 adv=6.130395 lam=5.604e-05 accD=0.9375
step=280400 rec=0.007168 dis=0.072910 adv=5.795665 lam=5.608e-05 accD=0.9688
step=280600 rec=0.007093 dis=0.064387 adv=6.307149 lam=5.612e-05 accD=0.9688
step=280800 rec=0.006065 dis=0.131323 adv=6.001328 lam=5.616e-05 accD=0.9375
step=281000 rec=0.008418 dis=0.325883 adv=4.809459 lam=5.62e-05 accD=0.8438
[VAL] epoch=179 val_rec=0.007214 time_min=7.4
step=281200 rec=0.008000 dis=0.129371 adv=5.659372 lam=5.624e-05 accD=0.9688
step=281400 rec=0.006962 dis=0.177074 adv=5.452400 lam=5.628e-05 accD=0.9062
step=281600 rec=0.008153 dis=0.135396 adv=5.796214 lam=5.632e-05 accD=0.9062
step=281800 rec=0.008521 dis=0.142477 adv=5.270564 lam=5.636e-05 accD=0.9062
step=282000 rec=0.006952 dis=0.055153 adv=6.920597 lam=5.64e-05 accD=0.9688
step=282200 rec=0.007722 dis=0.164595 adv=5.658420 lam=5.644e-05 accD=0.9375
step=282400 rec=0.007990 dis=0.148203 adv=5.530409 lam=5.648e-05 accD=0.9688
step=282600 rec=0.006048 dis=0.018538 adv=5.905754 lam=5.652e-05 accD=1.0000
[VAL] epoch=180 val_rec=0.007014 time_min=7.4
step=282800 rec=0.006674 dis=0.145034 adv=5.879597 lam=5.656e-05 accD=0.9688
step=283000 rec=0.006934 dis=0.071389 adv=6.199929 lam=5.66e-05 accD=1.0000
step=283200 rec=0.007766 dis=0.413367 adv=5.777857 lam=5.664e-05 accD=0.9062
step=283400 rec=0.007272 dis=0.103315 adv=6.560508 lam=5.668e-05 accD=0.9375
step=283600 rec=0.006744 dis=0.147628 adv=6.023648 lam=5.672e-05 accD=0.9375
step=283800 rec=0.007517 dis=0.095526 adv=5.795117 lam=5.676e-05 accD=0.9688
step=284000 rec=0.007891 dis=0.224527 adv=5.408000 lam=5.68e-05 accD=0.8750
step=284200 rec=0.007696 dis=0.050818 adv=6.191916 lam=5.684e-05 accD=1.0000
[VAL] epoch=181 val_rec=0.007176 time_min=7.4
step=284400 rec=0.006378 dis=0.181302 adv=6.279144 lam=5.688e-05 accD=0.9375
step=284600 rec=0.005923 dis=0.096910 adv=5.662844 lam=5.692e-05 accD=0.9688
step=284800 rec=0.008066 dis=0.162776 adv=5.982069 lam=5.696e-05 accD=0.9062
step=285000 rec=0.007756 dis=0.299057 adv=5.706751 lam=5.7e-05 accD=0.8750
step=285200 rec=0.007297 dis=0.213733 adv=5.680726 lam=5.704e-05 accD=0.9062
step=285400 rec=0.008126 dis=0.086504 adv=6.199173 lam=5.708e-05 accD=0.9688
step=285600 rec=0.006050 dis=0.122020 adv=5.793481 lam=5.712e-05 accD=0.9375
step=285800 rec=0.006228 dis=0.084972 adv=5.918592 lam=5.716e-05 accD=0.9375
[VAL] epoch=182 val_rec=0.006986 time_min=7.4
step=286000 rec=0.007156 dis=0.187229 adv=5.542770 lam=5.72e-05 accD=0.9375
step=286200 rec=0.007957 dis=0.172561 adv=5.824787 lam=5.724e-05 accD=0.9375
step=286400 rec=0.007100 dis=0.129300 adv=6.126121 lam=5.728e-05 accD=0.9688
step=286600 rec=0.007283 dis=0.256747 adv=5.878652 lam=5.732e-05 accD=0.9062
step=286800 rec=0.007200 dis=0.163965 adv=6.044281 lam=5.736e-05 accD=0.9375
step=287000 rec=0.006900 dis=0.220240 adv=5.495981 lam=5.74e-05 accD=0.9062
step=287200 rec=0.007509 dis=0.051764 adv=6.814642 lam=5.744e-05 accD=1.0000
step=287400 rec=0.008921 dis=0.067263 adv=5.840762 lam=5.748e-05 accD=0.9688
[VAL] epoch=183 val_rec=0.006927 time_min=7.4
step=287600 rec=0.006706 dis=0.075474 adv=6.304280 lam=5.752e-05 accD=0.9688
step=287800 rec=0.008005 dis=0.129152 adv=6.467151 lam=5.756e-05 accD=0.9062
step=288000 rec=0.007319 dis=0.109135 adv=5.663422 lam=5.76e-05 accD=0.9062
step=288200 rec=0.006884 dis=0.106459 adv=5.590668 lam=5.764e-05 accD=0.9688
step=288400 rec=0.006538 dis=0.176121 adv=5.602275 lam=5.768e-05 accD=0.9062
step=288600 rec=0.006785 dis=0.183797 adv=5.869894 lam=5.772e-05 accD=0.9375
step=288800 rec=0.007389 dis=0.126350 adv=5.263344 lam=5.776e-05 accD=0.9688
[VAL] epoch=184 val_rec=0.007696 time_min=7.4
step=289000 rec=0.006882 dis=0.087977 adv=5.881182 lam=5.78e-05 accD=0.9688
step=289200 rec=0.007376 dis=0.068498 adv=6.489526 lam=5.784e-05 accD=0.9688
step=289400 rec=0.007191 dis=0.043748 adv=6.071541 lam=5.788e-05 accD=1.0000
step=289600 rec=0.007351 dis=0.174075 adv=5.877554 lam=5.792e-05 accD=0.9062
step=289800 rec=0.006807 dis=0.113480 adv=5.710971 lam=5.796e-05 accD=0.9688
step=290000 rec=0.007338 dis=0.041665 adv=5.665771 lam=5.8e-05 accD=1.0000
step=290200 rec=0.006915 dis=0.099886 adv=6.161166 lam=5.804e-05 accD=0.9062
step=290400 rec=0.007733 dis=0.203397 adv=4.838033 lam=5.808e-05 accD=0.9375
[VAL] epoch=185 val_rec=0.006961 time_min=7.3
step=290600 rec=0.007331 dis=0.063745 adv=5.908964 lam=5.812e-05 accD=0.9688
step=290800 rec=0.007861 dis=0.091329 adv=5.249519 lam=5.816e-05 accD=0.9688
step=291000 rec=0.006964 dis=0.035307 adv=6.543077 lam=5.82e-05 accD=1.0000
step=291200 rec=0.007616 dis=0.080217 adv=6.122504 lam=5.824e-05 accD=0.9688
step=291400 rec=0.006350 dis=0.122369 adv=5.723456 lam=5.828e-05 accD=0.9688
step=291600 rec=0.007303 dis=0.293300 adv=5.853190 lam=5.832e-05 accD=0.9062
step=291800 rec=0.008087 dis=0.067670 adv=5.757209 lam=5.836e-05 accD=0.9375
step=292000 rec=0.007293 dis=0.145514 adv=6.579568 lam=5.84e-05 accD=0.9062
[VAL] epoch=186 val_rec=0.007097 time_min=7.1
step=292200 rec=0.006112 dis=0.193939 adv=4.990652 lam=5.844e-05 accD=0.9062
step=292400 rec=0.006142 dis=0.090674 adv=5.508560 lam=5.848e-05 accD=1.0000
step=292600 rec=0.006801 dis=0.054944 adv=6.202661 lam=5.852e-05 accD=0.9688
step=292800 rec=0.006601 dis=0.088824 adv=5.872890 lam=5.856e-05 accD=0.9688
step=293000 rec=0.007501 dis=0.087144 adv=5.746477 lam=5.86e-05 accD=0.9688
step=293200 rec=0.006727 dis=0.093409 adv=5.863886 lam=5.864e-05 accD=0.9688
step=293400 rec=0.010187 dis=0.043781 adv=6.281401 lam=5.868e-05 accD=1.0000
step=293600 rec=0.008428 dis=0.039468 adv=6.339675 lam=5.872e-05 accD=0.9688
[VAL] epoch=187 val_rec=0.006952 time_min=7.1
step=293800 rec=0.006579 dis=0.040234 adv=6.486106 lam=5.876e-05 accD=0.9688
step=294000 rec=0.006626 dis=0.193080 adv=5.068827 lam=5.88e-05 accD=0.9375
step=294200 rec=0.006467 dis=0.108407 adv=4.746564 lam=5.884e-05 accD=1.0000
step=294400 rec=0.008058 dis=0.214300 adv=5.366501 lam=5.888e-05 accD=0.9688
step=294600 rec=0.008712 dis=0.070164 adv=5.493848 lam=5.892e-05 accD=0.9688
step=294800 rec=0.008135 dis=0.125954 adv=5.039023 lam=5.896e-05 accD=0.9375
step=295000 rec=0.007090 dis=0.105733 adv=5.803838 lam=5.9e-05 accD=0.9375
step=295200 rec=0.008332 dis=0.239861 adv=5.562210 lam=5.904e-05 accD=0.8750
[VAL] epoch=188 val_rec=0.006938 time_min=7.2
step=295400 rec=0.007676 dis=0.186936 adv=6.709743 lam=5.908e-05 accD=0.9375
step=295600 rec=0.007323 dis=0.091237 adv=5.802334 lam=5.912e-05 accD=0.9688
step=295800 rec=0.007440 dis=0.185368 adv=5.967856 lam=5.916e-05 accD=0.8438
step=296000 rec=0.007038 dis=0.318548 adv=5.571527 lam=5.92e-05 accD=0.8750
step=296200 rec=0.005566 dis=0.106371 adv=5.002836 lam=5.924e-05 accD=0.9688
step=296400 rec=0.006260 dis=0.200417 adv=5.511880 lam=5.928e-05 accD=0.9062
step=296600 rec=0.006340 dis=0.387278 adv=5.188228 lam=5.932e-05 accD=0.8438
[VAL] epoch=189 val_rec=0.007066 time_min=7.1
step=296800 rec=0.007743 dis=0.114955 adv=5.499753 lam=5.936e-05 accD=0.9688
step=297000 rec=0.007047 dis=0.027913 adv=7.093812 lam=5.94e-05 accD=1.0000
step=297200 rec=0.007810 dis=0.167185 adv=5.248933 lam=5.944e-05 accD=0.9375
step=297400 rec=0.008595 dis=0.090820 adv=5.538103 lam=5.948e-05 accD=1.0000
step=297600 rec=0.007065 dis=0.029258 adv=5.737999 lam=5.952e-05 accD=1.0000
step=297800 rec=0.006487 dis=0.121037 adv=6.218474 lam=5.956e-05 accD=1.0000
step=298000 rec=0.006860 dis=0.114899 adv=6.808164 lam=5.96e-05 accD=0.9375
step=298200 rec=0.007314 dis=0.133020 adv=5.837340 lam=5.964e-05 accD=0.9688
[VAL] epoch=190 val_rec=0.006889 time_min=7.1
step=298400 rec=0.008018 dis=0.047777 adv=5.902565 lam=5.968e-05 accD=1.0000
step=298600 rec=0.007183 dis=0.130826 adv=5.674212 lam=5.972e-05 accD=0.9688
step=298800 rec=0.007491 dis=0.057826 adv=5.958856 lam=5.976e-05 accD=0.9688
step=299000 rec=0.006761 dis=0.138871 adv=5.934880 lam=5.98e-05 accD=0.9375
step=299200 rec=0.007224 dis=0.069764 adv=5.301188 lam=5.984e-05 accD=1.0000
step=299400 rec=0.007793 dis=0.205978 adv=5.750855 lam=5.988e-05 accD=0.9062
step=299600 rec=0.006943 dis=0.057918 adv=4.690083 lam=5.992e-05 accD=1.0000
step=299800 rec=0.006866 dis=0.143619 adv=5.199966 lam=5.996e-05 accD=0.9688
[VAL] epoch=191 val_rec=0.006940 time_min=7.1
step=300000 rec=0.008005 dis=0.054518 adv=5.540895 lam=6e-05 accD=1.0000
step=300200 rec=0.007822 dis=0.056993 adv=6.480390 lam=6.004e-05 accD=0.9688
step=300400 rec=0.006846 dis=0.134170 adv=5.299582 lam=6.008e-05 accD=0.9375
step=300600 rec=0.006704 dis=0.050152 adv=6.006152 lam=6.012e-05 accD=1.0000
step=300800 rec=0.006741 dis=0.073013 adv=5.839943 lam=6.016e-05 accD=1.0000
step=301000 rec=0.006870 dis=0.099746 adv=5.874398 lam=6.02e-05 accD=0.9375
step=301200 rec=0.006438 dis=0.183046 adv=5.535219 lam=6.024e-05 accD=0.9688
step=301400 rec=0.006490 dis=0.366081 adv=5.551115 lam=6.028e-05 accD=0.9062
[VAL] epoch=192 val_rec=0.006958 time_min=7.1
step=301600 rec=0.007233 dis=0.122044 adv=5.575399 lam=6.032e-05 accD=0.9688
step=301800 rec=0.006521 dis=0.040222 adv=5.387309 lam=6.036e-05 accD=1.0000
step=302000 rec=0.006965 dis=0.089767 adv=6.115381 lam=6.04e-05 accD=0.9688
step=302200 rec=0.006918 dis=0.091360 adv=6.604420 lam=6.044e-05 accD=0.9375
step=302400 rec=0.007036 dis=0.202236 adv=5.629779 lam=6.048e-05 accD=0.9375
step=302600 rec=0.007960 dis=0.176370 adv=5.623373 lam=6.052e-05 accD=0.9375
step=302800 rec=0.007031 dis=0.017811 adv=6.825232 lam=6.056e-05 accD=1.0000
step=303000 rec=0.007344 dis=0.223805 adv=4.637098 lam=6.06e-05 accD=0.9062
[VAL] epoch=193 val_rec=0.007159 time_min=7.1
step=303200 rec=0.007456 dis=0.309244 adv=6.099464 lam=6.064e-05 accD=0.8125
step=303400 rec=0.006912 dis=0.232814 adv=6.257399 lam=6.068e-05 accD=0.9375
step=303600 rec=0.008790 dis=0.047905 adv=5.061902 lam=6.072e-05 accD=1.0000
step=303800 rec=0.006345 dis=0.147243 adv=6.249787 lam=6.076e-05 accD=0.9375
step=304000 rec=0.007618 dis=0.197291 adv=4.903890 lam=6.08e-05 accD=0.9375
step=304200 rec=0.007774 dis=0.183403 adv=4.951546 lam=6.084e-05 accD=0.8438
step=304400 rec=0.006722 dis=0.101190 adv=6.453614 lam=6.088e-05 accD=0.9688
[VAL] epoch=194 val_rec=0.006951 time_min=7.1
step=304600 rec=0.006521 dis=0.161584 adv=6.218260 lam=6.092e-05 accD=0.9062
step=304800 rec=0.007654 dis=0.117867 adv=6.407274 lam=6.096e-05 accD=0.9375
step=305000 rec=0.007045 dis=0.178068 adv=5.790628 lam=6.1e-05 accD=0.9375
step=305200 rec=0.006504 dis=0.348167 adv=5.386949 lam=6.104e-05 accD=0.8438
step=305400 rec=0.006310 dis=0.203549 adv=4.848316 lam=6.108e-05 accD=0.9375
step=305600 rec=0.007511 dis=0.203479 adv=6.305820 lam=6.112e-05 accD=0.8750
step=305800 rec=0.008023 dis=0.080913 adv=5.341127 lam=6.116e-05 accD=0.9688
step=306000 rec=0.007703 dis=0.037964 adv=5.803194 lam=6.12e-05 accD=1.0000
[VAL] epoch=195 val_rec=0.007044 time_min=7.1
step=306200 rec=0.007074 dis=0.255825 adv=5.999279 lam=6.124e-05 accD=0.8750
step=306400 rec=0.007676 dis=0.111326 adv=5.589028 lam=6.128e-05 accD=0.9375
step=306600 rec=0.006003 dis=0.133272 adv=5.748769 lam=6.132e-05 accD=0.9375
step=306800 rec=0.008100 dis=0.102092 adv=5.656218 lam=6.136e-05 accD=0.9375
step=307000 rec=0.007468 dis=0.098635 adv=5.182077 lam=6.14e-05 accD=0.9375
step=307200 rec=0.006397 dis=0.238110 adv=5.574161 lam=6.144e-05 accD=0.8750
step=307400 rec=0.009219 dis=0.160260 adv=5.954611 lam=6.148e-05 accD=0.9062
step=307600 rec=0.006724 dis=0.146175 adv=6.321502 lam=6.152e-05 accD=0.9688
[VAL] epoch=196 val_rec=0.006962 time_min=7.1
step=307800 rec=0.007493 dis=0.133397 adv=6.169530 lam=6.156e-05 accD=0.9688
step=308000 rec=0.006626 dis=0.070228 adv=5.778418 lam=6.16e-05 accD=0.9688
step=308200 rec=0.007364 dis=0.114743 adv=5.716543 lam=6.164e-05 accD=0.9062
step=308400 rec=0.006847 dis=0.156959 adv=5.557270 lam=6.168e-05 accD=0.9062
step=308600 rec=0.007256 dis=0.080059 adv=5.371255 lam=6.172e-05 accD=1.0000
step=308800 rec=0.007137 dis=0.074838 adv=5.649024 lam=6.176e-05 accD=0.9688
step=309000 rec=0.007221 dis=0.138908 adv=5.646405 lam=6.18e-05 accD=0.9688
step=309200 rec=0.008198 dis=0.066506 adv=5.638474 lam=6.184e-05 accD=1.0000
[VAL] epoch=197 val_rec=0.006882 time_min=7.1
step=309400 rec=0.006992 dis=0.064286 adv=5.572654 lam=6.188e-05 accD=0.9688
step=309600 rec=0.007496 dis=0.100616 adv=5.741332 lam=6.192e-05 accD=1.0000
step=309800 rec=0.007632 dis=0.110776 adv=6.138397 lam=6.196e-05 accD=0.9688
step=310000 rec=0.006743 dis=0.101521 adv=5.562659 lam=6.2e-05 accD=0.9375
step=310200 rec=0.007949 dis=0.132510 adv=6.074381 lam=6.204e-05 accD=0.9375
step=310400 rec=0.007600 dis=0.151258 adv=6.292516 lam=6.208e-05 accD=0.9688
step=310600 rec=0.006993 dis=0.093455 adv=5.486892 lam=6.212e-05 accD=0.9688
step=310800 rec=0.008613 dis=0.013849 adv=5.557972 lam=6.216e-05 accD=1.0000
[VAL] epoch=198 val_rec=0.007124 time_min=7.1
step=311000 rec=0.006476 dis=0.065102 adv=6.013826 lam=6.22e-05 accD=0.9688
step=311200 rec=0.007362 dis=0.069654 adv=6.393797 lam=6.224e-05 accD=1.0000
step=311400 rec=0.009930 dis=0.032321 adv=6.142625 lam=6.228e-05 accD=1.0000
step=311600 rec=0.007400 dis=0.041848 adv=6.488124 lam=6.232e-05 accD=1.0000
step=311800 rec=0.007582 dis=0.235906 adv=5.373803 lam=6.236e-05 accD=0.9062
step=312000 rec=0.007790 dis=0.102615 adv=5.547244 lam=6.24e-05 accD=0.9688
step=312200 rec=0.007478 dis=0.315997 adv=5.340658 lam=6.244e-05 accD=0.8438
[VAL] epoch=199 val_rec=0.006914 time_min=7.1
step=312400 rec=0.007078 dis=0.087039 adv=5.936102 lam=6.248e-05 accD=0.9688
step=312600 rec=0.007149 dis=0.235505 adv=5.612736 lam=6.252e-05 accD=0.8438
step=312800 rec=0.006320 dis=0.281972 adv=5.892998 lam=6.256e-05 accD=0.8750
step=313000 rec=0.005871 dis=0.166205 adv=5.748623 lam=6.26e-05 accD=0.9375
step=313200 rec=0.006121 dis=0.029530 adv=6.427309 lam=6.264e-05 accD=1.0000
step=313400 rec=0.006555 dis=0.033962 adv=5.875261 lam=6.268e-05 accD=1.0000
step=313600 rec=0.006623 dis=0.124107 adv=5.521049 lam=6.272e-05 accD=0.9688
step=313800 rec=0.007534 dis=0.048393 adv=6.292392 lam=6.276e-05 accD=0.9688
[VAL] epoch=200 val_rec=0.006850 time_min=7.1
step=314000 rec=0.005879 dis=0.094521 adv=6.599155 lam=6.28e-05 accD=0.9688
step=314200 rec=0.006578 dis=0.296309 adv=5.257359 lam=6.284e-05 accD=0.9062
step=314400 rec=0.006034 dis=0.117873 adv=5.672343 lam=6.288e-05 accD=1.0000
step=314600 rec=0.007166 dis=0.182103 adv=5.127610 lam=6.292e-05 accD=0.9062
step=314800 rec=0.007166 dis=0.219697 adv=4.915882 lam=6.296e-05 accD=0.9375
step=315000 rec=0.005856 dis=0.216036 adv=5.420175 lam=6.3e-05 accD=0.9062
step=315200 rec=0.006908 dis=0.182160 adv=5.499475 lam=6.304e-05 accD=0.9375
step=315400 rec=0.007312 dis=0.043297 adv=5.949671 lam=6.308e-05 accD=1.0000
[VAL] epoch=201 val_rec=0.007004 time_min=7.1
step=315600 rec=0.008113 dis=0.077750 adv=5.158897 lam=6.312e-05 accD=0.9688
step=315800 rec=0.007473 dis=0.099369 adv=6.744687 lam=6.316e-05 accD=0.9688
step=316000 rec=0.006762 dis=0.080805 adv=5.588233 lam=6.32e-05 accD=0.9375
step=316200 rec=0.007759 dis=0.109177 adv=6.070998 lam=6.324e-05 accD=0.9062
step=316400 rec=0.007514 dis=0.081445 adv=6.243358 lam=6.328e-05 accD=0.9375
step=316600 rec=0.007516 dis=0.084282 adv=5.564458 lam=6.332e-05 accD=0.9688
step=316800 rec=0.007769 dis=0.131804 adv=6.101737 lam=6.336e-05 accD=0.9688
step=317000 rec=0.006198 dis=0.082091 adv=5.447996 lam=6.34e-05 accD=1.0000
[VAL] epoch=202 val_rec=0.006932 time_min=7.1
step=317200 rec=0.007426 dis=0.097821 adv=6.050036 lam=6.344e-05 accD=0.9688
step=317400 rec=0.008029 dis=0.074950 adv=5.949845 lam=6.348e-05 accD=0.9688
step=317600 rec=0.008177 dis=0.043813 adv=5.401942 lam=6.352e-05 accD=1.0000
step=317800 rec=0.008122 dis=0.123374 adv=6.648384 lam=6.356e-05 accD=0.9688
step=318000 rec=0.007747 dis=0.256728 adv=5.602338 lam=6.36e-05 accD=0.9688
step=318200 rec=0.008387 dis=0.164438 adv=5.894913 lam=6.364e-05 accD=0.9375
step=318400 rec=0.006860 dis=0.287178 adv=5.808624 lam=6.368e-05 accD=0.8438
step=318600 rec=0.006704 dis=0.125109 adv=5.154698 lam=6.372e-05 accD=0.9062
[VAL] epoch=203 val_rec=0.006895 time_min=7.1
step=318800 rec=0.006785 dis=0.052775 adv=6.119817 lam=6.376e-05 accD=0.9688
step=319000 rec=0.006586 dis=0.057062 adv=6.741577 lam=6.38e-05 accD=0.9688
step=319200 rec=0.007368 dis=0.224593 adv=5.828809 lam=6.384e-05 accD=0.9062
step=319400 rec=0.008117 dis=0.086615 adv=5.558697 lam=6.388e-05 accD=0.9688
step=319600 rec=0.006610 dis=0.206320 adv=5.344131 lam=6.392e-05 accD=0.8438
step=319800 rec=0.006896 dis=0.183177 adv=5.077893 lam=6.396e-05 accD=0.9062
step=320000 rec=0.007122 dis=0.056829 adv=5.503504 lam=6.4e-05 accD=1.0000
step=320200 rec=0.007373 dis=0.070437 adv=6.477024 lam=6.404e-05 accD=0.9688
[VAL] epoch=204 val_rec=0.006772 time_min=7.1
step=320400 rec=0.007615 dis=0.070975 adv=6.214331 lam=6.408e-05 accD=0.9688
step=320600 rec=0.006777 dis=0.060221 adv=5.797695 lam=6.412e-05 accD=0.9688
step=320800 rec=0.006607 dis=0.202072 adv=6.458571 lam=6.416e-05 accD=0.9062
step=321000 rec=0.008041 dis=0.179701 adv=5.488481 lam=6.42e-05 accD=0.9688
step=321200 rec=0.007827 dis=0.166504 adv=5.772185 lam=6.424e-05 accD=0.9062
step=321400 rec=0.008331 dis=0.249626 adv=5.069395 lam=6.428e-05 accD=0.9062
step=321600 rec=0.009162 dis=0.085794 adv=5.439638 lam=6.432e-05 accD=0.9688
[VAL] epoch=205 val_rec=0.007632 time_min=7.1
step=321800 rec=0.008856 dis=0.131513 adv=5.481058 lam=6.436e-05 accD=0.9688
step=322000 rec=0.007862 dis=0.165762 adv=5.509907 lam=6.44e-05 accD=0.9062
step=322200 rec=0.007881 dis=0.112895 adv=5.019581 lam=6.444e-05 accD=0.9375
step=322400 rec=0.008370 dis=0.066525 adv=5.151861 lam=6.448e-05 accD=0.9688
step=322600 rec=0.007073 dis=0.210536 adv=5.341438 lam=6.452e-05 accD=0.9062
step=322800 rec=0.007382 dis=0.094288 adv=5.829932 lam=6.456e-05 accD=0.9375
step=323000 rec=0.007310 dis=0.110576 adv=5.303085 lam=6.46e-05 accD=0.9688
step=323200 rec=0.007445 dis=0.038702 adv=5.922541 lam=6.464e-05 accD=1.0000
[VAL] epoch=206 val_rec=0.007348 time_min=7.1
step=323400 rec=0.006849 dis=0.088030 adv=6.169756 lam=6.468e-05 accD=0.9688
step=323600 rec=0.007459 dis=0.174992 adv=5.564901 lam=6.472e-05 accD=0.9375
step=323800 rec=0.006524 dis=0.074247 adv=6.214913 lam=6.476e-05 accD=0.9688
step=324000 rec=0.006794 dis=0.179567 adv=5.578614 lam=6.48e-05 accD=0.9375
step=324200 rec=0.007182 dis=0.029161 adv=6.180915 lam=6.484e-05 accD=1.0000
step=324400 rec=0.007345 dis=0.152409 adv=5.276587 lam=6.488e-05 accD=0.9375
step=324600 rec=0.007712 dis=0.065508 adv=5.647387 lam=6.492e-05 accD=1.0000
step=324800 rec=0.007407 dis=0.150723 adv=6.841549 lam=6.496e-05 accD=0.9375
[VAL] epoch=207 val_rec=0.007104 time_min=7.1
step=325000 rec=0.006206 dis=0.093489 adv=4.937255 lam=6.5e-05 accD=0.9688
step=325200 rec=0.007175 dis=0.051831 adv=6.390152 lam=6.504e-05 accD=1.0000
step=325400 rec=0.006585 dis=0.079489 adv=5.166811 lam=6.508e-05 accD=0.9688
step=325600 rec=0.007115 dis=0.133648 adv=5.811518 lam=6.512e-05 accD=0.9688
step=325800 rec=0.007036 dis=0.123890 adv=5.780283 lam=6.516e-05 accD=0.9375
step=326000 rec=0.007086 dis=0.263437 adv=5.814342 lam=6.52e-05 accD=0.9062
step=326200 rec=0.006591 dis=0.236843 adv=6.088412 lam=6.524e-05 accD=0.9375
step=326400 rec=0.008426 dis=0.172188 adv=6.335107 lam=6.528e-05 accD=0.9688
[VAL] epoch=208 val_rec=0.007319 time_min=7.1
step=326600 rec=0.006864 dis=0.151633 adv=6.254071 lam=6.532e-05 accD=0.9062
step=326800 rec=0.007519 dis=0.043445 adv=5.522463 lam=6.536e-05 accD=1.0000
step=327000 rec=0.007628 dis=0.094357 adv=5.961415 lam=6.54e-05 accD=0.9688
step=327200 rec=0.007471 dis=0.075514 adv=6.530787 lam=6.544e-05 accD=0.9688
step=327400 rec=0.007055 dis=0.323249 adv=6.430934 lam=6.548e-05 accD=0.9375
step=327600 rec=0.007599 dis=0.093891 adv=6.254183 lam=6.552e-05 accD=0.9688
step=327800 rec=0.007234 dis=0.030504 adv=5.980700 lam=6.556e-05 accD=1.0000
step=328000 rec=0.007375 dis=0.117999 adv=5.290479 lam=6.56e-05 accD=0.9688
[VAL] epoch=209 val_rec=0.006930 time_min=7.1
step=328200 rec=0.007180 dis=0.051334 adv=5.638819 lam=6.564e-05 accD=1.0000
step=328400 rec=0.008379 dis=0.268555 adv=5.036316 lam=6.568e-05 accD=0.9062
step=328600 rec=0.006774 dis=0.089175 adv=6.377173 lam=6.572e-05 accD=0.9375
step=328800 rec=0.007489 dis=0.064113 adv=6.041432 lam=6.576e-05 accD=0.9688
step=329000 rec=0.006841 dis=0.101855 adv=5.686300 lam=6.58e-05 accD=0.9688
step=329200 rec=0.006960 dis=0.216161 adv=5.415145 lam=6.584e-05 accD=0.9062
step=329400 rec=0.007107 dis=0.160093 adv=5.155828 lam=6.588e-05 accD=0.9062
[VAL] epoch=210 val_rec=0.006961 time_min=7.1
step=329600 rec=0.007081 dis=0.083750 adv=5.974486 lam=6.592e-05 accD=0.9375
step=329800 rec=0.007719 dis=0.336883 adv=5.684214 lam=6.596e-05 accD=0.8438
step=330000 rec=0.008186 dis=0.103608 adv=6.745596 lam=6.6e-05 accD=0.9375
step=330200 rec=0.006727 dis=0.098095 adv=6.304072 lam=6.604e-05 accD=0.9688
step=330400 rec=0.007991 dis=0.287651 adv=5.734169 lam=6.608e-05 accD=0.9375
step=330600 rec=0.008170 dis=0.177145 adv=5.685594 lam=6.612e-05 accD=0.9062
step=330800 rec=0.007898 dis=0.124562 adv=6.042704 lam=6.616e-05 accD=0.9375
step=331000 rec=0.009137 dis=0.055733 adv=6.167464 lam=6.62e-05 accD=1.0000
[VAL] epoch=211 val_rec=0.006866 time_min=7.1
step=331200 rec=0.007314 dis=0.083920 adv=5.368923 lam=6.624e-05 accD=0.9688
step=331400 rec=0.007424 dis=0.037134 adv=5.926960 lam=6.628e-05 accD=1.0000
step=331600 rec=0.006825 dis=0.207039 adv=5.063391 lam=6.632e-05 accD=0.8750
step=331800 rec=0.006181 dis=0.076661 adv=5.258608 lam=6.636e-05 accD=0.9688
step=332000 rec=0.006991 dis=0.131470 adv=4.840886 lam=6.64e-05 accD=0.9062
step=332200 rec=0.007153 dis=0.099306 adv=5.304025 lam=6.644e-05 accD=0.9688
step=332400 rec=0.007635 dis=0.173079 adv=5.874352 lam=6.648e-05 accD=0.9062
step=332600 rec=0.006627 dis=0.225343 adv=6.014973 lam=6.652e-05 accD=0.8750
[VAL] epoch=212 val_rec=0.006968 time_min=7.1
step=332800 rec=0.008121 dis=0.099279 adv=5.698431 lam=6.656e-05 accD=0.9688
step=333000 rec=0.006438 dis=0.049173 adv=6.316705 lam=6.66e-05 accD=1.0000
step=333200 rec=0.008554 dis=0.072977 adv=5.692482 lam=6.664e-05 accD=1.0000
step=333400 rec=0.007312 dis=0.078543 adv=5.936323 lam=6.668e-05 accD=0.9688
step=333600 rec=0.007215 dis=0.147754 adv=5.768875 lam=6.672e-05 accD=0.9062
step=333800 rec=0.006456 dis=0.232691 adv=5.460909 lam=6.676e-05 accD=0.9062
step=334000 rec=0.007177 dis=0.171435 adv=5.207891 lam=6.68e-05 accD=0.9375
step=334200 rec=0.006581 dis=0.204056 adv=5.369162 lam=6.684e-05 accD=0.8750
[VAL] epoch=213 val_rec=0.006984 time_min=7.1
step=334400 rec=0.007313 dis=0.037715 adv=5.997143 lam=6.688e-05 accD=1.0000
step=334600 rec=0.008191 dis=0.134949 adv=5.523180 lam=6.692e-05 accD=0.9375
step=334800 rec=0.008398 dis=0.096648 adv=5.749194 lam=6.696e-05 accD=0.9688
step=335000 rec=0.007584 dis=0.041702 adv=5.772003 lam=6.7e-05 accD=1.0000
step=335200 rec=0.006517 dis=0.144867 adv=5.616631 lam=6.704e-05 accD=0.9375
step=335400 rec=0.008466 dis=0.049275 adv=6.116583 lam=6.708e-05 accD=0.9688
step=335600 rec=0.007284 dis=0.219532 adv=5.846610 lam=6.712e-05 accD=0.9375
step=335800 rec=0.007355 dis=0.109740 adv=5.865359 lam=6.716e-05 accD=0.9375
[VAL] epoch=214 val_rec=0.006967 time_min=7.1
step=336000 rec=0.006724 dis=0.089842 adv=6.577822 lam=6.72e-05 accD=0.9375
step=336200 rec=0.007006 dis=0.064672 adv=5.183212 lam=6.724e-05 accD=0.9688
step=336400 rec=0.006949 dis=0.206755 adv=5.782419 lam=6.728e-05 accD=0.9375
step=336600 rec=0.008006 dis=0.267239 adv=6.541186 lam=6.732e-05 accD=0.9688
step=336800 rec=0.007717 dis=0.147446 adv=5.856592 lam=6.736e-05 accD=0.9375
step=337000 rec=0.006481 dis=0.261638 adv=5.595631 lam=6.74e-05 accD=0.9375
step=337200 rec=0.007701 dis=0.280612 adv=6.384255 lam=6.744e-05 accD=0.9062
[VAL] epoch=215 val_rec=0.006882 time_min=7.1
step=337400 rec=0.007598 dis=0.074972 adv=5.962212 lam=6.748e-05 accD=0.9688
step=337600 rec=0.006754 dis=0.067176 adv=6.416273 lam=6.752e-05 accD=0.9688
step=337800 rec=0.006922 dis=0.060262 adv=5.859993 lam=6.756e-05 accD=1.0000
step=338000 rec=0.007394 dis=0.117697 adv=5.879420 lam=6.76e-05 accD=0.9062
step=338200 rec=0.007161 dis=0.095014 adv=6.449133 lam=6.764e-05 accD=0.9688
step=338400 rec=0.006502 dis=0.234628 adv=6.002654 lam=6.768e-05 accD=0.9375
step=338600 rec=0.006175 dis=0.108540 adv=5.857766 lam=6.772e-05 accD=0.9375
step=338800 rec=0.006528 dis=0.082216 adv=5.806190 lam=6.776e-05 accD=0.9688
[VAL] epoch=216 val_rec=0.007281 time_min=7.1
step=339000 rec=0.008435 dis=0.151214 adv=5.507242 lam=6.78e-05 accD=0.9688
step=339200 rec=0.007076 dis=0.121772 adv=5.535408 lam=6.784e-05 accD=0.9688
step=339400 rec=0.007038 dis=0.173211 adv=4.732452 lam=6.788e-05 accD=0.9062
step=339600 rec=0.006762 dis=0.252191 adv=5.517334 lam=6.792e-05 accD=0.9688
step=339800 rec=0.007050 dis=0.088582 adv=5.623317 lam=6.796e-05 accD=0.9688
step=340000 rec=0.007248 dis=0.257393 adv=4.864909 lam=6.8e-05 accD=0.8438
step=340200 rec=0.007038 dis=0.073402 adv=6.081511 lam=6.804e-05 accD=1.0000
step=340400 rec=0.006852 dis=0.091743 adv=5.213616 lam=6.808e-05 accD=0.9688
[VAL] epoch=217 val_rec=0.006896 time_min=7.1
step=340600 rec=0.007367 dis=0.249366 adv=4.862491 lam=6.812e-05 accD=0.9062
step=340800 rec=0.008018 dis=0.345203 adv=5.803166 lam=6.816e-05 accD=0.8125
step=341000 rec=0.008659 dis=0.218224 adv=5.572109 lam=6.82e-05 accD=0.9062
step=341200 rec=0.006636 dis=0.094005 adv=5.585772 lam=6.824e-05 accD=0.9688
step=341400 rec=0.006648 dis=0.052056 adv=5.684943 lam=6.828e-05 accD=0.9688
step=341600 rec=0.007569 dis=0.143523 adv=6.117085 lam=6.832e-05 accD=0.9375
step=341800 rec=0.007858 dis=0.094776 adv=5.636862 lam=6.836e-05 accD=0.9688
step=342000 rec=0.007228 dis=0.131486 adv=5.918630 lam=6.84e-05 accD=0.9375
[VAL] epoch=218 val_rec=0.007012 time_min=7.1
step=342200 rec=0.008009 dis=0.135358 adv=5.313053 lam=6.844e-05 accD=0.9062
step=342400 rec=0.007345 dis=0.055887 adv=5.573312 lam=6.848e-05 accD=1.0000
step=342600 rec=0.007187 dis=0.084945 adv=5.422478 lam=6.852e-05 accD=0.9688
step=342800 rec=0.007123 dis=0.149189 adv=6.486838 lam=6.856e-05 accD=0.9062
step=343000 rec=0.006312 dis=0.135190 adv=5.358574 lam=6.86e-05 accD=0.9062
step=343200 rec=0.007467 dis=0.144958 adv=5.463284 lam=6.864e-05 accD=0.9062
step=343400 rec=0.006869 dis=0.051235 adv=6.081324 lam=6.868e-05 accD=1.0000
step=343600 rec=0.007105 dis=0.234075 adv=4.673490 lam=6.872e-05 accD=0.9062
[VAL] epoch=219 val_rec=0.007038 time_min=7.1
step=343800 rec=0.006954 dis=0.190971 adv=5.428465 lam=6.876e-05 accD=0.9688
step=344000 rec=0.007471 dis=0.145859 adv=5.415669 lam=6.88e-05 accD=0.9062
step=344200 rec=0.006856 dis=0.101701 adv=5.214578 lam=6.884e-05 accD=0.9688
step=344400 rec=0.008305 dis=0.142757 adv=5.527149 lam=6.888e-05 accD=0.9375
step=344600 rec=0.007309 dis=0.089274 adv=6.074242 lam=6.892e-05 accD=0.9375
step=344800 rec=0.007691 dis=0.417737 adv=5.482453 lam=6.896e-05 accD=0.8750
step=345000 rec=0.006934 dis=0.126895 adv=5.513895 lam=6.9e-05 accD=0.9062
step=345200 rec=0.006890 dis=0.261852 adv=6.079778 lam=6.904e-05 accD=0.9062
[VAL] epoch=220 val_rec=0.006915 time_min=7.2
step=345400 rec=0.007534 dis=0.030866 adv=5.509874 lam=6.908e-05 accD=1.0000
step=345600 rec=0.007281 dis=0.116383 adv=5.724969 lam=6.912e-05 accD=0.9375
step=345800 rec=0.006782 dis=0.210434 adv=5.936109 lam=6.916e-05 accD=0.9062
step=346000 rec=0.008113 dis=0.199175 adv=5.281013 lam=6.92e-05 accD=0.8125
step=346200 rec=0.007123 dis=0.175991 adv=6.010767 lam=6.924e-05 accD=0.9375
step=346400 rec=0.007830 dis=0.186940 adv=6.087094 lam=6.928e-05 accD=0.9062
step=346600 rec=0.007225 dis=0.181331 adv=5.903085 lam=6.932e-05 accD=0.9375
[VAL] epoch=221 val_rec=0.006788 time_min=7.1
step=346800 rec=0.007687 dis=0.106729 adv=6.292234 lam=6.936e-05 accD=0.9688
step=347000 rec=0.006173 dis=0.038501 adv=5.467885 lam=6.94e-05 accD=1.0000
step=347200 rec=0.006869 dis=0.035193 adv=5.762599 lam=6.944e-05 accD=1.0000
step=347400 rec=0.006839 dis=0.153447 adv=5.893893 lam=6.948e-05 accD=0.9375
step=347600 rec=0.006844 dis=0.236635 adv=5.877509 lam=6.952e-05 accD=0.9062
step=347800 rec=0.007298 dis=0.274632 adv=6.181450 lam=6.956e-05 accD=0.9375
step=348000 rec=0.007257 dis=0.099147 adv=5.612420 lam=6.96e-05 accD=0.9688
step=348200 rec=0.006891 dis=0.070998 adv=6.728702 lam=6.964e-05 accD=0.9688
[VAL] epoch=222 val_rec=0.007123 time_min=7.1
step=348400 rec=0.006351 dis=0.139095 adv=5.277436 lam=6.968e-05 accD=0.9062
step=348600 rec=0.007264 dis=0.240275 adv=5.095560 lam=6.972e-05 accD=0.9062
step=348800 rec=0.006792 dis=0.137515 adv=6.096429 lam=6.976e-05 accD=0.9062
step=349000 rec=0.007743 dis=0.096257 adv=6.320176 lam=6.98e-05 accD=0.9688
step=349200 rec=0.006845 dis=0.341548 adv=4.996300 lam=6.984e-05 accD=0.7812
step=349400 rec=0.007376 dis=0.262345 adv=5.775209 lam=6.988e-05 accD=0.9062
step=349600 rec=0.007373 dis=0.072690 adv=5.296257 lam=6.992e-05 accD=1.0000
step=349800 rec=0.006645 dis=0.146579 adv=4.850100 lam=6.996e-05 accD=0.9062
[VAL] epoch=223 val_rec=0.006850 time_min=7.1
step=350000 rec=0.006578 dis=0.030631 adv=6.043661 lam=7e-05 accD=1.0000
step=350200 rec=0.008267 dis=0.149225 adv=6.204239 lam=7.004e-05 accD=0.9375
step=350400 rec=0.007646 dis=0.100800 adv=5.385275 lam=7.008e-05 accD=0.9375
step=350600 rec=0.007445 dis=0.035579 adv=6.105900 lam=7.012e-05 accD=1.0000
step=350800 rec=0.006525 dis=0.133403 adv=5.562857 lam=7.016e-05 accD=0.9062
step=351000 rec=0.007260 dis=0.136681 adv=5.132789 lam=7.02e-05 accD=0.9688
step=351200 rec=0.007168 dis=0.138231 adv=5.632214 lam=7.024e-05 accD=0.9375
step=351400 rec=0.006604 dis=0.087107 adv=6.399640 lam=7.028e-05 accD=0.9688
[VAL] epoch=224 val_rec=0.007011 time_min=7.1
step=351600 rec=0.007673 dis=0.085006 adv=5.959014 lam=7.032e-05 accD=0.9375
step=351800 rec=0.006956 dis=0.176441 adv=5.117807 lam=7.036e-05 accD=0.8750
step=352000 rec=0.006405 dis=0.128969 adv=5.410630 lam=7.04e-05 accD=0.9375
step=352200 rec=0.006874 dis=0.129891 adv=5.575529 lam=7.044e-05 accD=0.9688
step=352400 rec=0.006771 dis=0.147926 adv=6.294402 lam=7.048e-05 accD=0.9375
step=352600 rec=0.006753 dis=0.093991 adv=5.721198 lam=7.052e-05 accD=0.9375
step=352800 rec=0.007077 dis=0.469534 adv=4.704391 lam=7.056e-05 accD=0.8438
step=353000 rec=0.006852 dis=0.181277 adv=5.641379 lam=7.06e-05 accD=0.9062
[VAL] epoch=225 val_rec=0.006895 time_min=7.1
step=353200 rec=0.007598 dis=0.082808 adv=5.720675 lam=7.064e-05 accD=0.9688
step=353400 rec=0.008157 dis=0.150827 adv=5.689246 lam=7.068e-05 accD=0.9062
step=353600 rec=0.007695 dis=0.173887 adv=5.342907 lam=7.072e-05 accD=0.9062
step=353800 rec=0.006618 dis=0.026490 adv=5.781204 lam=7.076e-05 accD=1.0000
step=354000 rec=0.007302 dis=0.211471 adv=5.809455 lam=7.08e-05 accD=0.9375
step=354200 rec=0.007655 dis=0.215284 adv=5.063968 lam=7.084e-05 accD=0.9062
step=354400 rec=0.006713 dis=0.030690 adv=6.634398 lam=7.088e-05 accD=1.0000
[VAL] epoch=226 val_rec=0.006790 time_min=7.1
step=354600 rec=0.007878 dis=0.087802 adv=5.177464 lam=7.092e-05 accD=0.9688
step=354800 rec=0.007322 dis=0.100953 adv=5.713953 lam=7.096e-05 accD=0.9688
step=355000 rec=0.006788 dis=0.140498 adv=6.294754 lam=7.1e-05 accD=0.9375
step=355200 rec=0.005929 dis=0.122153 adv=5.805240 lam=7.104e-05 accD=0.9375
step=355400 rec=0.006501 dis=0.220360 adv=5.449682 lam=7.108e-05 accD=0.9375
step=355600 rec=0.008369 dis=0.085476 adv=6.418596 lam=7.112e-05 accD=0.9688
step=355800 rec=0.006849 dis=0.189474 adv=6.019037 lam=7.116e-05 accD=0.8750
step=356000 rec=0.008011 dis=0.370986 adv=5.112593 lam=7.12e-05 accD=0.7500
[VAL] epoch=227 val_rec=0.006810 time_min=7.2
step=356200 rec=0.006390 dis=0.096064 adv=5.591690 lam=7.124e-05 accD=0.9688
step=356400 rec=0.007124 dis=0.124287 adv=6.391938 lam=7.128e-05 accD=0.9688
step=356600 rec=0.006593 dis=0.328987 adv=5.756845 lam=7.132e-05 accD=0.9375
step=356800 rec=0.006473 dis=0.034454 adv=5.565561 lam=7.136e-05 accD=1.0000
step=357000 rec=0.007189 dis=0.230870 adv=5.937570 lam=7.14e-05 accD=0.9375
step=357200 rec=0.007241 dis=0.072907 adv=4.984302 lam=7.144e-05 accD=1.0000
step=357400 rec=0.007599 dis=0.117411 adv=5.523413 lam=7.148e-05 accD=0.9375
step=357600 rec=0.008598 dis=0.120854 adv=5.724867 lam=7.152e-05 accD=0.9688
[VAL] epoch=228 val_rec=0.006902 time_min=7.1
step=357800 rec=0.006640 dis=0.056675 adv=6.093145 lam=7.156e-05 accD=0.9688
step=358000 rec=0.008881 dis=0.218244 adv=5.931334 lam=7.16e-05 accD=0.8750
step=358200 rec=0.006312 dis=0.059301 adv=5.408419 lam=7.164e-05 accD=1.0000
step=358400 rec=0.007208 dis=0.225168 adv=5.538791 lam=7.168e-05 accD=0.9375
step=358600 rec=0.007513 dis=0.122362 adv=5.746508 lam=7.172e-05 accD=0.9062
step=358800 rec=0.006061 dis=0.176916 adv=5.159641 lam=7.176e-05 accD=0.9375
step=359000 rec=0.007383 dis=0.049523 adv=6.003147 lam=7.18e-05 accD=1.0000
step=359200 rec=0.008471 dis=0.090924 adv=6.092462 lam=7.184e-05 accD=0.9688
[VAL] epoch=229 val_rec=0.006857 time_min=7.1
step=359400 rec=0.006815 dis=0.063283 adv=5.607465 lam=7.188e-05 accD=0.9688
step=359600 rec=0.006491 dis=0.108140 adv=5.973830 lam=7.192e-05 accD=0.9688
step=359800 rec=0.006299 dis=0.143072 adv=5.196733 lam=7.196e-05 accD=0.9375
step=360000 rec=0.005838 dis=0.037744 adv=5.125489 lam=7.2e-05 accD=1.0000
step=360200 rec=0.006123 dis=0.139530 adv=4.879558 lam=7.204e-05 accD=0.9062
step=360400 rec=0.006050 dis=0.083337 adv=5.570826 lam=7.208e-05 accD=0.9688
step=360600 rec=0.007571 dis=0.034960 adv=6.001038 lam=7.212e-05 accD=1.0000
step=360800 rec=0.006501 dis=0.195135 adv=6.285334 lam=7.216e-05 accD=0.9375
[VAL] epoch=230 val_rec=0.006876 time_min=7.1
step=361000 rec=0.007101 dis=0.171953 adv=6.299871 lam=7.22e-05 accD=0.9375
step=361200 rec=0.007921 dis=0.158573 adv=5.567345 lam=7.224e-05 accD=0.9375
step=361400 rec=0.007269 dis=0.268507 adv=5.457030 lam=7.228e-05 accD=0.9062
step=361600 rec=0.007030 dis=0.108100 adv=5.358999 lam=7.232e-05 accD=0.9688
step=361800 rec=0.007620 dis=0.132736 adv=5.633592 lam=7.236e-05 accD=0.8750
step=362000 rec=0.007091 dis=0.249903 adv=5.789949 lam=7.24e-05 accD=0.9688
step=362200 rec=0.005947 dis=0.073850 adv=5.575086 lam=7.244e-05 accD=0.9688
[VAL] epoch=231 val_rec=0.006810 time_min=7.1
step=362400 rec=0.006714 dis=0.373809 adv=5.504269 lam=7.248e-05 accD=0.8750
step=362600 rec=0.007223 dis=0.210841 adv=6.080853 lam=7.252e-05 accD=0.9062
step=362800 rec=0.008336 dis=0.270958 adv=5.657897 lam=7.256e-05 accD=0.8750
step=363000 rec=0.007483 dis=0.169658 adv=5.795773 lam=7.26e-05 accD=0.9062
step=363200 rec=0.005846 dis=0.171030 adv=5.539023 lam=7.264e-05 accD=0.9688
step=363400 rec=0.006404 dis=0.290788 adv=5.537515 lam=7.268e-05 accD=0.9375
step=363600 rec=0.006715 dis=0.188971 adv=5.308291 lam=7.272e-05 accD=0.9375
step=363800 rec=0.006689 dis=0.220256 adv=6.011388 lam=7.276e-05 accD=0.9062
[VAL] epoch=232 val_rec=0.006841 time_min=7.1
step=364000 rec=0.007450 dis=0.084102 adv=5.127256 lam=7.28e-05 accD=1.0000
step=364200 rec=0.006360 dis=0.104927 adv=5.913351 lam=7.284e-05 accD=0.9375
step=364400 rec=0.006360 dis=0.135807 adv=6.023910 lam=7.288e-05 accD=0.9062
step=364600 rec=0.007256 dis=0.116997 adv=5.685039 lam=7.292e-05 accD=0.9688
step=364800 rec=0.006963 dis=0.191840 adv=5.426353 lam=7.296e-05 accD=0.9375
step=365000 rec=0.006794 dis=0.163716 adv=5.767115 lam=7.3e-05 accD=0.9375
step=365200 rec=0.008906 dis=0.078518 adv=6.617202 lam=7.304e-05 accD=1.0000
step=365400 rec=0.008535 dis=0.236920 adv=5.804364 lam=7.308e-05 accD=0.9062
[VAL] epoch=233 val_rec=0.007207 time_min=7.1
step=365600 rec=0.007230 dis=0.358539 adv=5.559807 lam=7.312e-05 accD=0.9375
step=365800 rec=0.007142 dis=0.106514 adv=5.154363 lam=7.316e-05 accD=0.9688
step=366000 rec=0.007662 dis=0.164273 adv=5.680285 lam=7.32e-05 accD=0.9062
step=366200 rec=0.007203 dis=0.118936 adv=4.759313 lam=7.324e-05 accD=0.9688
step=366400 rec=0.007151 dis=0.346968 adv=5.192806 lam=7.328e-05 accD=0.8750
step=366600 rec=0.006759 dis=0.155721 adv=5.464656 lam=7.332e-05 accD=0.9375
step=366800 rec=0.006382 dis=0.116564 adv=4.773176 lam=7.336e-05 accD=0.9062
step=367000 rec=0.008224 dis=0.098127 adv=6.082031 lam=7.34e-05 accD=0.9375
[VAL] epoch=234 val_rec=0.006868 time_min=7.2
step=367200 rec=0.007470 dis=0.048653 adv=5.828279 lam=7.344e-05 accD=0.9688
step=367400 rec=0.007104 dis=0.148588 adv=5.637290 lam=7.348e-05 accD=0.9375
step=367600 rec=0.005968 dis=0.047878 adv=4.756952 lam=7.352e-05 accD=1.0000
step=367800 rec=0.007880 dis=0.162974 adv=5.875793 lam=7.356e-05 accD=0.9062
step=368000 rec=0.006513 dis=0.224301 adv=5.189949 lam=7.36e-05 accD=0.9062
step=368200 rec=0.007036 dis=0.090347 adv=5.342359 lam=7.364e-05 accD=0.9375
step=368400 rec=0.007138 dis=0.180579 adv=5.624039 lam=7.368e-05 accD=0.9375
step=368600 rec=0.007976 dis=0.118261 adv=5.965252 lam=7.372e-05 accD=0.9375
[VAL] epoch=235 val_rec=0.006718 time_min=7.4
step=368800 rec=0.006694 dis=0.068092 adv=4.839394 lam=7.376e-05 accD=1.0000
step=369000 rec=0.006447 dis=0.113763 adv=5.811685 lam=7.38e-05 accD=0.9688
step=369200 rec=0.008166 dis=0.163553 adv=5.801630 lam=7.384e-05 accD=0.9375
step=369400 rec=0.007151 dis=0.027048 adv=5.814435 lam=7.388e-05 accD=1.0000
step=369600 rec=0.007141 dis=0.105484 adv=5.537576 lam=7.392e-05 accD=0.9688
step=369800 rec=0.006669 dis=0.133751 adv=5.459532 lam=7.396e-05 accD=0.9375
step=370000 rec=0.007015 dis=0.057147 adv=5.691559 lam=7.4e-05 accD=0.9688
[VAL] epoch=236 val_rec=0.006967 time_min=7.5
step=370200 rec=0.007002 dis=0.123371 adv=5.710473 lam=7.404e-05 accD=0.9375
step=370400 rec=0.006363 dis=0.111203 adv=5.675343 lam=7.408e-05 accD=0.9375
step=370600 rec=0.008530 dis=0.203155 adv=5.324596 lam=7.412e-05 accD=0.8750
step=370800 rec=0.008010 dis=0.087918 adv=6.363312 lam=7.416e-05 accD=0.9688
step=371000 rec=0.007147 dis=0.250966 adv=5.087349 lam=7.42e-05 accD=0.9375
step=371200 rec=0.009578 dis=0.216742 adv=5.697012 lam=7.424e-05 accD=0.9062
step=371400 rec=0.007558 dis=0.042655 adv=5.854823 lam=7.428e-05 accD=1.0000
step=371600 rec=0.006380 dis=0.123740 adv=5.548304 lam=7.432e-05 accD=0.9062
[VAL] epoch=237 val_rec=0.006832 time_min=7.5
step=371800 rec=0.008149 dis=0.126645 adv=5.487514 lam=7.436e-05 accD=0.9375
step=372000 rec=0.006985 dis=0.201505 adv=5.708448 lam=7.44e-05 accD=0.9062
step=372200 rec=0.007423 dis=0.052230 adv=5.395167 lam=7.444e-05 accD=1.0000
step=372400 rec=0.008581 dis=0.180711 adv=4.717275 lam=7.448e-05 accD=0.9375
step=372600 rec=0.007448 dis=0.106945 adv=5.530284 lam=7.452e-05 accD=0.9688
step=372800 rec=0.006366 dis=0.136375 adv=5.847696 lam=7.456e-05 accD=0.9375
step=373000 rec=0.006772 dis=0.156925 adv=5.161435 lam=7.46e-05 accD=0.8750
step=373200 rec=0.006906 dis=0.074952 adv=5.178099 lam=7.464e-05 accD=0.9688
[VAL] epoch=238 val_rec=0.007052 time_min=7.5
step=373400 rec=0.005206 dis=0.194137 adv=5.551518 lam=7.468e-05 accD=0.8750
step=373600 rec=0.007941 dis=0.087949 adv=5.665439 lam=7.472e-05 accD=0.9688
step=373800 rec=0.008983 dis=0.115192 adv=5.681856 lam=7.476e-05 accD=0.9375
step=374000 rec=0.007516 dis=0.052139 adv=5.148851 lam=7.48e-05 accD=1.0000
step=374200 rec=0.006570 dis=0.039883 adv=6.046408 lam=7.484e-05 accD=1.0000
step=374400 rec=0.007467 dis=0.094018 adv=5.009875 lam=7.488e-05 accD=0.9688
step=374600 rec=0.006168 dis=0.115491 adv=5.349465 lam=7.492e-05 accD=0.9688
step=374800 rec=0.006456 dis=0.104546 adv=5.113089 lam=7.496e-05 accD=0.9688
[VAL] epoch=239 val_rec=0.007023 time_min=7.4
step=375000 rec=0.006967 dis=0.202889 adv=5.017798 lam=7.5e-05 accD=0.9062
step=375200 rec=0.006474 dis=0.232469 adv=6.552971 lam=7.504e-05 accD=0.9062
step=375400 rec=0.006687 dis=0.113195 adv=5.403360 lam=7.508e-05 accD=0.9375
step=375600 rec=0.006822 dis=0.208079 adv=5.281175 lam=7.512e-05 accD=0.9375
step=375800 rec=0.007157 dis=0.059478 adv=5.993166 lam=7.516e-05 accD=0.9688
step=376000 rec=0.006391 dis=0.414812 adv=5.046833 lam=7.52e-05 accD=0.8438
step=376200 rec=0.007297 dis=0.140834 adv=5.191527 lam=7.524e-05 accD=0.9375
step=376400 rec=0.007592 dis=0.111409 adv=5.809122 lam=7.528e-05 accD=0.9375
[VAL] epoch=240 val_rec=0.006981 time_min=7.5
step=376600 rec=0.008116 dis=0.141687 adv=6.177731 lam=7.532e-05 accD=0.9375
step=376800 rec=0.008460 dis=0.298222 adv=6.184166 lam=7.536e-05 accD=0.9375
step=377000 rec=0.006618 dis=0.104319 adv=6.456703 lam=7.54e-05 accD=0.9375
step=377200 rec=0.006489 dis=0.061168 adv=5.174076 lam=7.544e-05 accD=0.9688
step=377400 rec=0.006874 dis=0.288394 adv=5.939137 lam=7.548e-05 accD=0.8750
step=377600 rec=0.006687 dis=0.209683 adv=5.415718 lam=7.552e-05 accD=0.9375
step=377800 rec=0.005945 dis=0.179910 adv=5.245766 lam=7.556e-05 accD=0.9375
step=378000 rec=0.008243 dis=0.097196 adv=5.543615 lam=7.56e-05 accD=0.9688
[VAL] epoch=241 val_rec=0.006882 time_min=7.4
step=378200 rec=0.007575 dis=0.027501 adv=5.797061 lam=7.564e-05 accD=1.0000
step=378400 rec=0.007026 dis=0.239038 adv=5.635502 lam=7.568e-05 accD=0.9062
step=378600 rec=0.006740 dis=0.105764 adv=5.251469 lam=7.572e-05 accD=0.9688
step=378800 rec=0.006754 dis=0.109987 adv=5.855678 lam=7.576e-05 accD=0.9688
step=379000 rec=0.007812 dis=0.356790 adv=5.630071 lam=7.58e-05 accD=0.8438
step=379200 rec=0.006223 dis=0.224171 adv=5.017567 lam=7.584e-05 accD=0.9375
step=379400 rec=0.007146 dis=0.067218 adv=5.556961 lam=7.588e-05 accD=0.9688
[VAL] epoch=242 val_rec=0.006870 time_min=7.4
step=379600 rec=0.007163 dis=0.104808 adv=5.084495 lam=7.592e-05 accD=0.9688
step=379800 rec=0.007509 dis=0.060413 adv=5.848183 lam=7.596e-05 accD=0.9688
step=380000 rec=0.007056 dis=0.050117 adv=6.373929 lam=7.6e-05 accD=1.0000
step=380200 rec=0.007735 dis=0.123609 adv=5.438362 lam=7.604e-05 accD=0.9062
step=380400 rec=0.007302 dis=0.074476 adv=6.617690 lam=7.608e-05 accD=0.9688
step=380600 rec=0.006876 dis=0.068058 adv=5.565628 lam=7.612e-05 accD=0.9688
step=380800 rec=0.006933 dis=0.038453 adv=5.650779 lam=7.616e-05 accD=1.0000
step=381000 rec=0.008211 dis=0.059081 adv=5.970360 lam=7.62e-05 accD=1.0000
[VAL] epoch=243 val_rec=0.006892 time_min=7.5
step=381200 rec=0.006413 dis=0.138672 adv=5.445467 lam=7.624e-05 accD=0.9375
step=381400 rec=0.007333 dis=0.297750 adv=5.284731 lam=7.628e-05 accD=0.9062
step=381600 rec=0.007694 dis=0.143971 adv=4.653282 lam=7.632e-05 accD=0.9375
step=381800 rec=0.007022 dis=0.148405 adv=5.936769 lam=7.636e-05 accD=0.9688
step=382000 rec=0.008396 dis=0.058836 adv=5.085420 lam=7.64e-05 accD=1.0000
step=382200 rec=0.006607 dis=0.104330 adv=5.766717 lam=7.644e-05 accD=0.9375
step=382400 rec=0.007234 dis=0.282837 adv=6.141495 lam=7.648e-05 accD=0.9062
step=382600 rec=0.006924 dis=0.122351 adv=5.272079 lam=7.652e-05 accD=0.9688
[VAL] epoch=244 val_rec=0.007533 time_min=7.4
step=382800 rec=0.007795 dis=0.112728 adv=6.057753 lam=7.656e-05 accD=0.9688
step=383000 rec=0.006526 dis=0.118859 adv=5.273286 lam=7.66e-05 accD=0.9688
step=383200 rec=0.008163 dis=0.077365 adv=6.412969 lam=7.664e-05 accD=0.9688
step=383400 rec=0.005717 dis=0.306286 adv=5.303672 lam=7.668e-05 accD=0.8438
step=383600 rec=0.007291 dis=0.250154 adv=5.727295 lam=7.672e-05 accD=0.9062
step=383800 rec=0.008211 dis=0.062745 adv=5.612223 lam=7.676e-05 accD=0.9688
step=384000 rec=0.006694 dis=0.089984 adv=5.619940 lam=7.68e-05 accD=0.9375
step=384200 rec=0.006467 dis=0.151113 adv=4.944609 lam=7.684e-05 accD=0.9688
[VAL] epoch=245 val_rec=0.006944 time_min=7.4
step=384400 rec=0.007026 dis=0.174072 adv=5.396790 lam=7.688e-05 accD=0.9375
step=384600 rec=0.006084 dis=0.115027 adv=5.491331 lam=7.692e-05 accD=0.9375
step=384800 rec=0.007881 dis=0.288334 adv=5.817357 lam=7.696e-05 accD=0.8438
step=385000 rec=0.007034 dis=0.175608 adv=5.379589 lam=7.7e-05 accD=0.8750
step=385200 rec=0.006817 dis=0.158137 adv=5.310234 lam=7.704e-05 accD=0.9062
step=385400 rec=0.007270 dis=0.142882 adv=5.180093 lam=7.708e-05 accD=0.9688
step=385600 rec=0.006817 dis=0.022466 adv=5.926127 lam=7.712e-05 accD=1.0000
step=385800 rec=0.006824 dis=0.114682 adv=5.766445 lam=7.716e-05 accD=0.9688
[VAL] epoch=246 val_rec=0.006775 time_min=7.4
step=386000 rec=0.006991 dis=0.225767 adv=5.517271 lam=7.72e-05 accD=0.9375
step=386200 rec=0.007062 dis=0.063912 adv=5.513683 lam=7.724e-05 accD=1.0000
step=386400 rec=0.007430 dis=0.122396 adv=5.349504 lam=7.728e-05 accD=0.9375
step=386600 rec=0.006981 dis=0.079969 adv=5.892694 lam=7.732e-05 accD=0.9688
step=386800 rec=0.007265 dis=0.275028 adv=5.429446 lam=7.736e-05 accD=0.8750
step=387000 rec=0.007366 dis=0.082477 adv=6.662546 lam=7.74e-05 accD=0.9375
step=387200 rec=0.007502 dis=0.059171 adv=5.433618 lam=7.744e-05 accD=1.0000
[VAL] epoch=247 val_rec=0.007003 time_min=7.4
step=387400 rec=0.006062 dis=0.261992 adv=5.097269 lam=7.748e-05 accD=0.9062
step=387600 rec=0.007248 dis=0.157702 adv=5.166483 lam=7.752e-05 accD=0.9375
step=387800 rec=0.006805 dis=0.115958 adv=4.859494 lam=7.756e-05 accD=0.9688
step=388000 rec=0.007400 dis=0.052036 adv=5.860417 lam=7.76e-05 accD=1.0000
step=388200 rec=0.006561 dis=0.162508 adv=6.448624 lam=7.764e-05 accD=0.9688
step=388400 rec=0.007164 dis=0.319449 adv=4.891444 lam=7.768e-05 accD=0.8750
step=388600 rec=0.007588 dis=0.191008 adv=5.438550 lam=7.772e-05 accD=0.9375
step=388800 rec=0.007449 dis=0.127183 adv=5.917679 lam=7.776e-05 accD=0.9375
[VAL] epoch=248 val_rec=0.006814 time_min=7.4
step=389000 rec=0.007647 dis=0.097881 adv=5.891470 lam=7.78e-05 accD=0.9688
step=389200 rec=0.007994 dis=0.180056 adv=5.242439 lam=7.784e-05 accD=0.9375
step=389400 rec=0.007723 dis=0.060470 adv=5.994414 lam=7.788e-05 accD=1.0000
step=389600 rec=0.007375 dis=0.114412 adv=6.394061 lam=7.792e-05 accD=0.9375
step=389800 rec=0.006840 dis=0.119376 adv=5.366144 lam=7.796e-05 accD=0.9688
step=390000 rec=0.007127 dis=0.111913 adv=5.748951 lam=7.8e-05 accD=0.9688
step=390200 rec=0.007999 dis=0.170359 adv=5.444403 lam=7.804e-05 accD=0.9062
step=390400 rec=0.005856 dis=0.227269 adv=5.446035 lam=7.808e-05 accD=0.9375
[VAL] epoch=249 val_rec=0.007224 time_min=7.5
step=390600 rec=0.007065 dis=0.052757 adv=6.165620 lam=7.812e-05 accD=0.9688
step=390800 rec=0.007153 dis=0.130669 adv=5.834221 lam=7.816e-05 accD=0.9688
step=391000 rec=0.006235 dis=0.093732 adv=5.451631 lam=7.82e-05 accD=0.9688
step=391200 rec=0.006205 dis=0.078651 adv=5.647605 lam=7.824e-05 accD=0.9688
step=391400 rec=0.007102 dis=0.246492 adv=5.050068 lam=7.828e-05 accD=0.8750
step=391600 rec=0.006993 dis=0.230733 adv=5.266577 lam=7.832e-05 accD=0.8438
step=391800 rec=0.007017 dis=0.077563 adv=5.414539 lam=7.836e-05 accD=0.9688
step=392000 rec=0.005806 dis=0.133896 adv=5.286736 lam=7.84e-05 accD=0.9688
[VAL] epoch=250 val_rec=0.006979 time_min=7.6
step=392200 rec=0.007601 dis=0.108690 adv=4.800507 lam=7.844e-05 accD=0.9688
step=392400 rec=0.006877 dis=0.083798 adv=5.666252 lam=7.848e-05 accD=0.9688
step=392600 rec=0.006888 dis=0.280507 adv=6.189450 lam=7.852e-05 accD=0.8750
step=392800 rec=0.006622 dis=0.265272 adv=6.109555 lam=7.856e-05 accD=0.8438
step=393000 rec=0.007038 dis=0.145986 adv=5.154823 lam=7.86e-05 accD=0.9062
step=393200 rec=0.007099 dis=0.104149 adv=5.548901 lam=7.864e-05 accD=0.9688
step=393400 rec=0.007025 dis=0.063224 adv=5.961770 lam=7.868e-05 accD=1.0000
step=393600 rec=0.008266 dis=0.105081 adv=5.906562 lam=7.872e-05 accD=0.9375
[VAL] epoch=251 val_rec=0.006763 time_min=7.6
step=393800 rec=0.006755 dis=0.216673 adv=4.311387 lam=7.876e-05 accD=0.8750
step=394000 rec=0.006791 dis=0.149853 adv=5.610861 lam=7.88e-05 accD=0.9375
step=394200 rec=0.006904 dis=0.052172 adv=5.812033 lam=7.884e-05 accD=1.0000
step=394400 rec=0.007295 dis=0.289443 adv=5.480953 lam=7.888e-05 accD=0.9062
step=394600 rec=0.007240 dis=0.101488 adv=5.923379 lam=7.892e-05 accD=0.9688
step=394800 rec=0.005748 dis=0.095395 adv=5.424780 lam=7.896e-05 accD=0.9688
step=395000 rec=0.006764 dis=0.193703 adv=5.652798 lam=7.9e-05 accD=0.9062
[VAL] epoch=252 val_rec=0.006780 time_min=7.5
step=395200 rec=0.006714 dis=0.108393 adv=5.020963 lam=7.904e-05 accD=0.9688
step=395400 rec=0.006755 dis=0.105662 adv=5.211487 lam=7.908e-05 accD=0.9688
step=395600 rec=0.007151 dis=0.055180 adv=6.226322 lam=7.912e-05 accD=1.0000
step=395800 rec=0.006490 dis=0.092654 adv=4.974166 lam=7.916e-05 accD=1.0000
step=396000 rec=0.006313 dis=0.089082 adv=5.945515 lam=7.92e-05 accD=1.0000
step=396200 rec=0.007893 dis=0.060176 adv=6.082651 lam=7.924e-05 accD=0.9688
step=396400 rec=0.008092 dis=0.035469 adv=6.640251 lam=7.928e-05 accD=1.0000
step=396600 rec=0.006577 dis=0.355208 adv=5.748569 lam=7.932e-05 accD=0.9062
[VAL] epoch=253 val_rec=0.006914 time_min=7.5
step=396800 rec=0.007143 dis=0.144155 adv=5.824593 lam=7.936e-05 accD=0.9375
step=397000 rec=0.007879 dis=0.095437 adv=6.047509 lam=7.94e-05 accD=0.9688
step=397200 rec=0.008972 dis=0.076809 adv=5.111900 lam=7.944e-05 accD=1.0000
step=397400 rec=0.007031 dis=0.133156 adv=5.272853 lam=7.948e-05 accD=0.9375
step=397600 rec=0.006154 dis=0.041303 adv=5.797950 lam=7.952e-05 accD=1.0000
step=397800 rec=0.007346 dis=0.036102 adv=5.934340 lam=7.956e-05 accD=1.0000
step=398000 rec=0.005939 dis=0.127175 adv=4.843274 lam=7.96e-05 accD=0.9688
step=398200 rec=0.006591 dis=0.190833 adv=5.502914 lam=7.964e-05 accD=0.9062
[VAL] epoch=254 val_rec=0.006763 time_min=7.6
step=398400 rec=0.006511 dis=0.051820 adv=5.658386 lam=7.968e-05 accD=1.0000
step=398600 rec=0.006403 dis=0.044881 adv=5.574627 lam=7.972e-05 accD=0.9688
step=398800 rec=0.006037 dis=0.178294 adv=6.424475 lam=7.976e-05 accD=0.9375
step=399000 rec=0.006968 dis=0.090878 adv=4.667129 lam=7.98e-05 accD=1.0000
step=399200 rec=0.009308 dis=0.222717 adv=5.635526 lam=7.984e-05 accD=0.8750
step=399400 rec=0.007196 dis=0.169458 adv=6.751410 lam=7.988e-05 accD=0.9375
step=399600 rec=0.006553 dis=0.123827 adv=4.992864 lam=7.992e-05 accD=0.9375
step=399800 rec=0.007029 dis=0.118543 adv=5.359628 lam=7.996e-05 accD=0.9375
[VAL] epoch=255 val_rec=0.006839 time_min=7.6
step=400000 rec=0.006778 dis=0.208111 adv=4.974081 lam=8e-05 accD=0.8750
step=400200 rec=0.005930 dis=0.124845 adv=5.509940 lam=8.004e-05 accD=0.9375
step=400400 rec=0.006693 dis=0.238481 adv=5.189647 lam=8.008e-05 accD=0.8750
step=400600 rec=0.006362 dis=0.071344 adv=5.096914 lam=8.012e-05 accD=1.0000
step=400800 rec=0.008113 dis=0.074277 adv=5.369287 lam=8.016e-05 accD=0.9688
step=401000 rec=0.006943 dis=0.103682 adv=5.090055 lam=8.02e-05 accD=0.9688
step=401200 rec=0.007082 dis=0.111393 adv=4.924699 lam=8.024e-05 accD=0.9375
step=401400 rec=0.006667 dis=0.265371 adv=5.646467 lam=8.028e-05 accD=0.9375
[VAL] epoch=256 val_rec=0.006941 time_min=7.7
step=401600 rec=0.006638 dis=0.104128 adv=5.573862 lam=8.032e-05 accD=0.9688
step=401800 rec=0.007812 dis=0.312845 adv=4.880055 lam=8.036e-05 accD=0.9062
step=402000 rec=0.007638 dis=0.166812 adv=5.560607 lam=8.04e-05 accD=0.9375
step=402200 rec=0.009004 dis=0.110903 adv=5.305352 lam=8.044e-05 accD=0.9375
step=402400 rec=0.007448 dis=0.196103 adv=5.029501 lam=8.048e-05 accD=0.9062
step=402600 rec=0.006731 dis=0.210137 adv=5.725125 lam=8.052e-05 accD=0.9062
step=402800 rec=0.007203 dis=0.194708 adv=5.487377 lam=8.056e-05 accD=0.9062
[VAL] epoch=257 val_rec=0.006802 time_min=7.5
step=403000 rec=0.006068 dis=0.057575 adv=6.077547 lam=8.06e-05 accD=0.9688
step=403200 rec=0.006254 dis=0.244792 adv=5.464646 lam=8.064e-05 accD=0.9375
step=403400 rec=0.007299 dis=0.059294 adv=5.498374 lam=8.068e-05 accD=1.0000
step=403600 rec=0.008313 dis=0.048790 adv=5.703132 lam=8.072e-05 accD=1.0000
step=403800 rec=0.007627 dis=0.046678 adv=6.436868 lam=8.076e-05 accD=1.0000
step=404000 rec=0.006485 dis=0.427537 adv=5.909005 lam=8.08e-05 accD=0.8750
step=404200 rec=0.006947 dis=0.203078 adv=5.361259 lam=8.084e-05 accD=0.9688
step=404400 rec=0.008722 dis=0.244224 adv=6.210227 lam=8.088e-05 accD=0.8750
[VAL] epoch=258 val_rec=0.006883 time_min=7.5
step=404600 rec=0.008281 dis=0.161932 adv=5.194498 lam=8.092e-05 accD=0.9688
step=404800 rec=0.006608 dis=0.255125 adv=5.806230 lam=8.096e-05 accD=0.8125
step=405000 rec=0.007978 dis=0.073064 adv=5.650615 lam=8.1e-05 accD=0.9688
step=405200 rec=0.006210 dis=0.091434 adv=5.371254 lam=8.104e-05 accD=1.0000
step=405400 rec=0.006965 dis=0.065197 adv=5.297223 lam=8.108e-05 accD=1.0000
step=405600 rec=0.005845 dis=0.204739 adv=5.373717 lam=8.112e-05 accD=0.9688
step=405800 rec=0.007247 dis=0.214364 adv=4.964691 lam=8.116e-05 accD=0.9062
step=406000 rec=0.006551 dis=0.142918 adv=6.077330 lam=8.12e-05 accD=0.9062
[VAL] epoch=259 val_rec=0.006814 time_min=7.5
step=406200 rec=0.007314 dis=0.268843 adv=5.821281 lam=8.124e-05 accD=0.9062
step=406400 rec=0.007968 dis=0.264051 adv=5.293196 lam=8.128e-05 accD=0.8750
step=406600 rec=0.005908 dis=0.072003 adv=5.659946 lam=8.132e-05 accD=1.0000
step=406800 rec=0.006945 dis=0.184263 adv=4.217887 lam=8.136e-05 accD=0.9688
step=407000 rec=0.006770 dis=0.212072 adv=5.679056 lam=8.14e-05 accD=0.8750
step=407200 rec=0.006614 dis=0.123696 adv=5.609423 lam=8.144e-05 accD=0.9375
step=407400 rec=0.005712 dis=0.262310 adv=5.423980 lam=8.148e-05 accD=0.8750
step=407600 rec=0.007678 dis=0.221997 adv=5.467939 lam=8.152e-05 accD=0.8750
[VAL] epoch=260 val_rec=0.006814 time_min=7.5
step=407800 rec=0.007066 dis=0.018868 adv=5.753105 lam=8.156e-05 accD=1.0000
step=408000 rec=0.005936 dis=0.088633 adv=5.710313 lam=8.16e-05 accD=0.9688
step=408200 rec=0.007188 dis=0.097246 adv=5.761845 lam=8.164e-05 accD=0.9688
step=408400 rec=0.006121 dis=0.021642 adv=5.949596 lam=8.168e-05 accD=1.0000
step=408600 rec=0.007888 dis=0.081575 adv=5.427556 lam=8.172e-05 accD=0.9688
step=408800 rec=0.008265 dis=0.330013 adv=5.558581 lam=8.176e-05 accD=0.8438
step=409000 rec=0.007331 dis=0.319742 adv=5.275973 lam=8.18e-05 accD=0.8750
step=409200 rec=0.007047 dis=0.121134 adv=5.621646 lam=8.184e-05 accD=0.9375
[VAL] epoch=261 val_rec=0.006917 time_min=7.5
step=409400 rec=0.007899 dis=0.284102 adv=5.020221 lam=8.188e-05 accD=0.9062
step=409600 rec=0.006670 dis=0.168570 adv=4.940962 lam=8.192e-05 accD=0.9062
step=409800 rec=0.006249 dis=0.186272 adv=5.044732 lam=8.196e-05 accD=0.9062
step=410000 rec=0.006542 dis=0.088743 adv=5.373667 lam=8.2e-05 accD=0.9688
step=410200 rec=0.007214 dis=0.175585 adv=5.396070 lam=8.204e-05 accD=0.8750
step=410400 rec=0.006729 dis=0.099623 adv=5.379615 lam=8.208e-05 accD=0.9688
step=410600 rec=0.007275 dis=0.142002 adv=5.839356 lam=8.212e-05 accD=0.9688
step=410800 rec=0.006148 dis=0.099113 adv=5.556138 lam=8.216e-05 accD=0.9688
[VAL] epoch=262 val_rec=0.007051 time_min=7.6
step=411000 rec=0.007465 dis=0.126786 adv=5.393258 lam=8.22e-05 accD=0.9375
step=411200 rec=0.006016 dis=0.093307 adv=6.525087 lam=8.224e-05 accD=0.9375
step=411400 rec=0.007184 dis=0.044647 adv=5.530334 lam=8.228e-05 accD=0.9688
step=411600 rec=0.006673 dis=0.245856 adv=6.099389 lam=8.232e-05 accD=0.9062
step=411800 rec=0.006301 dis=0.208465 adv=4.961975 lam=8.236e-05 accD=0.9062
step=412000 rec=0.007039 dis=0.122257 adv=5.653592 lam=8.24e-05 accD=0.9688
step=412200 rec=0.006162 dis=0.092891 adv=4.815681 lam=8.244e-05 accD=0.9688
[VAL] epoch=263 val_rec=0.007542 time_min=7.5
step=412400 rec=0.006345 dis=0.027466 adv=5.520623 lam=8.248e-05 accD=1.0000
step=412600 rec=0.007137 dis=0.063455 adv=6.136097 lam=8.252e-05 accD=0.9688
step=412800 rec=0.008246 dis=0.174305 adv=5.953673 lam=8.256e-05 accD=0.9062
step=413000 rec=0.006933 dis=0.123041 adv=5.825365 lam=8.26e-05 accD=0.9688
step=413200 rec=0.007152 dis=0.122285 adv=4.874514 lam=8.264e-05 accD=0.9688
step=413400 rec=0.007671 dis=0.110834 adv=5.361717 lam=8.268e-05 accD=0.9375
step=413600 rec=0.006235 dis=0.178528 adv=5.338918 lam=8.272e-05 accD=0.9375
step=413800 rec=0.007289 dis=0.244404 adv=5.839626 lam=8.276e-05 accD=0.8750
[VAL] epoch=264 val_rec=0.007209 time_min=7.5
step=414000 rec=0.007023 dis=0.099683 adv=5.264093 lam=8.28e-05 accD=0.9062
step=414200 rec=0.006627 dis=0.089411 adv=5.879391 lam=8.284e-05 accD=0.9688
step=414400 rec=0.007663 dis=0.145874 adv=5.727705 lam=8.288e-05 accD=0.9062
step=414600 rec=0.007798 dis=0.057941 adv=5.503988 lam=8.292e-05 accD=1.0000
step=414800 rec=0.007560 dis=0.114898 adv=6.004738 lam=8.296e-05 accD=0.9375
step=415000 rec=0.005877 dis=0.141927 adv=5.241235 lam=8.3e-05 accD=0.9688
step=415200 rec=0.006595 dis=0.062194 adv=5.301388 lam=8.304e-05 accD=0.9688
step=415400 rec=0.008097 dis=0.092414 adv=5.651847 lam=8.308e-05 accD=0.9688
[VAL] epoch=265 val_rec=0.006738 time_min=7.5
step=415600 rec=0.006344 dis=0.032358 adv=5.673970 lam=8.312e-05 accD=1.0000
step=415800 rec=0.006662 dis=0.109123 adv=6.039302 lam=8.316e-05 accD=0.9375
step=416000 rec=0.006537 dis=0.151274 adv=6.679217 lam=8.32e-05 accD=0.9062
step=416200 rec=0.007182 dis=0.086230 adv=5.956371 lam=8.324e-05 accD=0.9688
step=416400 rec=0.006682 dis=0.198422 adv=5.510875 lam=8.328e-05 accD=0.9375
step=416600 rec=0.007904 dis=0.044042 adv=5.702319 lam=8.332e-05 accD=1.0000
step=416800 rec=0.006624 dis=0.159081 adv=4.998534 lam=8.336e-05 accD=0.8750
step=417000 rec=0.007779 dis=0.165558 adv=5.862190 lam=8.34e-05 accD=0.9375
[VAL] epoch=266 val_rec=0.006843 time_min=7.6
step=417200 rec=0.007118 dis=0.085872 adv=5.384687 lam=8.344e-05 accD=0.9688
step=417400 rec=0.008007 dis=0.116439 adv=5.196011 lam=8.348e-05 accD=0.9062
step=417600 rec=0.006816 dis=0.200199 adv=5.292604 lam=8.352e-05 accD=0.8750
step=417800 rec=0.006775 dis=0.082955 adv=5.437870 lam=8.356e-05 accD=0.9688
step=418000 rec=0.006866 dis=0.142159 adv=5.130059 lam=8.36e-05 accD=0.9375
step=418200 rec=0.005949 dis=0.156911 adv=5.199068 lam=8.364e-05 accD=0.9375
step=418400 rec=0.006227 dis=0.158495 adv=5.215863 lam=8.368e-05 accD=0.9375
step=418600 rec=0.006134 dis=0.143984 adv=5.161220 lam=8.372e-05 accD=0.8750
[VAL] epoch=267 val_rec=0.006988 time_min=7.5
step=418800 rec=0.007158 dis=0.105061 adv=6.270267 lam=8.376e-05 accD=0.9688
step=419000 rec=0.008052 dis=0.169794 adv=5.590428 lam=8.38e-05 accD=0.9688
step=419200 rec=0.007313 dis=0.148124 adv=5.596193 lam=8.384e-05 accD=0.9062
step=419400 rec=0.006834 dis=0.117402 adv=5.262975 lam=8.388e-05 accD=0.9688
step=419600 rec=0.006532 dis=0.206672 adv=5.780769 lam=8.392e-05 accD=0.9375
step=419800 rec=0.008074 dis=0.371259 adv=5.294632 lam=8.396e-05 accD=0.8750
step=420000 rec=0.006818 dis=0.345374 adv=4.991982 lam=8.4e-05 accD=0.8125
[VAL] epoch=268 val_rec=0.007134 time_min=7.5
step=420200 rec=0.006464 dis=0.085125 adv=5.110337 lam=8.404e-05 accD=0.9688
step=420400 rec=0.006741 dis=0.164483 adv=5.391150 lam=8.408e-05 accD=0.9062
step=420600 rec=0.006343 dis=0.099659 adv=5.808400 lam=8.412e-05 accD=0.9375
step=420800 rec=0.007255 dis=0.144638 adv=5.792917 lam=8.416e-05 accD=0.9375
step=421000 rec=0.007224 dis=0.077062 adv=5.419400 lam=8.42e-05 accD=0.9688
step=421200 rec=0.007479 dis=0.080433 adv=5.417220 lam=8.424e-05 accD=0.9375
step=421400 rec=0.008001 dis=0.072250 adv=5.742519 lam=8.428e-05 accD=0.9375
step=421600 rec=0.006087 dis=0.139516 adv=5.900825 lam=8.432e-05 accD=0.8750
[VAL] epoch=269 val_rec=0.006957 time_min=7.4
step=421800 rec=0.006815 dis=0.090884 adv=5.468880 lam=8.436e-05 accD=0.9688
step=422000 rec=0.006614 dis=0.071445 adv=6.069427 lam=8.44e-05 accD=0.9688
step=422200 rec=0.006842 dis=0.122533 adv=6.097769 lam=8.444e-05 accD=0.9375
step=422400 rec=0.007035 dis=0.106930 adv=5.714700 lam=8.448e-05 accD=0.9375
step=422600 rec=0.006712 dis=0.097255 adv=5.655024 lam=8.452e-05 accD=0.9688
step=422800 rec=0.007663 dis=0.170485 adv=5.840794 lam=8.456e-05 accD=0.9062
step=423000 rec=0.006804 dis=0.184739 adv=5.586310 lam=8.46e-05 accD=0.9375
step=423200 rec=0.010024 dis=0.395424 adv=5.731734 lam=8.464e-05 accD=0.8438
[VAL] epoch=270 val_rec=0.006751 time_min=7.5
step=423400 rec=0.006809 dis=0.220218 adv=5.350920 lam=8.468e-05 accD=0.9375
step=423600 rec=0.006849 dis=0.313407 adv=5.475013 lam=8.472e-05 accD=0.9062
step=423800 rec=0.007135 dis=0.161570 adv=5.336927 lam=8.476e-05 accD=0.8750
step=424000 rec=0.007848 dis=0.133150 adv=6.137742 lam=8.48e-05 accD=0.9375
step=424200 rec=0.007615 dis=0.062183 adv=5.344812 lam=8.484e-05 accD=1.0000
step=424400 rec=0.007090 dis=0.109323 adv=5.456779 lam=8.488e-05 accD=0.9375
step=424600 rec=0.006160 dis=0.208145 adv=5.280092 lam=8.492e-05 accD=0.9062
step=424800 rec=0.006246 dis=0.262999 adv=5.716261 lam=8.496e-05 accD=0.9688
[VAL] epoch=271 val_rec=0.006842 time_min=7.5
step=425000 rec=0.006661 dis=0.098804 adv=5.714122 lam=8.5e-05 accD=0.9375
step=425200 rec=0.006402 dis=0.284951 adv=5.489872 lam=8.504e-05 accD=0.9062
step=425400 rec=0.007798 dis=0.182606 adv=5.338929 lam=8.508e-05 accD=0.9375
step=425600 rec=0.007656 dis=0.147315 adv=5.108241 lam=8.512e-05 accD=0.9688
step=425800 rec=0.007903 dis=0.089525 adv=6.290142 lam=8.516e-05 accD=0.9688
step=426000 rec=0.006319 dis=0.319394 adv=4.744959 lam=8.52e-05 accD=0.9375
step=426200 rec=0.006466 dis=0.307983 adv=4.765874 lam=8.524e-05 accD=0.9062
step=426400 rec=0.009176 dis=0.247865 adv=5.426991 lam=8.528e-05 accD=0.8438
[VAL] epoch=272 val_rec=0.006918 time_min=7.5
step=426600 rec=0.006658 dis=0.111602 adv=5.287550 lam=8.532e-05 accD=0.9375
step=426800 rec=0.005815 dis=0.335102 adv=5.148545 lam=8.536e-05 accD=0.8750
step=427000 rec=0.007319 dis=0.072871 adv=5.437087 lam=8.54e-05 accD=0.9688
step=427200 rec=0.007030 dis=0.025277 adv=5.712093 lam=8.544e-05 accD=1.0000
step=427400 rec=0.007726 dis=0.089927 adv=6.091712 lam=8.548e-05 accD=0.9375
step=427600 rec=0.007037 dis=0.145692 adv=5.908350 lam=8.552e-05 accD=0.9688
step=427800 rec=0.006385 dis=0.047550 adv=6.244829 lam=8.556e-05 accD=1.0000
[VAL] epoch=273 val_rec=0.006772 time_min=7.4
step=428000 rec=0.007008 dis=0.152358 adv=5.601655 lam=8.56e-05 accD=0.9375
step=428200 rec=0.007000 dis=0.224640 adv=5.874548 lam=8.564e-05 accD=0.9375
step=428400 rec=0.006343 dis=0.065702 adv=5.949430 lam=8.568e-05 accD=0.9688
step=428600 rec=0.007606 dis=0.194445 adv=5.977450 lam=8.572e-05 accD=0.9375
step=428800 rec=0.008111 dis=0.217175 adv=4.988049 lam=8.576e-05 accD=0.8750
step=429000 rec=0.007101 dis=0.099268 adv=5.468296 lam=8.58e-05 accD=0.9688
step=429200 rec=0.007349 dis=0.184945 adv=5.868270 lam=8.584e-05 accD=0.9062
step=429400 rec=0.007251 dis=0.260207 adv=5.121215 lam=8.588e-05 accD=0.8750
[VAL] epoch=274 val_rec=0.006908 time_min=7.4
step=429600 rec=0.007344 dis=0.204347 adv=5.867916 lam=8.592e-05 accD=0.9688
step=429800 rec=0.006347 dis=0.103950 adv=5.070396 lam=8.596e-05 accD=0.9688
step=430000 rec=0.007150 dis=0.093744 adv=4.788692 lam=8.6e-05 accD=0.9688
step=430200 rec=0.006795 dis=0.268584 adv=5.373606 lam=8.604e-05 accD=0.9062
step=430400 rec=0.007547 dis=0.094829 adv=5.608815 lam=8.608e-05 accD=0.9375
step=430600 rec=0.005875 dis=0.169894 adv=5.236127 lam=8.612e-05 accD=0.9062
step=430800 rec=0.007719 dis=0.109902 adv=5.671116 lam=8.616e-05 accD=0.9375
step=431000 rec=0.005689 dis=0.080295 adv=5.490886 lam=8.62e-05 accD=1.0000
[VAL] epoch=275 val_rec=0.006831 time_min=7.5
step=431200 rec=0.007395 dis=0.166381 adv=5.471786 lam=8.624e-05 accD=0.9375
step=431400 rec=0.006818 dis=0.100295 adv=5.262393 lam=8.628e-05 accD=0.9688
step=431600 rec=0.007931 dis=0.059402 adv=5.625798 lam=8.632e-05 accD=1.0000
step=431800 rec=0.006040 dis=0.195218 adv=5.582463 lam=8.636e-05 accD=0.8750
step=432000 rec=0.007436 dis=0.065040 adv=6.012980 lam=8.64e-05 accD=1.0000
step=432200 rec=0.008256 dis=0.281414 adv=5.110463 lam=8.644e-05 accD=0.8438
step=432400 rec=0.006667 dis=0.101800 adv=5.479844 lam=8.648e-05 accD=0.9688
step=432600 rec=0.007553 dis=0.359525 adv=5.706437 lam=8.652e-05 accD=0.8438
[VAL] epoch=276 val_rec=0.006805 time_min=7.4
step=432800 rec=0.007236 dis=0.100236 adv=6.283431 lam=8.656e-05 accD=0.9688
step=433000 rec=0.007375 dis=0.064299 adv=5.176750 lam=8.66e-05 accD=1.0000
step=433200 rec=0.006543 dis=0.142935 adv=5.297835 lam=8.664e-05 accD=0.9375
step=433400 rec=0.006635 dis=0.070165 adv=5.532602 lam=8.668e-05 accD=0.9688
step=433600 rec=0.008484 dis=0.101680 adv=5.214389 lam=8.672e-05 accD=0.9375
step=433800 rec=0.007415 dis=0.061638 adv=5.830570 lam=8.676e-05 accD=1.0000
step=434000 rec=0.007215 dis=0.202018 adv=4.924927 lam=8.68e-05 accD=0.9375
step=434200 rec=0.007089 dis=0.091887 adv=4.535173 lam=8.684e-05 accD=0.9688
[VAL] epoch=277 val_rec=0.007017 time_min=7.4
step=434400 rec=0.007374 dis=0.083404 adv=5.535252 lam=8.688e-05 accD=0.9375
step=434600 rec=0.006402 dis=0.145629 adv=5.283890 lam=8.692e-05 accD=0.9688
step=434800 rec=0.007182 dis=0.112813 adv=5.209729 lam=8.696e-05 accD=0.9062
step=435000 rec=0.006546 dis=0.227160 adv=5.215533 lam=8.7e-05 accD=0.9062
step=435200 rec=0.006999 dis=0.233664 adv=5.270895 lam=8.704e-05 accD=0.9062
step=435400 rec=0.006969 dis=0.073564 adv=6.549012 lam=8.708e-05 accD=1.0000
step=435600 rec=0.007003 dis=0.088941 adv=5.553345 lam=8.712e-05 accD=1.0000
[VAL] epoch=278 val_rec=0.007166 time_min=7.4
step=435800 rec=0.007105 dis=0.155556 adv=4.854208 lam=8.716e-05 accD=0.9062
step=436000 rec=0.007154 dis=0.091140 adv=5.453370 lam=8.72e-05 accD=0.9688
step=436200 rec=0.006812 dis=0.060562 adv=5.275623 lam=8.724e-05 accD=1.0000
step=436400 rec=0.008425 dis=0.126695 adv=5.980499 lam=8.728e-05 accD=0.9375
step=436600 rec=0.007109 dis=0.074437 adv=5.499592 lam=8.732e-05 accD=0.9688
step=436800 rec=0.006853 dis=0.112562 adv=5.220439 lam=8.736e-05 accD=0.9062
step=437000 rec=0.006488 dis=0.087409 adv=5.554862 lam=8.74e-05 accD=1.0000
step=437200 rec=0.007243 dis=0.107895 adv=4.562900 lam=8.744e-05 accD=0.9688
[VAL] epoch=279 val_rec=0.007189 time_min=7.4
step=437400 rec=0.007963 dis=0.155459 adv=5.457349 lam=8.748e-05 accD=0.9375
step=437600 rec=0.007320 dis=0.186731 adv=5.263819 lam=8.752e-05 accD=0.9375
step=437800 rec=0.006677 dis=0.194350 adv=5.371913 lam=8.756e-05 accD=0.8750
step=438000 rec=0.006259 dis=0.226010 adv=6.024436 lam=8.76e-05 accD=0.8750
step=438200 rec=0.006878 dis=0.291219 adv=4.971931 lam=8.764e-05 accD=0.8750
step=438400 rec=0.007751 dis=0.077931 adv=5.213978 lam=8.768e-05 accD=0.9688
step=438600 rec=0.007611 dis=0.131670 adv=5.452269 lam=8.772e-05 accD=0.9375
step=438800 rec=0.007705 dis=0.061753 adv=5.390317 lam=8.776e-05 accD=0.9688
[VAL] epoch=280 val_rec=0.006909 time_min=7.4
step=439000 rec=0.006255 dis=0.092811 adv=4.823231 lam=8.78e-05 accD=1.0000
step=439200 rec=0.008383 dis=0.126232 adv=5.725248 lam=8.784e-05 accD=0.9375
step=439400 rec=0.006795 dis=0.172902 adv=4.930337 lam=8.788e-05 accD=0.9375
step=439600 rec=0.007321 dis=0.063029 adv=5.385458 lam=8.792e-05 accD=0.9688
step=439800 rec=0.007492 dis=0.110785 adv=5.453421 lam=8.796e-05 accD=0.9688
step=440000 rec=0.007055 dis=0.190702 adv=4.669390 lam=8.8e-05 accD=0.9375
step=440200 rec=0.007705 dis=0.043495 adv=5.369143 lam=8.804e-05 accD=1.0000
step=440400 rec=0.008321 dis=0.206388 adv=5.268217 lam=8.808e-05 accD=0.9062
[VAL] epoch=281 val_rec=0.007357 time_min=7.5
step=440600 rec=0.007595 dis=0.250027 adv=5.727190 lam=8.812e-05 accD=0.9062
step=440800 rec=0.007158 dis=0.229039 adv=5.109171 lam=8.816e-05 accD=0.9062
step=441000 rec=0.006962 dis=0.285434 adv=5.596777 lam=8.82e-05 accD=0.8750
step=441200 rec=0.007146 dis=0.121969 adv=5.498305 lam=8.824e-05 accD=0.9375
step=441400 rec=0.007287 dis=0.117767 adv=4.894208 lam=8.828e-05 accD=0.9688
step=441600 rec=0.007064 dis=0.210514 adv=5.805460 lam=8.832e-05 accD=0.8750
step=441800 rec=0.007007 dis=0.084052 adv=5.041972 lam=8.836e-05 accD=0.9688
step=442000 rec=0.006561 dis=0.239165 adv=4.808078 lam=8.84e-05 accD=0.9062
[VAL] epoch=282 val_rec=0.007400 time_min=7.5
step=442200 rec=0.007745 dis=0.064297 adv=5.378613 lam=8.844e-05 accD=1.0000
step=442400 rec=0.007613 dis=0.203530 adv=5.716492 lam=8.848e-05 accD=0.8750
step=442600 rec=0.007991 dis=0.214017 adv=5.189542 lam=8.852e-05 accD=0.9375
step=442800 rec=0.006819 dis=0.066682 adv=5.206732 lam=8.856e-05 accD=0.9688
step=443000 rec=0.007553 dis=0.154464 adv=5.199800 lam=8.86e-05 accD=0.9062
step=443200 rec=0.006549 dis=0.234756 adv=5.093136 lam=8.864e-05 accD=0.8750
step=443400 rec=0.007651 dis=0.046490 adv=5.909144 lam=8.868e-05 accD=1.0000
step=443600 rec=0.007194 dis=0.202963 adv=5.010409 lam=8.872e-05 accD=0.8750
[VAL] epoch=283 val_rec=0.006781 time_min=7.5
step=443800 rec=0.006584 dis=0.097367 adv=6.079225 lam=8.876e-05 accD=0.9375
step=444000 rec=0.007992 dis=0.248945 adv=5.392319 lam=8.88e-05 accD=0.9062
step=444200 rec=0.007031 dis=0.186713 adv=5.220941 lam=8.884e-05 accD=0.9062
step=444400 rec=0.005779 dis=0.160124 adv=5.471385 lam=8.888e-05 accD=0.9062
step=444600 rec=0.006367 dis=0.051638 adv=5.632375 lam=8.892e-05 accD=0.9688
step=444800 rec=0.008569 dis=0.302776 adv=5.391663 lam=8.896e-05 accD=0.9062
step=445000 rec=0.008079 dis=0.033511 adv=6.083659 lam=8.9e-05 accD=1.0000
[VAL] epoch=284 val_rec=0.006888 time_min=7.5
step=445200 rec=0.006591 dis=0.263372 adv=5.358343 lam=8.904e-05 accD=0.8438
step=445400 rec=0.006873 dis=0.282924 adv=6.208814 lam=8.908e-05 accD=0.8750
step=445600 rec=0.006550 dis=0.303284 adv=5.321866 lam=8.912e-05 accD=0.8438
step=445800 rec=0.007071 dis=0.139977 adv=5.728747 lam=8.916e-05 accD=0.9375
step=446000 rec=0.007799 dis=0.230097 adv=4.891935 lam=8.92e-05 accD=0.9062
step=446200 rec=0.007826 dis=0.389973 adv=4.866100 lam=8.924e-05 accD=0.8750
step=446400 rec=0.008264 dis=0.142417 adv=5.042284 lam=8.928e-05 accD=0.9062
step=446600 rec=0.008976 dis=0.046525 adv=6.156253 lam=8.932e-05 accD=0.9688
[VAL] epoch=285 val_rec=0.006798 time_min=7.5
step=446800 rec=0.008452 dis=0.174350 adv=5.099237 lam=8.936e-05 accD=0.9688
step=447000 rec=0.007152 dis=0.061056 adv=4.980722 lam=8.94e-05 accD=1.0000
step=447200 rec=0.008206 dis=0.125906 adv=5.588618 lam=8.944e-05 accD=0.9375
step=447400 rec=0.006668 dis=0.121231 adv=5.388144 lam=8.948e-05 accD=0.9375
step=447600 rec=0.006915 dis=0.026804 adv=6.286239 lam=8.952e-05 accD=1.0000
step=447800 rec=0.007273 dis=0.173824 adv=5.696141 lam=8.956e-05 accD=0.9375
step=448000 rec=0.006203 dis=0.203868 adv=5.673394 lam=8.96e-05 accD=0.9375
step=448200 rec=0.006737 dis=0.290051 adv=4.940789 lam=8.964e-05 accD=0.9062
[VAL] epoch=286 val_rec=0.007226 time_min=7.5
step=448400 rec=0.007613 dis=0.186035 adv=5.216449 lam=8.968e-05 accD=0.8750
step=448600 rec=0.007085 dis=0.256820 adv=5.664837 lam=8.972e-05 accD=0.9375
step=448800 rec=0.008267 dis=0.113214 adv=5.967456 lam=8.976e-05 accD=0.9375
step=449000 rec=0.008348 dis=0.184069 adv=5.263646 lam=8.98e-05 accD=0.9688
step=449200 rec=0.007056 dis=0.058263 adv=5.466988 lam=8.984e-05 accD=0.9688
step=449400 rec=0.007435 dis=0.116406 adv=5.896334 lam=8.988e-05 accD=0.9062
step=449600 rec=0.007036 dis=0.307825 adv=4.669752 lam=8.992e-05 accD=0.8750
step=449800 rec=0.007596 dis=0.127434 adv=6.094618 lam=8.996e-05 accD=0.9375
[VAL] epoch=287 val_rec=0.006852 time_min=7.4
step=450000 rec=0.007531 dis=0.086085 adv=5.658815 lam=9e-05 accD=0.9375
step=450200 rec=0.007080 dis=0.334730 adv=5.000698 lam=9.004e-05 accD=0.8438
step=450400 rec=0.007471 dis=0.361541 adv=5.323290 lam=9.008e-05 accD=0.8438
step=450600 rec=0.006560 dis=0.153491 adv=4.852953 lam=9.012e-05 accD=0.9375
step=450800 rec=0.007402 dis=0.148845 adv=4.987452 lam=9.016e-05 accD=0.9375
step=451000 rec=0.008140 dis=0.241172 adv=4.597414 lam=9.02e-05 accD=0.9375
step=451200 rec=0.006794 dis=0.103829 adv=5.774797 lam=9.024e-05 accD=0.9375
step=451400 rec=0.005854 dis=0.099028 adv=5.415969 lam=9.028e-05 accD=0.9688
[VAL] epoch=288 val_rec=0.006743 time_min=7.6
step=451600 rec=0.006823 dis=0.069784 adv=6.240357 lam=9.032e-05 accD=0.9688
step=451800 rec=0.006599 dis=0.133401 adv=5.439364 lam=9.036e-05 accD=0.9375
step=452000 rec=0.007545 dis=0.245645 adv=4.623920 lam=9.04e-05 accD=0.8750
step=452200 rec=0.006047 dis=0.101467 adv=5.544227 lam=9.044e-05 accD=0.9688
step=452400 rec=0.006350 dis=0.060792 adv=4.930893 lam=9.048e-05 accD=1.0000
step=452600 rec=0.006971 dis=0.069207 adv=5.304372 lam=9.052e-05 accD=0.9688
step=452800 rec=0.007535 dis=0.136289 adv=6.495380 lam=9.056e-05 accD=0.9688
[VAL] epoch=289 val_rec=0.006798 time_min=7.6
step=453000 rec=0.006823 dis=0.103686 adv=5.610973 lam=9.06e-05 accD=0.9375
step=453200 rec=0.007358 dis=0.087247 adv=5.290318 lam=9.064e-05 accD=0.9688
step=453400 rec=0.006671 dis=0.147947 adv=5.456816 lam=9.068e-05 accD=0.9688
step=453600 rec=0.007818 dis=0.159348 adv=4.826162 lam=9.072e-05 accD=0.9062
step=453800 rec=0.006524 dis=0.107596 adv=5.556545 lam=9.076e-05 accD=0.9375
step=454000 rec=0.007214 dis=0.260128 adv=6.081941 lam=9.08e-05 accD=0.9062
step=454200 rec=0.008255 dis=0.278308 adv=5.085217 lam=9.084e-05 accD=0.8438
step=454400 rec=0.009309 dis=0.110290 adv=4.942524 lam=9.088e-05 accD=0.9688
[VAL] epoch=290 val_rec=0.006947 time_min=7.5
step=454600 rec=0.006745 dis=0.114183 adv=6.050197 lam=9.092e-05 accD=0.9688
step=454800 rec=0.006768 dis=0.343113 adv=5.734252 lam=9.096e-05 accD=0.9062
step=455000 rec=0.007411 dis=0.046295 adv=5.369334 lam=9.1e-05 accD=1.0000
step=455200 rec=0.007713 dis=0.238785 adv=5.525253 lam=9.104e-05 accD=0.8750
step=455400 rec=0.007112 dis=0.151894 adv=5.758508 lam=9.108e-05 accD=0.9375
step=455600 rec=0.007363 dis=0.178849 adv=5.797984 lam=9.112e-05 accD=0.9375
step=455800 rec=0.007927 dis=0.326044 adv=5.196829 lam=9.116e-05 accD=0.9062
step=456000 rec=0.006755 dis=0.144403 adv=5.970095 lam=9.12e-05 accD=0.9375
[VAL] epoch=291 val_rec=0.006950 time_min=7.5
step=456200 rec=0.006540 dis=0.188585 adv=6.097464 lam=9.124e-05 accD=0.9062
step=456400 rec=0.006801 dis=0.083081 adv=5.528064 lam=9.128e-05 accD=1.0000
step=456600 rec=0.006554 dis=0.103695 adv=5.649271 lam=9.132e-05 accD=0.9688
step=456800 rec=0.008216 dis=0.108440 adv=5.360948 lam=9.136e-05 accD=0.9375
step=457000 rec=0.006691 dis=0.102904 adv=5.356332 lam=9.14e-05 accD=0.9375
step=457200 rec=0.008510 dis=0.190181 adv=4.816668 lam=9.144e-05 accD=0.9375
step=457400 rec=0.006162 dis=0.317062 adv=5.233557 lam=9.148e-05 accD=0.8750
step=457600 rec=0.007791 dis=0.198569 adv=5.058772 lam=9.152e-05 accD=0.9062
[VAL] epoch=292 val_rec=0.006808 time_min=7.5
step=457800 rec=0.007672 dis=0.036636 adv=5.973603 lam=9.156e-05 accD=1.0000
step=458000 rec=0.007441 dis=0.140481 adv=5.381739 lam=9.16e-05 accD=0.8750
step=458200 rec=0.006494 dis=0.152623 adv=5.707047 lam=9.164e-05 accD=0.9375
step=458400 rec=0.006831 dis=0.158359 adv=5.968449 lam=9.168e-05 accD=0.8750
step=458600 rec=0.007152 dis=0.053317 adv=5.863592 lam=9.172e-05 accD=1.0000
step=458800 rec=0.006685 dis=0.051435 adv=5.426175 lam=9.176e-05 accD=1.0000
step=459000 rec=0.006967 dis=0.139230 adv=5.476207 lam=9.18e-05 accD=0.9375
step=459200 rec=0.008692 dis=0.146417 adv=5.291088 lam=9.184e-05 accD=0.9375
[VAL] epoch=293 val_rec=0.006766 time_min=7.6
step=459400 rec=0.007192 dis=0.240690 adv=5.422683 lam=9.188e-05 accD=0.8750
step=459600 rec=0.008766 dis=0.182386 adv=5.602224 lam=9.192e-05 accD=0.9375
step=459800 rec=0.009198 dis=0.035074 adv=6.149914 lam=9.196e-05 accD=1.0000
step=460000 rec=0.007662 dis=0.103380 adv=4.981213 lam=9.2e-05 accD=0.9688
step=460200 rec=0.007153 dis=0.100508 adv=6.135105 lam=9.204e-05 accD=0.9375
step=460400 rec=0.006414 dis=0.127803 adv=5.055922 lam=9.208e-05 accD=0.9688
step=460600 rec=0.007041 dis=0.119537 adv=5.135605 lam=9.212e-05 accD=0.9062
[VAL] epoch=294 val_rec=0.006728 time_min=7.5
step=460800 rec=0.005997 dis=0.064954 adv=6.648884 lam=9.216e-05 accD=0.9688
step=461000 rec=0.007520 dis=0.125290 adv=5.317884 lam=9.22e-05 accD=0.9062
step=461200 rec=0.006997 dis=0.085426 adv=5.335057 lam=9.224e-05 accD=0.9375
step=461400 rec=0.007235 dis=0.140071 adv=4.558026 lam=9.228e-05 accD=0.9375
step=461600 rec=0.008254 dis=0.028412 adv=6.088113 lam=9.232e-05 accD=1.0000
step=461800 rec=0.008239 dis=0.171979 adv=5.304626 lam=9.236e-05 accD=0.9375
step=462000 rec=0.007406 dis=0.159437 adv=4.895090 lam=9.24e-05 accD=0.9375
step=462200 rec=0.006859 dis=0.069622 adv=5.436110 lam=9.244e-05 accD=0.9688
[VAL] epoch=295 val_rec=0.006768 time_min=7.5
step=462400 rec=0.007679 dis=0.271470 adv=5.100087 lam=9.248e-05 accD=0.9062
step=462600 rec=0.007238 dis=0.090756 adv=5.507917 lam=9.252e-05 accD=0.9688
step=462800 rec=0.006776 dis=0.079697 adv=5.339404 lam=9.256e-05 accD=0.9688
step=463000 rec=0.007856 dis=0.024335 adv=5.702321 lam=9.26e-05 accD=1.0000
step=463200 rec=0.007343 dis=0.101118 adv=5.490449 lam=9.264e-05 accD=0.9375
step=463400 rec=0.006408 dis=0.074179 adv=5.614475 lam=9.268e-05 accD=0.9688
step=463600 rec=0.006348 dis=0.047191 adv=6.022755 lam=9.272e-05 accD=1.0000
step=463800 rec=0.006589 dis=0.259240 adv=4.711737 lam=9.276e-05 accD=0.8750
[VAL] epoch=296 val_rec=0.006803 time_min=7.5
step=464000 rec=0.007897 dis=0.191538 adv=5.510951 lam=9.28e-05 accD=0.9375
step=464200 rec=0.007704 dis=0.204284 adv=4.585431 lam=9.284e-05 accD=0.9375
step=464400 rec=0.006479 dis=0.201893 adv=5.143231 lam=9.288e-05 accD=0.8750
step=464600 rec=0.006502 dis=0.071237 adv=6.606900 lam=9.292e-05 accD=0.9688
step=464800 rec=0.006110 dis=0.095662 adv=5.326187 lam=9.296e-05 accD=0.9688
step=465000 rec=0.006990 dis=0.278295 adv=5.432427 lam=9.3e-05 accD=0.8750
step=465200 rec=0.006870 dis=0.112914 adv=5.121998 lam=9.304e-05 accD=0.9375
step=465400 rec=0.006848 dis=0.217350 adv=5.066713 lam=9.308e-05 accD=0.9688
[VAL] epoch=297 val_rec=0.006978 time_min=7.5
step=465600 rec=0.006448 dis=0.300510 adv=4.825953 lam=9.312e-05 accD=0.9062
step=465800 rec=0.007572 dis=0.050227 adv=5.084893 lam=9.316e-05 accD=1.0000
step=466000 rec=0.007798 dis=0.152318 adv=5.158395 lam=9.32e-05 accD=0.9062
step=466200 rec=0.007159 dis=0.197126 adv=5.378318 lam=9.324e-05 accD=0.9375
step=466400 rec=0.007337 dis=0.148756 adv=4.969433 lam=9.328e-05 accD=0.9062
step=466600 rec=0.006525 dis=0.079791 adv=5.308051 lam=9.332e-05 accD=0.9688
step=466800 rec=0.006760 dis=0.170688 adv=5.240811 lam=9.336e-05 accD=0.9688
step=467000 rec=0.006055 dis=0.107068 adv=5.668333 lam=9.34e-05 accD=0.9375
[VAL] epoch=298 val_rec=0.006889 time_min=7.5
step=467200 rec=0.007021 dis=0.218329 adv=6.676472 lam=9.344e-05 accD=0.9062
step=467400 rec=0.007880 dis=0.275580 adv=4.960925 lam=9.348e-05 accD=0.8438
step=467600 rec=0.006788 dis=0.152581 adv=6.072042 lam=9.352e-05 accD=0.8750
step=467800 rec=0.006416 dis=0.181679 adv=5.584058 lam=9.356e-05 accD=0.9375
step=468000 rec=0.007138 dis=0.197477 adv=4.406165 lam=9.36e-05 accD=0.9062
step=468200 rec=0.006857 dis=0.102750 adv=4.534243 lam=9.364e-05 accD=0.9688
step=468400 rec=0.006719 dis=0.116148 adv=4.915591 lam=9.368e-05 accD=0.9375
[VAL] epoch=299 val_rec=0.006882 time_min=7.4
