RUN=Male_256 device=cuda attr_idx=7 batch=8
step=0 rec=0.461816 dis=0.690792 adv=1.371106 lam=0 accD=0.3750
step=40 rec=0.263815 dis=0.796326 adv=1.015117 lam=2e-06 accD=0.6250
step=80 rec=0.322433 dis=0.568027 adv=1.281775 lam=4e-06 accD=0.7500
step=120 rec=0.251004 dis=0.825617 adv=0.972652 lam=6e-06 accD=0.3750
step=160 rec=0.188894 dis=0.538830 adv=1.143916 lam=8e-06 accD=0.7500
step=200 rec=0.202693 dis=0.547379 adv=1.214526 lam=1e-05 accD=0.7500
step=240 rec=0.186670 dis=0.447533 adv=1.543564 lam=1.2e-05 accD=0.7500
[VAL] epoch=0 val_rec=0.261298 time_min=0.2
RUN=Male_256 device=cuda attr_idx=7 batch=32
step=0 rec=0.594620 dis=0.718175 adv=1.056283 lam=0 accD=0.3750
step=800 rec=0.297446 dis=0.672802 adv=1.139531 lam=1.6e-07 accD=0.5938
step=1600 rec=0.175205 dis=0.616542 adv=1.121138 lam=3.2e-07 accD=0.5625
step=2400 rec=0.111976 dis=0.697473 adv=1.174591 lam=4.8e-07 accD=0.5938
step=3200 rec=0.084803 dis=0.519828 adv=1.182168 lam=6.4e-07 accD=0.7500
step=4000 rec=0.093391 dis=0.404809 adv=1.577206 lam=8e-07 accD=0.8125
step=4800 rec=0.068789 dis=0.414196 adv=1.664051 lam=9.6e-07 accD=0.8125
step=5600 rec=0.079805 dis=0.488256 adv=1.402245 lam=1.12e-06 accD=0.7812
step=6400 rec=0.062354 dis=0.537286 adv=1.517170 lam=1.28e-06 accD=0.6562
step=7200 rec=0.070017 dis=0.484713 adv=1.515980 lam=1.44e-06 accD=0.7500
step=8000 rec=0.063328 dis=0.446691 adv=1.782738 lam=1.6e-06 accD=0.7500
step=8800 rec=0.069959 dis=0.581685 adv=1.602082 lam=1.76e-06 accD=0.7188
step=9600 rec=0.060972 dis=0.334650 adv=1.873207 lam=1.92e-06 accD=0.8438
step=10400 rec=0.049082 dis=0.493087 adv=1.806682 lam=2.08e-06 accD=0.7500
step=11200 rec=0.059483 dis=0.436710 adv=1.552112 lam=2.24e-06 accD=0.7812
step=12000 rec=0.060174 dis=0.387515 adv=2.074157 lam=2.4e-06 accD=0.8438
step=12800 rec=0.053036 dis=0.447042 adv=1.834653 lam=2.56e-06 accD=0.8125
step=13600 rec=0.045224 dis=0.368047 adv=1.872993 lam=2.72e-06 accD=0.7812
step=14400 rec=0.060006 dis=0.420249 adv=2.091453 lam=2.88e-06 accD=0.8438
step=15200 rec=0.048516 dis=0.285782 adv=2.606678 lam=3.04e-06 accD=0.8125
step=16000 rec=0.052270 dis=0.334556 adv=1.881673 lam=3.2e-06 accD=0.8750
step=16800 rec=0.043311 dis=0.441434 adv=1.677377 lam=3.36e-06 accD=0.7812
step=17600 rec=0.048127 dis=0.408702 adv=1.898174 lam=3.52e-06 accD=0.8125
step=18400 rec=0.044500 dis=0.300516 adv=2.381168 lam=3.68e-06 accD=0.8438
step=19200 rec=0.041145 dis=0.396806 adv=2.207107 lam=3.84e-06 accD=0.8125
step=20000 rec=0.053606 dis=0.315520 adv=2.367832 lam=4e-06 accD=0.9062
step=20800 rec=0.042023 dis=0.533023 adv=1.994574 lam=4.16e-06 accD=0.6875
step=21600 rec=0.039844 dis=0.384672 adv=2.254408 lam=4.32e-06 accD=0.8438
step=22400 rec=0.040500 dis=0.366798 adv=2.337275 lam=4.48e-06 accD=0.7500
step=23200 rec=0.040424 dis=0.255890 adv=2.420933 lam=4.64e-06 accD=0.9062
step=24000 rec=0.038085 dis=0.680771 adv=2.051096 lam=4.8e-06 accD=0.6562
step=24800 rec=0.045502 dis=0.358521 adv=2.542408 lam=4.96e-06 accD=0.8438
step=25600 rec=0.036954 dis=0.245041 adv=2.714072 lam=5.12e-06 accD=0.9062
step=26400 rec=0.036462 dis=0.188600 adv=2.798999 lam=5.28e-06 accD=0.9688
step=27200 rec=0.040722 dis=0.337300 adv=2.555068 lam=5.44e-06 accD=0.8438
step=28000 rec=0.041167 dis=0.220266 adv=3.074792 lam=5.6e-06 accD=0.8750
step=28800 rec=0.039416 dis=0.425046 adv=2.316891 lam=5.76e-06 accD=0.7812
step=29600 rec=0.038642 dis=0.293277 adv=2.868622 lam=5.92e-06 accD=0.8438
step=30400 rec=0.036547 dis=0.284058 adv=2.677114 lam=6.08e-06 accD=0.8438
step=31200 rec=0.037398 dis=0.425597 adv=2.600963 lam=6.24e-06 accD=0.8438
step=32000 rec=0.039382 dis=0.314504 adv=2.639630 lam=6.4e-06 accD=0.8750
step=32800 rec=0.033968 dis=0.300009 adv=2.560361 lam=6.56e-06 accD=0.9062
step=33600 rec=0.036407 dis=0.251418 adv=2.716089 lam=6.72e-06 accD=0.9062
step=34400 rec=0.037957 dis=0.431620 adv=2.699345 lam=6.88e-06 accD=0.8125
step=35200 rec=0.045613 dis=0.286080 adv=2.504634 lam=7.04e-06 accD=0.8750
step=36000 rec=0.035740 dis=0.242576 adv=3.192113 lam=7.2e-06 accD=0.9062
step=36800 rec=0.034134 dis=0.172300 adv=2.909851 lam=7.36e-06 accD=0.9688
step=37600 rec=0.033040 dis=0.358195 adv=2.541641 lam=7.52e-06 accD=0.8438
step=38400 rec=0.032637 dis=0.293267 adv=2.847891 lam=7.68e-06 accD=0.9375
step=39200 rec=0.036913 dis=0.367545 adv=3.056617 lam=7.84e-06 accD=0.8750
step=40000 rec=0.036615 dis=0.232311 adv=2.989378 lam=8e-06 accD=0.9062
step=40800 rec=0.029994 dis=0.306534 adv=2.971130 lam=8.16e-06 accD=0.8438
step=41600 rec=0.035901 dis=0.513516 adv=2.067935 lam=8.32e-06 accD=0.7812
step=42400 rec=0.035878 dis=0.228294 adv=3.331724 lam=8.48e-06 accD=0.9375
step=43200 rec=0.032282 dis=0.339711 adv=2.984839 lam=8.64e-06 accD=0.8125
step=44000 rec=0.034199 dis=0.325271 adv=2.793599 lam=8.8e-06 accD=0.8438
step=44800 rec=0.032637 dis=0.263881 adv=2.618625 lam=8.96e-06 accD=0.8750
step=45600 rec=0.037713 dis=0.357871 adv=2.900504 lam=9.12e-06 accD=0.8438
step=46400 rec=0.029053 dis=0.186174 adv=3.146047 lam=9.28e-06 accD=0.9375
step=47200 rec=0.029638 dis=0.239798 adv=2.653509 lam=9.44e-06 accD=0.9062
step=48000 rec=0.037658 dis=0.185665 adv=3.061256 lam=9.6e-06 accD=0.9688
step=48800 rec=0.032885 dis=0.468614 adv=2.695752 lam=9.76e-06 accD=0.8438
step=49600 rec=0.031069 dis=0.509056 adv=2.881971 lam=9.92e-06 accD=0.8438
[VAL] epoch=0 val_rec=0.035680 time_min=1.8
step=50400 rec=0.028878 dis=0.221143 adv=3.460976 lam=1.008e-05 accD=0.8750
step=51200 rec=0.037726 dis=0.246371 adv=2.838392 lam=1.024e-05 accD=0.9375
step=52000 rec=0.035055 dis=0.136040 adv=3.047838 lam=1.04e-05 accD=1.0000
step=52800 rec=0.036771 dis=0.255396 adv=3.079356 lam=1.056e-05 accD=0.9062
step=53600 rec=0.031445 dis=0.218684 adv=3.545699 lam=1.072e-05 accD=0.9375
step=54400 rec=0.031136 dis=0.276316 adv=3.170868 lam=1.088e-05 accD=0.8125
step=55200 rec=0.030691 dis=0.300302 adv=3.114054 lam=1.104e-05 accD=0.9062
step=56000 rec=0.026602 dis=0.252693 adv=2.937438 lam=1.12e-05 accD=0.8438
step=56800 rec=0.030058 dis=0.344873 adv=3.131829 lam=1.136e-05 accD=0.8438
step=57600 rec=0.029295 dis=0.235648 adv=3.112516 lam=1.152e-05 accD=0.8750
step=58400 rec=0.030028 dis=0.306806 adv=3.217139 lam=1.168e-05 accD=0.8125
step=59200 rec=0.032084 dis=0.330081 adv=3.159172 lam=1.184e-05 accD=0.8438
step=60000 rec=0.035605 dis=0.236941 adv=3.037642 lam=1.2e-05 accD=0.8750
step=60800 rec=0.028701 dis=0.482287 adv=2.889241 lam=1.216e-05 accD=0.7500
step=61600 rec=0.026052 dis=0.412608 adv=2.952018 lam=1.232e-05 accD=0.8125
step=62400 rec=0.028481 dis=0.323682 adv=2.901893 lam=1.248e-05 accD=0.8125
step=63200 rec=0.028581 dis=0.379585 adv=3.052264 lam=1.264e-05 accD=0.8125
step=64000 rec=0.027045 dis=0.380026 adv=2.961442 lam=1.28e-05 accD=0.8125
step=64800 rec=0.031336 dis=0.358332 adv=3.079813 lam=1.296e-05 accD=0.8125
step=65600 rec=0.029050 dis=0.383905 adv=2.817521 lam=1.312e-05 accD=0.7812
step=66400 rec=0.039548 dis=0.417186 adv=2.852646 lam=1.328e-05 accD=0.7812
step=67200 rec=0.024534 dis=0.259762 adv=3.172992 lam=1.344e-05 accD=0.8438
step=68000 rec=0.029011 dis=0.162626 adv=3.672295 lam=1.36e-05 accD=0.9062
step=68800 rec=0.030038 dis=0.232037 adv=3.599112 lam=1.376e-05 accD=0.9062
step=69600 rec=0.030223 dis=0.150223 adv=3.914461 lam=1.392e-05 accD=0.9375
step=70400 rec=0.034505 dis=0.227838 adv=3.177248 lam=1.408e-05 accD=0.9375
step=71200 rec=0.030027 dis=0.385229 adv=3.094793 lam=1.424e-05 accD=0.8750
step=72000 rec=0.029027 dis=0.289936 adv=3.130473 lam=1.44e-05 accD=0.9062
step=72800 rec=0.027624 dis=0.175865 adv=3.809309 lam=1.456e-05 accD=0.8750
step=73600 rec=0.035100 dis=0.323063 adv=3.165244 lam=1.472e-05 accD=0.9062
step=74400 rec=0.028976 dis=0.262929 adv=3.090257 lam=1.488e-05 accD=0.8750
step=75200 rec=0.028269 dis=0.184674 adv=3.445481 lam=1.504e-05 accD=0.9062
step=76000 rec=0.024694 dis=0.167682 adv=3.784382 lam=1.52e-05 accD=0.8750
step=76800 rec=0.028947 dis=0.201868 adv=3.495536 lam=1.536e-05 accD=0.9375
step=77600 rec=0.027709 dis=0.236623 adv=3.493269 lam=1.552e-05 accD=0.9062
step=78400 rec=0.028228 dis=0.145482 adv=3.914096 lam=1.568e-05 accD=0.9688
step=79200 rec=0.036276 dis=0.323658 adv=3.507723 lam=1.584e-05 accD=0.9375
step=80000 rec=0.029657 dis=0.327130 adv=3.209367 lam=1.6e-05 accD=0.8438
step=80800 rec=0.026107 dis=0.306717 adv=3.061131 lam=1.616e-05 accD=0.9062
step=81600 rec=0.031668 dis=0.276020 adv=2.961203 lam=1.632e-05 accD=0.9062
step=82400 rec=0.029372 dis=0.285824 adv=3.092941 lam=1.648e-05 accD=0.8438
step=83200 rec=0.029521 dis=0.331535 adv=2.728336 lam=1.664e-05 accD=0.8438
step=84000 rec=0.027622 dis=0.266865 adv=3.545115 lam=1.68e-05 accD=0.9062
step=84800 rec=0.029010 dis=0.343648 adv=3.245229 lam=1.696e-05 accD=0.8750
step=85600 rec=0.032020 dis=0.097478 adv=3.999586 lam=1.712e-05 accD=0.9688
step=86400 rec=0.029764 dis=0.282042 adv=3.223869 lam=1.728e-05 accD=0.8750
step=87200 rec=0.031375 dis=0.310537 adv=3.132443 lam=1.744e-05 accD=0.8750
step=88000 rec=0.024185 dis=0.211077 adv=3.116808 lam=1.76e-05 accD=0.9375
step=88800 rec=0.031019 dis=0.208687 adv=3.572669 lam=1.776e-05 accD=0.9375
step=89600 rec=0.026399 dis=0.208854 adv=3.366608 lam=1.792e-05 accD=0.9375
step=90400 rec=0.026938 dis=0.397874 adv=2.958455 lam=1.808e-05 accD=0.8438
step=91200 rec=0.026731 dis=0.223327 adv=3.154556 lam=1.824e-05 accD=0.9062
step=92000 rec=0.029192 dis=0.244528 adv=3.483229 lam=1.84e-05 accD=0.9375
step=92800 rec=0.027013 dis=0.285797 adv=3.770362 lam=1.856e-05 accD=0.8125
step=93600 rec=0.029317 dis=0.150591 adv=3.865913 lam=1.872e-05 accD=0.9375
step=94400 rec=0.032198 dis=0.350329 adv=3.384777 lam=1.888e-05 accD=0.8438
step=95200 rec=0.022833 dis=0.187973 adv=3.912133 lam=1.904e-05 accD=0.9688
step=96000 rec=0.026868 dis=0.168237 adv=3.423797 lam=1.92e-05 accD=0.9375
step=96800 rec=0.036026 dis=0.243211 adv=4.015598 lam=1.936e-05 accD=0.9375
step=97600 rec=0.025327 dis=0.338885 adv=2.732822 lam=1.952e-05 accD=0.7812
step=98400 rec=0.023503 dis=0.161663 adv=3.844967 lam=1.968e-05 accD=0.9688
step=99200 rec=0.028260 dis=0.189735 adv=3.392588 lam=1.984e-05 accD=0.9375
[VAL] epoch=1 val_rec=0.026792 time_min=1.9
step=100000 rec=0.025332 dis=0.204284 adv=3.871617 lam=2e-05 accD=0.8750
step=100800 rec=0.029495 dis=0.280216 adv=2.938826 lam=2.016e-05 accD=0.8750
step=101600 rec=0.027916 dis=0.446661 adv=3.045245 lam=2.032e-05 accD=0.8125
step=102400 rec=0.024389 dis=0.665303 adv=2.518022 lam=2.048e-05 accD=0.8438
step=103200 rec=0.026901 dis=0.401372 adv=3.522651 lam=2.064e-05 accD=0.8125
step=104000 rec=0.029993 dis=0.142973 adv=3.832040 lam=2.08e-05 accD=0.9375
step=104800 rec=0.028163 dis=0.157168 adv=3.442541 lam=2.096e-05 accD=0.9688
step=105600 rec=0.026171 dis=0.258496 adv=3.363260 lam=2.112e-05 accD=0.8750
step=106400 rec=0.022295 dis=0.257539 adv=3.558405 lam=2.128e-05 accD=0.9062
step=107200 rec=0.026001 dis=0.336239 adv=3.718329 lam=2.144e-05 accD=0.8438
step=108000 rec=0.029143 dis=0.284736 adv=3.406551 lam=2.16e-05 accD=0.8750
step=108800 rec=0.029261 dis=0.200420 adv=3.408155 lam=2.176e-05 accD=0.9688
step=109600 rec=0.030598 dis=0.260686 adv=3.401743 lam=2.192e-05 accD=0.9375
step=110400 rec=0.028962 dis=0.295061 adv=3.320680 lam=2.208e-05 accD=0.8125
step=111200 rec=0.029964 dis=0.105445 adv=3.507557 lam=2.224e-05 accD=1.0000
step=112000 rec=0.023108 dis=0.169986 adv=3.565878 lam=2.24e-05 accD=0.9375
step=112800 rec=0.023433 dis=0.289153 adv=3.490089 lam=2.256e-05 accD=0.9375
step=113600 rec=0.025702 dis=0.167759 adv=3.427194 lam=2.272e-05 accD=0.9688
step=114400 rec=0.026666 dis=0.209951 adv=3.524554 lam=2.288e-05 accD=0.9688
step=115200 rec=0.025873 dis=0.279192 adv=3.285115 lam=2.304e-05 accD=0.8438
step=116000 rec=0.023446 dis=0.107161 adv=3.777539 lam=2.32e-05 accD=1.0000
step=116800 rec=0.023957 dis=0.365280 adv=3.329559 lam=2.336e-05 accD=0.8125
step=117600 rec=0.027253 dis=0.164680 adv=3.864724 lam=2.352e-05 accD=0.9688
step=118400 rec=0.021582 dis=0.170555 adv=4.170164 lam=2.368e-05 accD=0.9062
step=119200 rec=0.027320 dis=0.325678 adv=3.709339 lam=2.384e-05 accD=0.8750
step=120000 rec=0.024340 dis=0.346601 adv=3.181050 lam=2.4e-05 accD=0.8438
step=120800 rec=0.025892 dis=0.182883 adv=3.885495 lam=2.416e-05 accD=0.9375
step=121600 rec=0.028014 dis=0.214171 adv=3.853879 lam=2.432e-05 accD=0.8750
step=122400 rec=0.024102 dis=0.105804 adv=4.229842 lam=2.448e-05 accD=1.0000
step=123200 rec=0.022799 dis=0.230478 adv=3.583465 lam=2.464e-05 accD=0.9062
step=124000 rec=0.023049 dis=0.180339 adv=3.826824 lam=2.48e-05 accD=0.9375
step=124800 rec=0.026130 dis=0.161409 adv=3.602695 lam=2.496e-05 accD=0.9375
step=125600 rec=0.026744 dis=0.181601 adv=3.519798 lam=2.512e-05 accD=0.9375
step=126400 rec=0.028929 dis=0.293641 adv=3.717863 lam=2.528e-05 accD=0.8438
step=127200 rec=0.026088 dis=0.288606 adv=3.655764 lam=2.544e-05 accD=0.8750
step=128000 rec=0.028447 dis=0.258896 adv=3.360744 lam=2.56e-05 accD=0.8750
step=128800 rec=0.027241 dis=0.285707 adv=3.573949 lam=2.576e-05 accD=0.8750
step=129600 rec=0.040943 dis=0.169588 adv=4.099218 lam=2.592e-05 accD=0.8750
step=130400 rec=0.032494 dis=0.375445 adv=3.229035 lam=2.608e-05 accD=0.8438
step=131200 rec=0.023482 dis=0.167703 adv=3.583146 lam=2.624e-05 accD=0.9375
step=132000 rec=0.021476 dis=0.168300 adv=3.770948 lam=2.64e-05 accD=0.9375
step=132800 rec=0.023984 dis=0.148993 adv=3.798709 lam=2.656e-05 accD=0.9688
step=133600 rec=0.022613 dis=0.178497 adv=3.667427 lam=2.672e-05 accD=0.9375
step=134400 rec=0.023993 dis=0.151730 adv=3.558195 lam=2.688e-05 accD=0.9688
step=135200 rec=0.028069 dis=0.271336 adv=3.291838 lam=2.704e-05 accD=0.9062
step=136000 rec=0.028630 dis=0.241657 adv=3.856457 lam=2.72e-05 accD=0.9062
step=136800 rec=0.026197 dis=0.181948 adv=3.927724 lam=2.736e-05 accD=0.9375
step=137600 rec=0.024606 dis=0.390301 adv=2.861060 lam=2.752e-05 accD=0.8125
step=138400 rec=0.025263 dis=0.165573 adv=3.274211 lam=2.768e-05 accD=0.9375
step=139200 rec=0.028607 dis=0.100301 adv=3.875375 lam=2.784e-05 accD=1.0000
step=140000 rec=0.022225 dis=0.232305 adv=3.568819 lam=2.8e-05 accD=0.9062
step=140800 rec=0.025721 dis=0.168286 adv=4.004346 lam=2.816e-05 accD=0.9375
step=141600 rec=0.026090 dis=0.238359 adv=2.993163 lam=2.832e-05 accD=0.9062
step=142400 rec=0.028755 dis=0.315754 adv=2.878764 lam=2.848e-05 accD=0.8438
step=143200 rec=0.027207 dis=0.264909 adv=3.017811 lam=2.864e-05 accD=0.8750
step=144000 rec=0.025716 dis=0.209429 adv=3.920960 lam=2.88e-05 accD=0.9062
step=144800 rec=0.023065 dis=0.207196 adv=3.492096 lam=2.896e-05 accD=0.9375
step=145600 rec=0.021335 dis=0.229554 adv=3.977910 lam=2.912e-05 accD=0.9062
step=146400 rec=0.024436 dis=0.268431 adv=3.814995 lam=2.928e-05 accD=0.9375
step=147200 rec=0.025860 dis=0.359001 adv=3.561761 lam=2.944e-05 accD=0.8438
step=148000 rec=0.023540 dis=0.388610 adv=3.175847 lam=2.96e-05 accD=0.8438
step=148800 rec=0.022500 dis=0.155286 adv=3.788956 lam=2.976e-05 accD=0.9375
step=149600 rec=0.021485 dis=0.289451 adv=3.258769 lam=2.992e-05 accD=0.8438
[VAL] epoch=2 val_rec=0.023193 time_min=2.0
step=150400 rec=0.023098 dis=0.271840 adv=3.437093 lam=3.008e-05 accD=0.8125
step=151200 rec=0.021590 dis=0.248299 adv=3.490908 lam=3.024e-05 accD=0.8750
step=152000 rec=0.021616 dis=0.156274 adv=3.639003 lam=3.04e-05 accD=0.9375
step=152800 rec=0.020254 dis=0.256854 adv=3.853381 lam=3.056e-05 accD=0.8438
step=153600 rec=0.024270 dis=0.170127 adv=3.490005 lam=3.072e-05 accD=0.9375
step=154400 rec=0.023694 dis=0.291193 adv=3.103563 lam=3.088e-05 accD=0.8750
step=155200 rec=0.026488 dis=0.161802 adv=3.490924 lam=3.104e-05 accD=0.9375
step=156000 rec=0.021764 dis=0.161666 adv=3.911475 lam=3.12e-05 accD=0.9688
step=156800 rec=0.024199 dis=0.177766 adv=3.580238 lam=3.136e-05 accD=0.8750
step=157600 rec=0.024510 dis=0.391337 adv=2.964558 lam=3.152e-05 accD=0.8438
step=158400 rec=0.026956 dis=0.222092 adv=3.697793 lam=3.168e-05 accD=0.8438
step=159200 rec=0.025201 dis=0.188774 adv=3.814719 lam=3.184e-05 accD=0.9062
step=160000 rec=0.025741 dis=0.284271 adv=3.013935 lam=3.2e-05 accD=0.9062
step=160800 rec=0.025662 dis=0.299606 adv=3.646897 lam=3.216e-05 accD=0.8750
step=161600 rec=0.020692 dis=0.262442 adv=3.673760 lam=3.232e-05 accD=0.9062
step=162400 rec=0.021863 dis=0.167808 adv=4.175783 lam=3.248e-05 accD=0.9375
step=163200 rec=0.021832 dis=0.334841 adv=3.206105 lam=3.264e-05 accD=0.7812
step=164000 rec=0.028352 dis=0.171778 adv=3.216710 lam=3.28e-05 accD=0.9062
step=164800 rec=0.024201 dis=0.177763 adv=2.953812 lam=3.296e-05 accD=0.9375
step=165600 rec=0.023716 dis=0.138473 adv=4.054488 lam=3.312e-05 accD=0.9688
step=166400 rec=0.021564 dis=0.394581 adv=3.826254 lam=3.328e-05 accD=0.8438
step=167200 rec=0.026775 dis=0.314702 adv=3.167305 lam=3.344e-05 accD=0.7812
step=168000 rec=0.022846 dis=0.337477 adv=3.280259 lam=3.36e-05 accD=0.9062
step=168800 rec=0.030650 dis=0.177633 adv=3.268296 lam=3.376e-05 accD=0.9062
step=169600 rec=0.024421 dis=0.255938 adv=3.032011 lam=3.392e-05 accD=0.8750
step=170400 rec=0.024937 dis=0.292620 adv=3.337991 lam=3.408e-05 accD=0.9062
step=171200 rec=0.022300 dis=0.333072 adv=3.179794 lam=3.424e-05 accD=0.7812
step=172000 rec=0.021042 dis=0.248754 adv=3.918394 lam=3.44e-05 accD=0.9375
step=172800 rec=0.024245 dis=0.315808 adv=3.536860 lam=3.456e-05 accD=0.8438
step=173600 rec=0.024732 dis=0.372281 adv=3.636829 lam=3.472e-05 accD=0.9062
step=174400 rec=0.022049 dis=0.172573 adv=4.217982 lam=3.488e-05 accD=0.9062
step=175200 rec=0.021273 dis=0.458644 adv=3.180863 lam=3.504e-05 accD=0.7812
step=176000 rec=0.020486 dis=0.176780 adv=3.569804 lam=3.52e-05 accD=0.9062
step=176800 rec=0.020693 dis=0.299176 adv=3.266854 lam=3.536e-05 accD=0.8438
step=177600 rec=0.020253 dis=0.165490 adv=3.909611 lam=3.552e-05 accD=0.9375
step=178400 rec=0.023229 dis=0.206051 adv=3.371484 lam=3.568e-05 accD=0.9375
step=179200 rec=0.027799 dis=0.457871 adv=3.832428 lam=3.584e-05 accD=0.9062
step=180000 rec=0.021068 dis=0.451629 adv=3.170602 lam=3.6e-05 accD=0.8125
step=180800 rec=0.022363 dis=0.308381 adv=3.547040 lam=3.616e-05 accD=0.9375
step=181600 rec=0.023796 dis=0.360518 adv=2.655255 lam=3.632e-05 accD=0.8125
step=182400 rec=0.024825 dis=0.162866 adv=3.541341 lam=3.648e-05 accD=0.9375
step=183200 rec=0.022350 dis=0.332328 adv=3.367013 lam=3.664e-05 accD=0.8438
step=184000 rec=0.026609 dis=0.181236 adv=3.770876 lam=3.68e-05 accD=0.9062
step=184800 rec=0.026890 dis=0.142615 adv=3.825440 lam=3.696e-05 accD=0.9062
step=185600 rec=0.023227 dis=0.199194 adv=3.458935 lam=3.712e-05 accD=0.9062
step=186400 rec=0.020036 dis=0.362329 adv=3.177525 lam=3.728e-05 accD=0.8438
step=187200 rec=0.023409 dis=0.224840 adv=3.189028 lam=3.744e-05 accD=0.8125
step=188000 rec=0.020025 dis=0.226806 adv=3.563010 lam=3.76e-05 accD=0.9375
step=188800 rec=0.021903 dis=0.114592 adv=3.924172 lam=3.776e-05 accD=0.9688
step=189600 rec=0.025492 dis=0.309010 adv=3.555686 lam=3.792e-05 accD=0.9062
step=190400 rec=0.024199 dis=0.473840 adv=3.202413 lam=3.808e-05 accD=0.8750
step=191200 rec=0.024297 dis=0.229924 adv=2.989522 lam=3.824e-05 accD=0.9375
step=192000 rec=0.020763 dis=0.350589 adv=3.943767 lam=3.84e-05 accD=0.9375
step=192800 rec=0.021577 dis=0.272354 adv=3.150663 lam=3.856e-05 accD=0.8438
step=193600 rec=0.022509 dis=0.242066 adv=3.081150 lam=3.872e-05 accD=0.9375
step=194400 rec=0.027776 dis=0.144185 adv=3.693956 lam=3.888e-05 accD=0.9375
step=195200 rec=0.022470 dis=0.286967 adv=3.447617 lam=3.904e-05 accD=0.8438
step=196000 rec=0.022046 dis=0.233543 adv=3.175074 lam=3.92e-05 accD=0.9062
step=196800 rec=0.021515 dis=0.391194 adv=3.140186 lam=3.936e-05 accD=0.9062
step=197600 rec=0.024507 dis=0.160406 adv=3.549185 lam=3.952e-05 accD=0.9375
step=198400 rec=0.027363 dis=0.204925 adv=3.249912 lam=3.968e-05 accD=0.9062
step=199200 rec=0.025542 dis=0.387317 adv=3.381119 lam=3.984e-05 accD=0.8438
[VAL] epoch=3 val_rec=0.020472 time_min=1.9
step=200000 rec=0.023919 dis=0.273588 adv=3.312207 lam=4e-05 accD=0.8438
step=200800 rec=0.021188 dis=0.205984 adv=3.434272 lam=4.016e-05 accD=0.9688
step=201600 rec=0.018071 dis=0.273241 adv=3.091144 lam=4.032e-05 accD=0.8438
step=202400 rec=0.024452 dis=0.275634 adv=3.316680 lam=4.048e-05 accD=0.8125
step=203200 rec=0.022514 dis=0.170386 adv=3.678139 lam=4.064e-05 accD=0.9375
step=204000 rec=0.025305 dis=0.299982 adv=3.315464 lam=4.08e-05 accD=0.8750
step=204800 rec=0.021157 dis=0.221361 adv=3.267027 lam=4.096e-05 accD=0.8750
step=205600 rec=0.027329 dis=0.185187 adv=3.571237 lam=4.112e-05 accD=0.9375
step=206400 rec=0.022755 dis=0.438260 adv=2.935195 lam=4.128e-05 accD=0.7500
step=207200 rec=0.020139 dis=0.253039 adv=3.393023 lam=4.144e-05 accD=0.9062
step=208000 rec=0.020977 dis=0.402853 adv=3.512259 lam=4.16e-05 accD=0.8750
step=208800 rec=0.022234 dis=0.227014 adv=3.544633 lam=4.176e-05 accD=0.8750
step=209600 rec=0.021611 dis=0.345522 adv=3.187053 lam=4.192e-05 accD=0.8750
step=210400 rec=0.022362 dis=0.189454 adv=3.915415 lam=4.208e-05 accD=0.8750
step=211200 rec=0.022166 dis=0.204695 adv=3.623201 lam=4.224e-05 accD=0.9062
step=212000 rec=0.029313 dis=0.286386 adv=3.396906 lam=4.24e-05 accD=0.8438
step=212800 rec=0.021091 dis=0.190446 adv=3.187866 lam=4.256e-05 accD=0.9062
step=213600 rec=0.024340 dis=0.149297 adv=3.841465 lam=4.272e-05 accD=0.9688
step=214400 rec=0.023138 dis=0.277262 adv=3.647953 lam=4.288e-05 accD=0.9062
step=215200 rec=0.022772 dis=0.229937 adv=3.604516 lam=4.304e-05 accD=0.9062
step=216000 rec=0.024496 dis=0.255660 adv=3.070100 lam=4.32e-05 accD=0.8438
step=216800 rec=0.026771 dis=0.336287 adv=3.596294 lam=4.336e-05 accD=0.8750
step=217600 rec=0.022464 dis=0.197034 adv=3.618992 lam=4.352e-05 accD=0.9062
step=218400 rec=0.022925 dis=0.171087 adv=3.459877 lam=4.368e-05 accD=0.9375
step=219200 rec=0.023488 dis=0.101609 adv=3.752210 lam=4.384e-05 accD=0.9688
step=220000 rec=0.023892 dis=0.138933 adv=3.517746 lam=4.4e-05 accD=1.0000
step=220800 rec=0.020276 dis=0.559735 adv=3.028445 lam=4.416e-05 accD=0.8438
step=221600 rec=0.023844 dis=0.218488 adv=3.519266 lam=4.432e-05 accD=0.9062
step=222400 rec=0.022810 dis=0.238813 adv=3.225901 lam=4.448e-05 accD=0.9062
step=223200 rec=0.022711 dis=0.248496 adv=3.361437 lam=4.464e-05 accD=0.8438
step=224000 rec=0.022032 dis=0.314337 adv=3.345576 lam=4.48e-05 accD=0.9062
step=224800 rec=0.022126 dis=0.170430 adv=3.142353 lam=4.496e-05 accD=0.9375
step=225600 rec=0.019110 dis=0.299196 adv=2.967852 lam=4.512e-05 accD=0.8750
step=226400 rec=0.023283 dis=0.217733 adv=3.667720 lam=4.528e-05 accD=0.9375
step=227200 rec=0.020826 dis=0.282460 adv=3.347996 lam=4.544e-05 accD=0.8750
step=228000 rec=0.021959 dis=0.286146 adv=2.937242 lam=4.56e-05 accD=0.8750
step=228800 rec=0.019148 dis=0.160821 adv=3.929941 lam=4.576e-05 accD=0.9375
step=229600 rec=0.019756 dis=0.192642 adv=3.580466 lam=4.592e-05 accD=0.9375
step=230400 rec=0.020807 dis=0.324160 adv=3.068299 lam=4.608e-05 accD=0.8750
step=231200 rec=0.022066 dis=0.350088 adv=3.251596 lam=4.624e-05 accD=0.7812
step=232000 rec=0.022462 dis=0.311287 adv=3.177013 lam=4.64e-05 accD=0.8750
step=232800 rec=0.025875 dis=0.448361 adv=2.686106 lam=4.656e-05 accD=0.8438
step=233600 rec=0.026454 dis=0.166743 adv=3.866992 lam=4.672e-05 accD=0.9375
step=234400 rec=0.024800 dis=0.097454 adv=3.834248 lam=4.688e-05 accD=0.9688
step=235200 rec=0.020029 dis=0.287116 adv=2.998626 lam=4.704e-05 accD=0.8750
step=236000 rec=0.020144 dis=0.225578 adv=3.392068 lam=4.72e-05 accD=0.8750
step=236800 rec=0.023155 dis=0.363446 adv=3.251665 lam=4.736e-05 accD=0.8750
step=237600 rec=0.025111 dis=0.183458 adv=3.641280 lam=4.752e-05 accD=0.9688
step=238400 rec=0.021927 dis=0.221991 adv=2.854717 lam=4.768e-05 accD=0.9062
step=239200 rec=0.020335 dis=0.337452 adv=2.919715 lam=4.784e-05 accD=0.8750
step=240000 rec=0.020734 dis=0.231577 adv=3.231417 lam=4.8e-05 accD=0.9375
step=240800 rec=0.023595 dis=0.289092 adv=3.393748 lam=4.816e-05 accD=0.8438
step=241600 rec=0.019912 dis=0.206597 adv=3.207831 lam=4.832e-05 accD=0.9375
step=242400 rec=0.021398 dis=0.289641 adv=3.640096 lam=4.848e-05 accD=0.8438
step=243200 rec=0.020035 dis=0.134619 adv=3.588640 lam=4.864e-05 accD=1.0000
step=244000 rec=0.018869 dis=0.292484 adv=3.353736 lam=4.88e-05 accD=0.8125
step=244800 rec=0.023358 dis=0.316458 adv=3.447627 lam=4.896e-05 accD=0.8125
step=245600 rec=0.018568 dis=0.142398 adv=3.546291 lam=4.912e-05 accD=0.9688
step=246400 rec=0.020342 dis=0.333874 adv=2.921745 lam=4.928e-05 accD=0.8438
step=247200 rec=0.020681 dis=0.356393 adv=3.043361 lam=4.944e-05 accD=0.7500
step=248000 rec=0.023021 dis=0.215934 adv=3.484573 lam=4.96e-05 accD=0.9375
step=248800 rec=0.018680 dis=0.255265 adv=3.330239 lam=4.976e-05 accD=0.8750
step=249600 rec=0.022136 dis=0.332878 adv=2.866455 lam=4.992e-05 accD=0.7812
[VAL] epoch=4 val_rec=0.021307 time_min=2.0
step=250400 rec=0.021398 dis=0.177569 adv=3.267447 lam=5.008e-05 accD=0.9375
step=251200 rec=0.018741 dis=0.173162 adv=3.441093 lam=5.024e-05 accD=0.9375
step=252000 rec=0.020707 dis=0.167742 adv=3.554064 lam=5.04e-05 accD=0.9688
step=252800 rec=0.022530 dis=0.318907 adv=3.347748 lam=5.056e-05 accD=0.8125
step=253600 rec=0.019042 dis=0.166398 adv=3.661358 lam=5.072e-05 accD=0.9375
step=254400 rec=0.020102 dis=0.422684 adv=3.603142 lam=5.088e-05 accD=0.8750
step=255200 rec=0.020223 dis=0.261647 adv=3.300980 lam=5.104e-05 accD=0.9062
step=256000 rec=0.017560 dis=0.334883 adv=3.295342 lam=5.12e-05 accD=0.8125
step=256800 rec=0.020256 dis=0.188457 adv=3.833350 lam=5.136e-05 accD=0.9062
step=257600 rec=0.017981 dis=0.255796 adv=3.546813 lam=5.152e-05 accD=0.9375
step=258400 rec=0.020047 dis=0.111222 adv=3.588301 lam=5.168e-05 accD=1.0000
step=259200 rec=0.019290 dis=0.199477 adv=3.609848 lam=5.184e-05 accD=0.9688
step=260000 rec=0.019626 dis=0.364120 adv=3.625041 lam=5.2e-05 accD=0.8750
step=260800 rec=0.019386 dis=0.201829 adv=3.708831 lam=5.216e-05 accD=0.9062
step=261600 rec=0.023560 dis=0.213007 adv=3.199894 lam=5.232e-05 accD=0.9375
step=262400 rec=0.017309 dis=0.189589 adv=3.765116 lam=5.248e-05 accD=0.9375
step=263200 rec=0.024102 dis=0.234291 adv=3.266655 lam=5.264e-05 accD=0.9375
step=264000 rec=0.023028 dis=0.279866 adv=3.007469 lam=5.28e-05 accD=0.9062
step=264800 rec=0.020888 dis=0.269574 adv=3.361411 lam=5.296e-05 accD=0.8750
step=265600 rec=0.023139 dis=0.118144 adv=4.166341 lam=5.312e-05 accD=0.9688
step=266400 rec=0.018779 dis=0.336954 adv=3.543773 lam=5.328e-05 accD=0.8438
step=267200 rec=0.018067 dis=0.240384 adv=3.673600 lam=5.344e-05 accD=0.9062
step=268000 rec=0.023400 dis=0.298022 adv=3.143239 lam=5.36e-05 accD=0.8438
step=268800 rec=0.023694 dis=0.130455 adv=3.834901 lam=5.376e-05 accD=1.0000
step=269600 rec=0.018159 dis=0.129546 adv=3.643362 lam=5.392e-05 accD=0.9688
step=270400 rec=0.020083 dis=0.372238 adv=3.139543 lam=5.408e-05 accD=0.8438
step=271200 rec=0.021287 dis=0.248962 adv=3.163244 lam=5.424e-05 accD=0.8750
step=272000 rec=0.017570 dis=0.381823 adv=3.043810 lam=5.44e-05 accD=0.7812
step=272800 rec=0.018836 dis=0.115836 adv=3.994563 lam=5.456e-05 accD=0.9375
step=273600 rec=0.018278 dis=0.250017 adv=3.247752 lam=5.472e-05 accD=0.9375
step=274400 rec=0.020789 dis=0.320425 adv=3.274925 lam=5.488e-05 accD=0.8125
step=275200 rec=0.023065 dis=0.220799 adv=3.205261 lam=5.504e-05 accD=0.9375
step=276000 rec=0.020634 dis=0.150586 adv=3.551512 lam=5.52e-05 accD=0.9688
step=276800 rec=0.019277 dis=0.294563 adv=3.305264 lam=5.536e-05 accD=0.8750
step=277600 rec=0.018946 dis=0.311301 adv=3.480896 lam=5.552e-05 accD=0.8750
step=278400 rec=0.017384 dis=0.228002 adv=3.460715 lam=5.568e-05 accD=0.9375
step=279200 rec=0.021267 dis=0.385640 adv=3.253664 lam=5.584e-05 accD=0.7812
step=280000 rec=0.023240 dis=0.320263 adv=3.596098 lam=5.6e-05 accD=0.7500
step=280800 rec=0.021033 dis=0.229709 adv=3.594434 lam=5.616e-05 accD=0.9062
step=281600 rec=0.023922 dis=0.395992 adv=2.834980 lam=5.632e-05 accD=0.7500
step=282400 rec=0.020789 dis=0.305681 adv=3.460956 lam=5.648e-05 accD=0.8125
step=283200 rec=0.020005 dis=0.305702 adv=3.025849 lam=5.664e-05 accD=0.8750
step=284000 rec=0.018685 dis=0.357105 adv=3.019805 lam=5.68e-05 accD=0.8125
step=284800 rec=0.022035 dis=0.282288 adv=3.138936 lam=5.696e-05 accD=0.9375
step=285600 rec=0.021556 dis=0.413523 adv=2.640258 lam=5.712e-05 accD=0.8438
step=286400 rec=0.020723 dis=0.327028 adv=3.202909 lam=5.728e-05 accD=0.8438
step=287200 rec=0.020448 dis=0.341979 adv=3.480296 lam=5.744e-05 accD=0.8125
step=288000 rec=0.019959 dis=0.214302 adv=3.211547 lam=5.76e-05 accD=0.9375
step=288800 rec=0.021724 dis=0.305379 adv=3.108755 lam=5.776e-05 accD=0.9062
step=289600 rec=0.022734 dis=0.256911 adv=3.443227 lam=5.792e-05 accD=0.9062
step=290400 rec=0.019678 dis=0.150229 adv=3.636377 lam=5.808e-05 accD=0.9688
step=291200 rec=0.020214 dis=0.225687 adv=3.498176 lam=5.824e-05 accD=0.9062
step=292000 rec=0.016837 dis=0.148916 adv=3.873653 lam=5.84e-05 accD=0.9688
step=292800 rec=0.018938 dis=0.191982 adv=3.323462 lam=5.856e-05 accD=0.9375
step=293600 rec=0.021820 dis=0.267968 adv=3.306149 lam=5.872e-05 accD=0.8750
step=294400 rec=0.022537 dis=0.344971 adv=3.225774 lam=5.888e-05 accD=0.8125
step=295200 rec=0.018486 dis=0.525795 adv=2.958502 lam=5.904e-05 accD=0.7500
step=296000 rec=0.019481 dis=0.255384 adv=2.971911 lam=5.92e-05 accD=0.9062
step=296800 rec=0.017165 dis=0.190953 adv=3.170687 lam=5.936e-05 accD=0.9375
step=297600 rec=0.020382 dis=0.274384 adv=3.448176 lam=5.952e-05 accD=0.8750
step=298400 rec=0.019686 dis=0.272156 adv=3.054784 lam=5.968e-05 accD=0.8125
step=299200 rec=0.018702 dis=0.394569 adv=3.018764 lam=5.984e-05 accD=0.8438
[VAL] epoch=5 val_rec=0.019244 time_min=2.0
step=300000 rec=0.017710 dis=0.232920 adv=3.025044 lam=6e-05 accD=0.9062
step=300800 rec=0.019342 dis=0.257636 adv=3.591625 lam=6.016e-05 accD=0.8750
step=301600 rec=0.022056 dis=0.208318 adv=3.223654 lam=6.032e-05 accD=0.9375
step=302400 rec=0.020166 dis=0.174101 adv=3.861655 lam=6.048e-05 accD=0.9375
step=303200 rec=0.016281 dis=0.156594 adv=3.479753 lam=6.064e-05 accD=0.9688
step=304000 rec=0.021328 dis=0.130879 adv=4.182669 lam=6.08e-05 accD=0.9375
step=304800 rec=0.021620 dis=0.170768 adv=3.240139 lam=6.096e-05 accD=0.9375
step=305600 rec=0.023580 dis=0.407848 adv=3.445470 lam=6.112e-05 accD=0.8438
step=306400 rec=0.019151 dis=0.259807 adv=3.266635 lam=6.128e-05 accD=0.8750
step=307200 rec=0.017368 dis=0.203615 adv=3.551462 lam=6.144e-05 accD=0.9062
step=308000 rec=0.017612 dis=0.462215 adv=2.986551 lam=6.16e-05 accD=0.8125
step=308800 rec=0.019061 dis=0.151762 adv=3.562389 lam=6.176e-05 accD=0.9375
step=309600 rec=0.019895 dis=0.288528 adv=3.130138 lam=6.192e-05 accD=0.8438
step=310400 rec=0.020559 dis=0.516126 adv=3.171549 lam=6.208e-05 accD=0.7812
step=311200 rec=0.016733 dis=0.167089 adv=3.364515 lam=6.224e-05 accD=0.9688
step=312000 rec=0.021046 dis=0.112924 adv=3.794912 lam=6.24e-05 accD=0.9375
step=312800 rec=0.014922 dis=0.187690 adv=4.027542 lam=6.256e-05 accD=0.9375
step=313600 rec=0.016621 dis=0.261795 adv=3.381244 lam=6.272e-05 accD=0.9062
step=314400 rec=0.018864 dis=0.257016 adv=3.728959 lam=6.288e-05 accD=0.9062
step=315200 rec=0.020211 dis=0.354954 adv=3.118211 lam=6.304e-05 accD=0.8125
step=316000 rec=0.018701 dis=0.390296 adv=3.001698 lam=6.32e-05 accD=0.7812
step=316800 rec=0.016097 dis=0.406560 adv=3.325800 lam=6.336e-05 accD=0.8125
step=317600 rec=0.018708 dis=0.215982 adv=3.227111 lam=6.352e-05 accD=0.9375
step=318400 rec=0.019693 dis=0.234726 adv=3.464995 lam=6.368e-05 accD=0.9062
step=319200 rec=0.018063 dis=0.232498 adv=3.744258 lam=6.384e-05 accD=0.9062
step=320000 rec=0.019456 dis=0.181897 adv=3.493140 lam=6.4e-05 accD=0.9375
step=320800 rec=0.018122 dis=0.186803 adv=3.606187 lam=6.416e-05 accD=0.9062
step=321600 rec=0.016842 dis=0.573259 adv=2.500433 lam=6.432e-05 accD=0.8438
step=322400 rec=0.022880 dis=0.248998 adv=3.142584 lam=6.448e-05 accD=0.9062
step=323200 rec=0.019782 dis=0.315430 adv=3.452011 lam=6.464e-05 accD=0.8750
step=324000 rec=0.019690 dis=0.268515 adv=3.438214 lam=6.48e-05 accD=0.8438
step=324800 rec=0.017889 dis=0.185341 adv=3.561480 lam=6.496e-05 accD=0.8750
step=325600 rec=0.016406 dis=0.325111 adv=3.055506 lam=6.512e-05 accD=0.8438
step=326400 rec=0.018181 dis=0.160024 adv=3.361707 lam=6.528e-05 accD=0.9688
step=327200 rec=0.016694 dis=0.193953 adv=3.474705 lam=6.544e-05 accD=0.9688
step=328000 rec=0.020512 dis=0.317153 adv=3.158091 lam=6.56e-05 accD=0.8438
step=328800 rec=0.016550 dis=0.324167 adv=3.265177 lam=6.576e-05 accD=0.8750
step=329600 rec=0.016760 dis=0.215654 adv=3.191015 lam=6.592e-05 accD=0.9375
step=330400 rec=0.021718 dis=0.215315 adv=3.500321 lam=6.608e-05 accD=0.9062
step=331200 rec=0.019668 dis=0.334885 adv=3.222345 lam=6.624e-05 accD=0.8750
step=332000 rec=0.021225 dis=0.142728 adv=3.622705 lam=6.64e-05 accD=0.9688
step=332800 rec=0.022053 dis=0.249298 adv=3.161438 lam=6.656e-05 accD=0.9375
step=333600 rec=0.023655 dis=0.169080 adv=3.311266 lam=6.672e-05 accD=0.9375
step=334400 rec=0.020132 dis=0.243224 adv=3.833506 lam=6.688e-05 accD=0.8750
step=335200 rec=0.017120 dis=0.324065 adv=3.150607 lam=6.704e-05 accD=0.7812
step=336000 rec=0.018180 dis=0.390685 adv=2.974261 lam=6.72e-05 accD=0.8125
step=336800 rec=0.018460 dis=0.302153 adv=2.965399 lam=6.736e-05 accD=0.8438
step=337600 rec=0.017343 dis=0.275780 adv=3.083502 lam=6.752e-05 accD=0.8750
step=338400 rec=0.019085 dis=0.131933 adv=3.615080 lam=6.768e-05 accD=0.9688
step=339200 rec=0.017568 dis=0.204446 adv=3.321496 lam=6.784e-05 accD=0.8438
step=340000 rec=0.017323 dis=0.294044 adv=3.462929 lam=6.8e-05 accD=0.8750
step=340800 rec=0.018167 dis=0.107426 adv=4.178826 lam=6.816e-05 accD=0.9688
step=341600 rec=0.016351 dis=0.287635 adv=2.916883 lam=6.832e-05 accD=0.8438
step=342400 rec=0.017000 dis=0.325749 adv=2.896015 lam=6.848e-05 accD=0.8438
step=343200 rec=0.018695 dis=0.326186 adv=2.790589 lam=6.864e-05 accD=0.8438
step=344000 rec=0.016917 dis=0.223742 adv=3.333395 lam=6.88e-05 accD=0.8438
step=344800 rec=0.019654 dis=0.234398 adv=2.852963 lam=6.896e-05 accD=0.9375
step=345600 rec=0.017094 dis=0.214463 adv=3.653161 lam=6.912e-05 accD=0.9375
step=346400 rec=0.020301 dis=0.145124 adv=3.693468 lam=6.928e-05 accD=0.9375
step=347200 rec=0.019298 dis=0.196742 adv=3.758598 lam=6.944e-05 accD=0.9375
step=348000 rec=0.020065 dis=0.179908 adv=3.334625 lam=6.96e-05 accD=0.9688
step=348800 rec=0.017989 dis=0.262431 adv=3.064675 lam=6.976e-05 accD=0.9062
step=349600 rec=0.016119 dis=0.253237 adv=3.322328 lam=6.992e-05 accD=0.9062
[VAL] epoch=6 val_rec=0.017164 time_min=2.4
step=350400 rec=0.018068 dis=0.199791 adv=3.867924 lam=7.008e-05 accD=0.9062
step=351200 rec=0.021060 dis=0.317725 adv=2.868499 lam=7.024e-05 accD=0.7812
step=352000 rec=0.023570 dis=0.148013 adv=3.631050 lam=7.04e-05 accD=0.9375
step=352800 rec=0.023538 dis=0.423342 adv=3.195206 lam=7.056e-05 accD=0.8438
step=353600 rec=0.023873 dis=0.446952 adv=2.792447 lam=7.072e-05 accD=0.8438
step=354400 rec=0.020795 dis=0.184369 adv=3.653782 lam=7.088e-05 accD=0.9375
step=355200 rec=0.017535 dis=0.230721 adv=3.313499 lam=7.104e-05 accD=0.9375
step=356000 rec=0.017280 dis=0.181049 adv=3.480276 lam=7.12e-05 accD=0.8750
step=356800 rec=0.019059 dis=0.301781 adv=3.377671 lam=7.136e-05 accD=0.8438
step=357600 rec=0.018507 dis=0.249071 adv=3.535802 lam=7.152e-05 accD=0.9062
step=358400 rec=0.019404 dis=0.425095 adv=2.943662 lam=7.168e-05 accD=0.7812
step=359200 rec=0.019345 dis=0.250991 adv=3.330364 lam=7.184e-05 accD=0.8750
step=360000 rec=0.017255 dis=0.414575 adv=3.008607 lam=7.2e-05 accD=0.8438
step=360800 rec=0.017944 dis=0.443595 adv=2.659423 lam=7.216e-05 accD=0.8125
step=361600 rec=0.020017 dis=0.263621 adv=3.237356 lam=7.232e-05 accD=0.9062
step=362400 rec=0.019957 dis=0.310586 adv=3.009617 lam=7.248e-05 accD=0.8438
step=363200 rec=0.018313 dis=0.116577 adv=3.665042 lam=7.264e-05 accD=0.9688
step=364000 rec=0.016238 dis=0.331542 adv=3.475801 lam=7.28e-05 accD=0.8438
step=364800 rec=0.016700 dis=0.268729 adv=2.994852 lam=7.296e-05 accD=0.8125
step=365600 rec=0.017435 dis=0.340557 adv=3.214535 lam=7.312e-05 accD=0.8125
step=366400 rec=0.018306 dis=0.220376 adv=3.257126 lam=7.328e-05 accD=0.8438
step=367200 rec=0.019167 dis=0.206746 adv=3.534530 lam=7.344e-05 accD=0.9375
step=368000 rec=0.016110 dis=0.344812 adv=3.142966 lam=7.36e-05 accD=0.8438
step=368800 rec=0.018690 dis=0.249282 adv=3.042321 lam=7.376e-05 accD=0.8438
step=369600 rec=0.017304 dis=0.248875 adv=3.192511 lam=7.392e-05 accD=0.9062
step=370400 rec=0.017478 dis=0.353878 adv=2.893605 lam=7.408e-05 accD=0.8125
step=371200 rec=0.018154 dis=0.206559 adv=3.324130 lam=7.424e-05 accD=0.9375
step=372000 rec=0.016129 dis=0.155859 adv=3.802329 lam=7.44e-05 accD=0.9375
step=372800 rec=0.016091 dis=0.220443 adv=3.378407 lam=7.456e-05 accD=0.9062
step=373600 rec=0.016977 dis=0.185714 adv=3.295941 lam=7.472e-05 accD=0.9062
step=374400 rec=0.018547 dis=0.554106 adv=3.153053 lam=7.488e-05 accD=0.8125
step=375200 rec=0.020477 dis=0.443216 adv=2.578068 lam=7.504e-05 accD=0.8438
step=376000 rec=0.018866 dis=0.323927 adv=3.036115 lam=7.52e-05 accD=0.9062
step=376800 rec=0.017438 dis=0.319401 adv=3.384218 lam=7.536e-05 accD=0.8438
step=377600 rec=0.016902 dis=0.381210 adv=2.760103 lam=7.552e-05 accD=0.8438
step=378400 rec=0.018666 dis=0.295978 adv=3.016588 lam=7.568e-05 accD=0.8438
step=379200 rec=0.017963 dis=0.332435 adv=3.090463 lam=7.584e-05 accD=0.9062
step=380000 rec=0.017686 dis=0.459907 adv=2.816445 lam=7.6e-05 accD=0.7812
step=380800 rec=0.017471 dis=0.292373 adv=3.469918 lam=7.616e-05 accD=0.9062
step=381600 rec=0.017677 dis=0.233270 adv=3.641534 lam=7.632e-05 accD=0.8750
step=382400 rec=0.018980 dis=0.213728 adv=3.210468 lam=7.648e-05 accD=0.9375
step=383200 rec=0.016402 dis=0.160289 adv=3.221442 lam=7.664e-05 accD=0.9688
step=384000 rec=0.019054 dis=0.491276 adv=2.805472 lam=7.68e-05 accD=0.8125
step=384800 rec=0.018262 dis=0.264268 adv=2.970278 lam=7.696e-05 accD=0.8438
step=385600 rec=0.018466 dis=0.366274 adv=3.232959 lam=7.712e-05 accD=0.8438
step=386400 rec=0.014661 dis=0.302887 adv=3.316212 lam=7.728e-05 accD=0.8750
step=387200 rec=0.017147 dis=0.241540 adv=3.267607 lam=7.744e-05 accD=0.9375
step=388000 rec=0.018468 dis=0.333906 adv=3.093908 lam=7.76e-05 accD=0.8438
step=388800 rec=0.018412 dis=0.501429 adv=2.916509 lam=7.776e-05 accD=0.8438
step=389600 rec=0.017327 dis=0.207749 adv=3.032870 lam=7.792e-05 accD=0.9375
step=390400 rec=0.015165 dis=0.363991 adv=3.213585 lam=7.808e-05 accD=0.8438
step=391200 rec=0.018122 dis=0.191916 adv=3.300541 lam=7.824e-05 accD=0.9375
step=392000 rec=0.018209 dis=0.419735 adv=2.880311 lam=7.84e-05 accD=0.8125
step=392800 rec=0.021979 dis=0.225938 adv=3.594077 lam=7.856e-05 accD=0.8750
step=393600 rec=0.016094 dis=0.203844 adv=3.663192 lam=7.872e-05 accD=0.9062
step=394400 rec=0.017951 dis=0.476125 adv=3.886833 lam=7.888e-05 accD=0.7812
step=395200 rec=0.016750 dis=0.581466 adv=2.807262 lam=7.904e-05 accD=0.7188
step=396000 rec=0.013676 dis=0.325014 adv=3.175495 lam=7.92e-05 accD=0.7500
step=396800 rec=0.018800 dis=0.103845 adv=3.455853 lam=7.936e-05 accD=0.9688
step=397600 rec=0.016882 dis=0.368499 adv=3.056405 lam=7.952e-05 accD=0.8125
step=398400 rec=0.016478 dis=0.187836 adv=3.214309 lam=7.968e-05 accD=0.9375
step=399200 rec=0.016476 dis=0.373402 adv=3.228221 lam=7.984e-05 accD=0.7812
[VAL] epoch=7 val_rec=0.016686 time_min=3.2
step=400000 rec=0.019299 dis=0.280521 adv=3.764865 lam=8e-05 accD=0.9062
step=400800 rec=0.018159 dis=0.207272 adv=3.230694 lam=8.016e-05 accD=0.9062
step=401600 rec=0.016718 dis=0.284169 adv=2.655283 lam=8.032e-05 accD=0.8750
step=402400 rec=0.016119 dis=0.266753 adv=3.465727 lam=8.048e-05 accD=0.8750
step=403200 rec=0.015190 dis=0.239359 adv=2.861952 lam=8.064e-05 accD=0.9062
step=404000 rec=0.014943 dis=0.452395 adv=2.865671 lam=8.08e-05 accD=0.7812
step=404800 rec=0.016982 dis=0.083650 adv=3.832964 lam=8.096e-05 accD=1.0000
step=405600 rec=0.017490 dis=0.366098 adv=2.937196 lam=8.112e-05 accD=0.8438
step=406400 rec=0.017531 dis=0.256753 adv=3.201563 lam=8.128e-05 accD=0.8750
step=407200 rec=0.019566 dis=0.213445 adv=3.647132 lam=8.144e-05 accD=0.9375
step=408000 rec=0.018848 dis=0.194504 adv=3.137266 lam=8.16e-05 accD=0.9375
step=408800 rec=0.017252 dis=0.256471 adv=3.109201 lam=8.176e-05 accD=0.8750
step=409600 rec=0.017004 dis=0.250961 adv=3.344383 lam=8.192e-05 accD=0.9062
step=410400 rec=0.021941 dis=0.286242 adv=3.091504 lam=8.208e-05 accD=0.8750
step=411200 rec=0.019727 dis=0.460751 adv=2.537941 lam=8.224e-05 accD=0.7812
step=412000 rec=0.019022 dis=0.368421 adv=3.076628 lam=8.24e-05 accD=0.7500
step=412800 rec=0.020039 dis=0.373888 adv=3.026704 lam=8.256e-05 accD=0.8438
step=413600 rec=0.016163 dis=0.472263 adv=2.696085 lam=8.272e-05 accD=0.7812
step=414400 rec=0.018765 dis=0.366923 adv=2.793540 lam=8.288e-05 accD=0.8750
step=415200 rec=0.020619 dis=0.191750 adv=3.486199 lam=8.304e-05 accD=0.9688
step=416000 rec=0.017376 dis=0.181684 adv=3.648401 lam=8.32e-05 accD=0.9688
step=416800 rec=0.016305 dis=0.159841 adv=3.317431 lam=8.336e-05 accD=0.9688
step=417600 rec=0.019615 dis=0.248985 adv=3.006697 lam=8.352e-05 accD=0.8750
step=418400 rec=0.019684 dis=0.241132 adv=3.297300 lam=8.368e-05 accD=0.8750
step=419200 rec=0.016281 dis=0.266080 adv=3.406881 lam=8.384e-05 accD=0.9062
step=420000 rec=0.017111 dis=0.373110 adv=2.831388 lam=8.4e-05 accD=0.8125
step=420800 rec=0.016435 dis=0.176218 adv=3.118398 lam=8.416e-05 accD=0.9062
step=421600 rec=0.022905 dis=0.300538 adv=3.066918 lam=8.432e-05 accD=0.8750
step=422400 rec=0.018367 dis=0.244810 adv=3.610871 lam=8.448e-05 accD=0.9062
step=423200 rec=0.018042 dis=0.184378 adv=3.085442 lam=8.464e-05 accD=0.9062
step=424000 rec=0.018437 dis=0.259993 adv=3.188980 lam=8.48e-05 accD=0.9062
step=424800 rec=0.017349 dis=0.322571 adv=2.725087 lam=8.496e-05 accD=0.8750
step=425600 rec=0.017912 dis=0.346285 adv=2.820449 lam=8.512e-05 accD=0.8438
step=426400 rec=0.019621 dis=0.163451 adv=3.530651 lam=8.528e-05 accD=0.9062
step=427200 rec=0.017332 dis=0.347719 adv=2.840913 lam=8.544e-05 accD=0.8438
step=428000 rec=0.019185 dis=0.443282 adv=3.250233 lam=8.56e-05 accD=0.7500
step=428800 rec=0.018839 dis=0.228289 adv=3.146357 lam=8.576e-05 accD=0.9062
step=429600 rec=0.017260 dis=0.449520 adv=3.423633 lam=8.592e-05 accD=0.8438
step=430400 rec=0.017459 dis=0.187302 adv=2.955579 lam=8.608e-05 accD=1.0000
step=431200 rec=0.017446 dis=0.267837 adv=2.962049 lam=8.624e-05 accD=0.8750
step=432000 rec=0.018715 dis=0.228384 adv=3.150303 lam=8.64e-05 accD=0.9375
step=432800 rec=0.015972 dis=0.298682 adv=3.554842 lam=8.656e-05 accD=0.8438
step=433600 rec=0.018922 dis=0.133080 adv=3.878083 lam=8.672e-05 accD=0.9375
step=434400 rec=0.018522 dis=0.171015 adv=3.442888 lam=8.688e-05 accD=0.9688
step=435200 rec=0.016055 dis=0.250980 adv=3.645752 lam=8.704e-05 accD=0.9375
step=436000 rec=0.015940 dis=0.285591 adv=3.065966 lam=8.72e-05 accD=0.8438
step=436800 rec=0.019411 dis=0.276213 adv=3.118875 lam=8.736e-05 accD=0.8750
step=437600 rec=0.017017 dis=0.219098 adv=3.409839 lam=8.752e-05 accD=0.8750
step=438400 rec=0.018244 dis=0.342194 adv=2.785115 lam=8.768e-05 accD=0.8125
step=439200 rec=0.015897 dis=0.126047 adv=3.899364 lam=8.784e-05 accD=0.9688
step=440000 rec=0.014609 dis=0.435952 adv=3.218577 lam=8.8e-05 accD=0.7188
step=440800 rec=0.016689 dis=0.159559 adv=3.682199 lam=8.816e-05 accD=0.9062
step=441600 rec=0.018599 dis=0.165497 adv=3.529124 lam=8.832e-05 accD=0.9375
step=442400 rec=0.014797 dis=0.281152 adv=3.362967 lam=8.848e-05 accD=0.8750
step=443200 rec=0.017140 dis=0.221413 adv=3.951677 lam=8.864e-05 accD=0.9375
step=444000 rec=0.015294 dis=0.174227 adv=3.484547 lam=8.88e-05 accD=0.9375
step=444800 rec=0.019012 dis=0.095691 adv=4.105898 lam=8.896e-05 accD=0.9688
step=445600 rec=0.018400 dis=0.355671 adv=2.768721 lam=8.912e-05 accD=0.7812
step=446400 rec=0.015885 dis=0.379711 adv=2.769408 lam=8.928e-05 accD=0.8438
step=447200 rec=0.017748 dis=0.123495 adv=3.527456 lam=8.944e-05 accD=1.0000
step=448000 rec=0.020653 dis=0.286832 adv=3.286018 lam=8.96e-05 accD=0.9062
step=448800 rec=0.016230 dis=0.320593 adv=3.071489 lam=8.976e-05 accD=0.9062
step=449600 rec=0.015238 dis=0.286538 adv=3.195385 lam=8.992e-05 accD=0.8438
[VAL] epoch=8 val_rec=0.016094 time_min=3.9
step=450400 rec=0.014539 dis=0.311323 adv=3.117941 lam=9.008e-05 accD=0.8438
step=451200 rec=0.014312 dis=0.318304 adv=2.857920 lam=9.024e-05 accD=0.9062
step=452000 rec=0.017221 dis=0.307366 adv=3.203302 lam=9.04e-05 accD=0.8438
step=452800 rec=0.017758 dis=0.120585 adv=3.475426 lam=9.056e-05 accD=0.9688
step=453600 rec=0.018068 dis=0.205962 adv=3.126115 lam=9.072e-05 accD=0.9375
step=454400 rec=0.014917 dis=0.225310 adv=3.296046 lam=9.088e-05 accD=0.9062
step=455200 rec=0.016067 dis=0.514520 adv=2.961940 lam=9.104e-05 accD=0.8125
step=456000 rec=0.015500 dis=0.194216 adv=3.501892 lam=9.12e-05 accD=0.9375
step=456800 rec=0.016968 dis=0.250841 adv=2.683429 lam=9.136e-05 accD=0.9375
step=457600 rec=0.016480 dis=0.357677 adv=2.988124 lam=9.152e-05 accD=0.8125
step=458400 rec=0.016154 dis=0.152643 adv=3.335634 lam=9.168e-05 accD=0.9688
step=459200 rec=0.015296 dis=0.307777 adv=2.639567 lam=9.184e-05 accD=0.9062
step=460000 rec=0.016515 dis=0.183047 adv=3.593399 lam=9.2e-05 accD=0.9688
step=460800 rec=0.015152 dis=0.379932 adv=3.298357 lam=9.216e-05 accD=0.8125
step=461600 rec=0.017345 dis=0.169518 adv=3.139388 lam=9.232e-05 accD=0.9062
step=462400 rec=0.016868 dis=0.171310 adv=3.414786 lam=9.248e-05 accD=0.9375
step=463200 rec=0.017054 dis=0.375147 adv=3.039114 lam=9.264e-05 accD=0.7812
step=464000 rec=0.015896 dis=0.411717 adv=2.967704 lam=9.28e-05 accD=0.7812
step=464800 rec=0.017835 dis=0.404166 adv=3.074154 lam=9.296e-05 accD=0.7812
step=465600 rec=0.016384 dis=0.187668 adv=3.109512 lam=9.312e-05 accD=0.9375
step=466400 rec=0.014972 dis=0.268812 adv=3.643617 lam=9.328e-05 accD=0.8750
step=467200 rec=0.015612 dis=0.477142 adv=3.010229 lam=9.344e-05 accD=0.8125
step=468000 rec=0.017674 dis=0.287761 adv=3.101525 lam=9.36e-05 accD=0.9062
step=468800 rec=0.017662 dis=0.373260 adv=3.118154 lam=9.376e-05 accD=0.8438
step=469600 rec=0.015263 dis=0.166925 adv=3.431547 lam=9.392e-05 accD=0.9688
step=470400 rec=0.015055 dis=0.325018 adv=3.162658 lam=9.408e-05 accD=0.8438
step=471200 rec=0.015954 dis=0.298158 adv=3.052109 lam=9.424e-05 accD=0.8125
step=472000 rec=0.014195 dis=0.292842 adv=3.511498 lam=9.44e-05 accD=0.8438
step=472800 rec=0.018042 dis=0.252119 adv=2.960927 lam=9.456e-05 accD=0.8750
step=473600 rec=0.016909 dis=0.267331 adv=3.147744 lam=9.472e-05 accD=0.8750
step=474400 rec=0.015181 dis=0.172985 adv=3.859217 lam=9.488e-05 accD=0.9062
step=475200 rec=0.015268 dis=0.282665 adv=2.909179 lam=9.504e-05 accD=0.9062
step=476000 rec=0.016287 dis=0.221470 adv=3.609361 lam=9.52e-05 accD=0.8750
step=476800 rec=0.018487 dis=0.284904 adv=2.664948 lam=9.536e-05 accD=0.9375
step=477600 rec=0.021933 dis=0.176569 adv=3.891564 lam=9.552e-05 accD=0.8750
step=478400 rec=0.016585 dis=0.198766 adv=3.170633 lam=9.568e-05 accD=0.9375
step=479200 rec=0.015819 dis=0.286324 adv=3.461255 lam=9.584e-05 accD=0.8125
step=480000 rec=0.016889 dis=0.300390 adv=3.355389 lam=9.6e-05 accD=0.9062
step=480800 rec=0.016418 dis=0.230582 adv=3.106697 lam=9.616e-05 accD=0.9062
step=481600 rec=0.016120 dis=0.453300 adv=2.656875 lam=9.632e-05 accD=0.8438
step=482400 rec=0.016288 dis=0.287578 adv=2.858149 lam=9.648e-05 accD=0.8125
step=483200 rec=0.016945 dis=0.196229 adv=3.623386 lam=9.664e-05 accD=0.9375
step=484000 rec=0.016247 dis=0.227999 adv=3.671015 lam=9.68e-05 accD=0.9375
step=484800 rec=0.017029 dis=0.331684 adv=3.290187 lam=9.696e-05 accD=0.8125
step=485600 rec=0.018517 dis=0.314823 adv=3.286491 lam=9.712e-05 accD=0.8125
step=486400 rec=0.017748 dis=0.275792 adv=3.231044 lam=9.728e-05 accD=0.8750
step=487200 rec=0.019149 dis=0.351494 adv=3.282773 lam=9.744e-05 accD=0.8750
step=488000 rec=0.017193 dis=0.279159 adv=2.844896 lam=9.76e-05 accD=0.9375
step=488800 rec=0.021623 dis=0.179688 adv=4.011634 lam=9.776e-05 accD=0.8438
step=489600 rec=0.016045 dis=0.241062 adv=3.445838 lam=9.792e-05 accD=0.9375
step=490400 rec=0.017966 dis=0.155117 adv=3.217268 lam=9.808e-05 accD=0.9375
step=491200 rec=0.019249 dis=0.217638 adv=3.165062 lam=9.824e-05 accD=0.9688
step=492000 rec=0.016072 dis=0.141766 adv=3.917804 lam=9.84e-05 accD=0.9375
step=492800 rec=0.015909 dis=0.089525 adv=3.676847 lam=9.856e-05 accD=1.0000
step=493600 rec=0.016406 dis=0.513462 adv=2.284558 lam=9.872e-05 accD=0.7500
step=494400 rec=0.016821 dis=0.248838 adv=3.199580 lam=9.888e-05 accD=0.8750
step=495200 rec=0.016372 dis=0.402523 adv=3.090896 lam=9.904e-05 accD=0.8125
step=496000 rec=0.018389 dis=0.304791 adv=3.088227 lam=9.92e-05 accD=0.8125
step=496800 rec=0.016717 dis=0.196412 adv=3.738107 lam=9.936e-05 accD=0.9375
step=497600 rec=0.017678 dis=0.337452 adv=3.131616 lam=9.952e-05 accD=0.8125
step=498400 rec=0.016299 dis=0.509591 adv=2.992233 lam=9.968e-05 accD=0.8125
step=499200 rec=0.016396 dis=0.409651 adv=2.647748 lam=9.984e-05 accD=0.7500
[VAL] epoch=9 val_rec=0.015511 time_min=2.0
step=500000 rec=0.019786 dis=0.235046 adv=3.031585 lam=0.0001 accD=0.9375
step=500800 rec=0.015421 dis=0.292040 adv=3.517901 lam=0.0001 accD=0.8438
step=501600 rec=0.015459 dis=0.264394 adv=3.035069 lam=0.0001 accD=0.8750
step=502400 rec=0.014597 dis=0.259131 adv=3.108205 lam=0.0001 accD=0.8750
step=503200 rec=0.017597 dis=0.168853 adv=3.421056 lam=0.0001 accD=0.9375
step=504000 rec=0.014793 dis=0.215436 adv=2.826272 lam=0.0001 accD=0.8750
step=504800 rec=0.016284 dis=0.509704 adv=2.545257 lam=0.0001 accD=0.7500
step=505600 rec=0.015957 dis=0.204273 adv=3.028162 lam=0.0001 accD=0.9062
step=506400 rec=0.018957 dis=0.263761 adv=2.971459 lam=0.0001 accD=0.8438
step=507200 rec=0.016265 dis=0.296827 adv=3.303481 lam=0.0001 accD=0.8750
step=508000 rec=0.019368 dis=0.314675 adv=3.127010 lam=0.0001 accD=0.8438
step=508800 rec=0.015880 dis=0.223313 adv=3.523371 lam=0.0001 accD=0.8750
step=509600 rec=0.015692 dis=0.277453 adv=3.397454 lam=0.0001 accD=0.9062
step=510400 rec=0.014767 dis=0.434537 adv=2.881079 lam=0.0001 accD=0.7188
step=511200 rec=0.016611 dis=0.347762 adv=2.682582 lam=0.0001 accD=0.8438
step=512000 rec=0.016255 dis=0.164369 adv=3.468728 lam=0.0001 accD=0.9688
step=512800 rec=0.014672 dis=0.257003 adv=3.460571 lam=0.0001 accD=0.9062
step=513600 rec=0.014916 dis=0.188937 adv=3.633723 lam=0.0001 accD=0.9688
step=514400 rec=0.014179 dis=0.090446 adv=3.872921 lam=0.0001 accD=0.9688
step=515200 rec=0.019310 dis=0.099314 adv=3.336487 lam=0.0001 accD=1.0000
step=516000 rec=0.016120 dis=0.315015 adv=3.322814 lam=0.0001 accD=0.8750
step=516800 rec=0.024636 dis=0.285928 adv=2.775005 lam=0.0001 accD=0.9375
step=517600 rec=0.017643 dis=0.262218 adv=3.217508 lam=0.0001 accD=0.8438
step=518400 rec=0.017600 dis=0.122687 adv=3.347455 lam=0.0001 accD=1.0000
step=519200 rec=0.016125 dis=0.208823 adv=3.374633 lam=0.0001 accD=0.8750
step=520000 rec=0.015240 dis=0.246086 adv=3.126512 lam=0.0001 accD=0.8750
step=520800 rec=0.015700 dis=0.162603 adv=3.493194 lam=0.0001 accD=0.9688
step=521600 rec=0.018898 dis=0.239597 adv=3.409814 lam=0.0001 accD=0.9375
step=522400 rec=0.013967 dis=0.263447 adv=3.289436 lam=0.0001 accD=0.9062
step=523200 rec=0.016101 dis=0.240526 adv=3.287480 lam=0.0001 accD=0.8750
step=524000 rec=0.016241 dis=0.123322 adv=3.523822 lam=0.0001 accD=0.9375
step=524800 rec=0.015877 dis=0.294070 adv=3.889945 lam=0.0001 accD=0.8750
step=525600 rec=0.017570 dis=0.110369 adv=3.458814 lam=0.0001 accD=0.9688
step=526400 rec=0.015378 dis=0.261025 adv=3.020507 lam=0.0001 accD=0.8750
step=527200 rec=0.015064 dis=0.407786 adv=3.159951 lam=0.0001 accD=0.8438
step=528000 rec=0.016480 dis=0.182347 adv=3.206356 lam=0.0001 accD=0.9688
step=528800 rec=0.017444 dis=0.207757 adv=3.426613 lam=0.0001 accD=0.9375
step=529600 rec=0.016953 dis=0.434222 adv=2.988701 lam=0.0001 accD=0.8125
step=530400 rec=0.015926 dis=0.288003 adv=3.308920 lam=0.0001 accD=0.8750
step=531200 rec=0.017187 dis=0.447509 adv=2.912904 lam=0.0001 accD=0.7500
step=532000 rec=0.014957 dis=0.302546 adv=3.191711 lam=0.0001 accD=0.8750
step=532800 rec=0.014819 dis=0.209364 adv=3.669035 lam=0.0001 accD=0.9062
step=533600 rec=0.015454 dis=0.319331 adv=3.412794 lam=0.0001 accD=0.8438
step=534400 rec=0.015095 dis=0.273949 adv=3.085881 lam=0.0001 accD=0.9375
step=535200 rec=0.015023 dis=0.228007 adv=3.052262 lam=0.0001 accD=0.9062
step=536000 rec=0.014391 dis=0.291540 adv=3.134349 lam=0.0001 accD=0.9062
step=536800 rec=0.016563 dis=0.232401 adv=2.839037 lam=0.0001 accD=0.9062
step=537600 rec=0.016625 dis=0.165351 adv=3.145412 lam=0.0001 accD=0.9375
step=538400 rec=0.019761 dis=0.161122 adv=3.330779 lam=0.0001 accD=0.9688
step=539200 rec=0.018359 dis=0.293366 adv=2.703899 lam=0.0001 accD=0.8750
step=540000 rec=0.014845 dis=0.113258 adv=3.416524 lam=0.0001 accD=1.0000
step=540800 rec=0.017853 dis=0.344198 adv=3.332074 lam=0.0001 accD=0.8438
step=541600 rec=0.016538 dis=0.453649 adv=2.729288 lam=0.0001 accD=0.8125
step=542400 rec=0.016748 dis=0.453815 adv=2.763589 lam=0.0001 accD=0.8438
step=543200 rec=0.015821 dis=0.151086 adv=3.807978 lam=0.0001 accD=0.9375
step=544000 rec=0.015527 dis=0.184389 adv=3.167364 lam=0.0001 accD=0.9688
step=544800 rec=0.018240 dis=0.279279 adv=3.045380 lam=0.0001 accD=0.9062
step=545600 rec=0.016447 dis=0.175015 adv=3.451620 lam=0.0001 accD=0.9062
step=546400 rec=0.017927 dis=0.488690 adv=2.853484 lam=0.0001 accD=0.7812
step=547200 rec=0.015198 dis=0.233379 adv=3.126715 lam=0.0001 accD=0.9375
step=548000 rec=0.013990 dis=0.227728 adv=2.998062 lam=0.0001 accD=0.9375
step=548800 rec=0.014889 dis=0.290266 adv=2.878040 lam=0.0001 accD=0.8438
step=549600 rec=0.014141 dis=0.275612 adv=2.946663 lam=0.0001 accD=0.9375
[VAL] epoch=10 val_rec=0.015151 time_min=2.0
step=550400 rec=0.015145 dis=0.399887 adv=3.015684 lam=0.0001 accD=0.8750
step=551200 rec=0.016623 dis=0.471836 adv=3.103245 lam=0.0001 accD=0.7812
step=552000 rec=0.014854 dis=0.339102 adv=3.093582 lam=0.0001 accD=0.8438
step=552800 rec=0.017335 dis=0.223833 adv=3.041846 lam=0.0001 accD=0.8438
step=553600 rec=0.016590 dis=0.336336 adv=3.144981 lam=0.0001 accD=0.8438
step=554400 rec=0.015327 dis=0.272056 adv=3.347067 lam=0.0001 accD=0.8438
step=555200 rec=0.015478 dis=0.152877 adv=3.543143 lam=0.0001 accD=0.9375
step=556000 rec=0.016337 dis=0.242485 adv=3.542632 lam=0.0001 accD=0.9375
step=556800 rec=0.017189 dis=0.161497 adv=3.467171 lam=0.0001 accD=0.9375
step=557600 rec=0.013835 dis=0.581659 adv=2.618723 lam=0.0001 accD=0.7500
step=558400 rec=0.016457 dis=0.271921 adv=4.062599 lam=0.0001 accD=0.8750
step=559200 rec=0.016319 dis=0.401671 adv=3.165517 lam=0.0001 accD=0.8125
step=560000 rec=0.016347 dis=0.329410 adv=2.922221 lam=0.0001 accD=0.8438
step=560800 rec=0.016818 dis=0.246116 adv=3.484339 lam=0.0001 accD=0.9062
step=561600 rec=0.015786 dis=0.372172 adv=2.889962 lam=0.0001 accD=0.7812
step=562400 rec=0.015532 dis=0.201960 adv=3.045122 lam=0.0001 accD=0.9688
step=563200 rec=0.018117 dis=0.346620 adv=3.044089 lam=0.0001 accD=0.8750
step=564000 rec=0.014051 dis=0.244898 adv=3.475399 lam=0.0001 accD=0.8750
step=564800 rec=0.018154 dis=0.317797 adv=3.376030 lam=0.0001 accD=0.8438
step=565600 rec=0.017317 dis=0.409954 adv=3.166926 lam=0.0001 accD=0.7812
step=566400 rec=0.019328 dis=0.235957 adv=3.675112 lam=0.0001 accD=0.8750
step=567200 rec=0.016048 dis=0.325382 adv=3.202409 lam=0.0001 accD=0.8750
step=568000 rec=0.015281 dis=0.274730 adv=3.356106 lam=0.0001 accD=0.9062
step=568800 rec=0.016936 dis=0.325214 adv=3.246602 lam=0.0001 accD=0.9375
step=569600 rec=0.019675 dis=0.237013 adv=3.171528 lam=0.0001 accD=0.9062
step=570400 rec=0.017726 dis=0.386791 adv=3.131176 lam=0.0001 accD=0.7812
step=571200 rec=0.015248 dis=0.185802 adv=3.681152 lam=0.0001 accD=0.9688
step=572000 rec=0.016855 dis=0.341107 adv=3.132672 lam=0.0001 accD=0.8438
step=572800 rec=0.014534 dis=0.256936 adv=3.679065 lam=0.0001 accD=0.9062
step=573600 rec=0.017552 dis=0.208460 adv=3.257463 lam=0.0001 accD=0.9062
step=574400 rec=0.016360 dis=0.201208 adv=3.627801 lam=0.0001 accD=0.9062
step=575200 rec=0.015417 dis=0.165269 adv=3.634757 lam=0.0001 accD=0.9375
step=576000 rec=0.016439 dis=0.301778 adv=3.470992 lam=0.0001 accD=0.8438
step=576800 rec=0.017192 dis=0.366521 adv=3.224255 lam=0.0001 accD=0.8438
step=577600 rec=0.015969 dis=0.222230 adv=3.491931 lam=0.0001 accD=0.9062
step=578400 rec=0.015059 dis=0.221490 adv=2.990332 lam=0.0001 accD=0.9375
step=579200 rec=0.014577 dis=0.257150 adv=3.076216 lam=0.0001 accD=0.9062
step=580000 rec=0.016503 dis=0.320871 adv=3.358509 lam=0.0001 accD=0.9062
step=580800 rec=0.014467 dis=0.235004 adv=3.547504 lam=0.0001 accD=0.9375
step=581600 rec=0.017616 dis=0.260283 adv=3.265840 lam=0.0001 accD=0.8750
step=582400 rec=0.014287 dis=0.244760 adv=3.222567 lam=0.0001 accD=0.8750
step=583200 rec=0.015541 dis=0.199778 adv=3.261159 lam=0.0001 accD=0.9062
step=584000 rec=0.014896 dis=0.235314 adv=3.144699 lam=0.0001 accD=0.9062
step=584800 rec=0.018928 dis=0.213641 adv=3.160819 lam=0.0001 accD=0.8750
step=585600 rec=0.021198 dis=0.147162 adv=3.609675 lam=0.0001 accD=0.9375
step=586400 rec=0.017179 dis=0.253524 adv=3.223597 lam=0.0001 accD=0.8750
step=587200 rec=0.014670 dis=0.211819 adv=3.631741 lam=0.0001 accD=0.9375
step=588000 rec=0.013980 dis=0.275168 adv=3.600289 lam=0.0001 accD=0.9375
step=588800 rec=0.017211 dis=0.160770 adv=3.633507 lam=0.0001 accD=0.9375
step=589600 rec=0.014900 dis=0.218496 adv=3.633414 lam=0.0001 accD=0.9062
step=590400 rec=0.014810 dis=0.418522 adv=2.924092 lam=0.0001 accD=0.7500
step=591200 rec=0.012909 dis=0.339813 adv=3.036734 lam=0.0001 accD=0.8438
step=592000 rec=0.017561 dis=0.411031 adv=3.174546 lam=0.0001 accD=0.7812
step=592800 rec=0.017767 dis=0.404145 adv=2.994441 lam=0.0001 accD=0.8125
step=593600 rec=0.016517 dis=0.184953 adv=3.686607 lam=0.0001 accD=0.9375
step=594400 rec=0.015835 dis=0.322132 adv=3.167851 lam=0.0001 accD=0.8750
step=595200 rec=0.014976 dis=0.303904 adv=3.204849 lam=0.0001 accD=0.8750
step=596000 rec=0.015267 dis=0.228872 adv=3.156057 lam=0.0001 accD=0.8438
step=596800 rec=0.015002 dis=0.257046 adv=3.266359 lam=0.0001 accD=0.9688
step=597600 rec=0.016536 dis=0.275490 adv=3.053388 lam=0.0001 accD=0.8125
step=598400 rec=0.017525 dis=0.229324 adv=3.379608 lam=0.0001 accD=0.8750
step=599200 rec=0.015180 dis=0.195137 adv=3.279156 lam=0.0001 accD=0.9375
[VAL] epoch=11 val_rec=0.015234 time_min=1.9
step=600000 rec=0.016680 dis=0.279691 adv=3.378766 lam=0.0001 accD=0.8438
step=600800 rec=0.015856 dis=0.109004 adv=4.053059 lam=0.0001 accD=0.9375
step=601600 rec=0.016613 dis=0.570686 adv=2.891893 lam=0.0001 accD=0.7500
step=602400 rec=0.013449 dis=0.174547 adv=3.588067 lam=0.0001 accD=0.9062
step=603200 rec=0.013639 dis=0.209605 adv=3.595579 lam=0.0001 accD=0.8750
step=604000 rec=0.021073 dis=0.380594 adv=2.977791 lam=0.0001 accD=0.8438
step=604800 rec=0.017430 dis=0.299105 adv=2.992697 lam=0.0001 accD=0.8750
step=605600 rec=0.014512 dis=0.196398 adv=3.023557 lam=0.0001 accD=0.9688
step=606400 rec=0.017012 dis=0.149368 adv=3.603129 lam=0.0001 accD=0.9375
step=607200 rec=0.015539 dis=0.131822 adv=4.254530 lam=0.0001 accD=0.9688
step=608000 rec=0.016214 dis=0.221483 adv=3.727731 lam=0.0001 accD=0.8750
step=608800 rec=0.015940 dis=0.090770 adv=3.990897 lam=0.0001 accD=1.0000
step=609600 rec=0.018801 dis=0.158439 adv=3.452181 lam=0.0001 accD=0.9062
step=610400 rec=0.016143 dis=0.334948 adv=2.882462 lam=0.0001 accD=0.8750
step=611200 rec=0.014801 dis=0.184086 adv=3.175234 lam=0.0001 accD=0.9062
step=612000 rec=0.014362 dis=0.254486 adv=3.123214 lam=0.0001 accD=0.9062
step=612800 rec=0.014869 dis=0.393329 adv=2.496295 lam=0.0001 accD=0.7500
step=613600 rec=0.014811 dis=0.230231 adv=3.413270 lam=0.0001 accD=0.9062
step=614400 rec=0.015971 dis=0.209096 adv=3.574247 lam=0.0001 accD=0.9375
step=615200 rec=0.015670 dis=0.407548 adv=2.751542 lam=0.0001 accD=0.7500
step=616000 rec=0.013595 dis=0.379700 adv=2.782310 lam=0.0001 accD=0.8125
step=616800 rec=0.015253 dis=0.269502 adv=3.057272 lam=0.0001 accD=0.9062
step=617600 rec=0.015594 dis=0.197797 adv=3.219810 lam=0.0001 accD=0.9688
step=618400 rec=0.015131 dis=0.186851 adv=3.718534 lam=0.0001 accD=0.9375
step=619200 rec=0.016010 dis=0.147123 adv=3.786981 lam=0.0001 accD=0.9688
step=620000 rec=0.017971 dis=0.164404 adv=3.062809 lam=0.0001 accD=0.9375
step=620800 rec=0.016276 dis=0.346255 adv=3.074978 lam=0.0001 accD=0.9375
step=621600 rec=0.015082 dis=0.395267 adv=2.800726 lam=0.0001 accD=0.7188
step=622400 rec=0.015565 dis=0.142513 adv=3.737111 lam=0.0001 accD=0.9375
step=623200 rec=0.017155 dis=0.225536 adv=3.586426 lam=0.0001 accD=0.9375
step=624000 rec=0.020689 dis=0.302892 adv=3.598057 lam=0.0001 accD=0.8750
step=624800 rec=0.014700 dis=0.228428 adv=3.589420 lam=0.0001 accD=0.9062
step=625600 rec=0.017498 dis=0.278136 adv=3.572185 lam=0.0001 accD=0.9062
step=626400 rec=0.014646 dis=0.297925 adv=3.755354 lam=0.0001 accD=0.8750
step=627200 rec=0.014428 dis=0.295632 adv=3.331018 lam=0.0001 accD=0.8750
step=628000 rec=0.015277 dis=0.424240 adv=2.770525 lam=0.0001 accD=0.9062
step=628800 rec=0.015288 dis=0.258518 adv=3.783732 lam=0.0001 accD=0.8125
step=629600 rec=0.014366 dis=0.230320 adv=3.483675 lam=0.0001 accD=0.8438
step=630400 rec=0.015705 dis=0.357035 adv=3.450577 lam=0.0001 accD=0.9375
step=631200 rec=0.012997 dis=0.233883 adv=3.540052 lam=0.0001 accD=0.8750
step=632000 rec=0.014468 dis=0.203135 adv=3.953135 lam=0.0001 accD=0.9062
step=632800 rec=0.015010 dis=0.661971 adv=2.928434 lam=0.0001 accD=0.7500
step=633600 rec=0.014843 dis=0.379090 adv=3.064673 lam=0.0001 accD=0.8125
step=634400 rec=0.018869 dis=0.377157 adv=2.869329 lam=0.0001 accD=0.8125
step=635200 rec=0.015652 dis=0.227911 adv=4.124301 lam=0.0001 accD=0.9062
step=636000 rec=0.016920 dis=0.403740 adv=3.114817 lam=0.0001 accD=0.7812
step=636800 rec=0.013660 dis=0.297702 adv=3.022047 lam=0.0001 accD=0.8750
step=637600 rec=0.015710 dis=0.490870 adv=2.965119 lam=0.0001 accD=0.7812
step=638400 rec=0.015871 dis=0.248316 adv=3.844862 lam=0.0001 accD=0.8750
step=639200 rec=0.015822 dis=0.295131 adv=3.330536 lam=0.0001 accD=0.9062
step=640000 rec=0.014938 dis=0.159937 adv=3.450531 lam=0.0001 accD=0.9375
step=640800 rec=0.015480 dis=0.313496 adv=3.691113 lam=0.0001 accD=0.9375
step=641600 rec=0.015201 dis=0.485887 adv=3.086405 lam=0.0001 accD=0.8125
step=642400 rec=0.017398 dis=0.238546 adv=3.519438 lam=0.0001 accD=0.9375
step=643200 rec=0.014907 dis=0.111644 adv=3.187979 lam=0.0001 accD=0.9688
step=644000 rec=0.013190 dis=0.287351 adv=2.828859 lam=0.0001 accD=0.9375
step=644800 rec=0.014334 dis=0.243858 adv=3.507213 lam=0.0001 accD=0.9062
step=645600 rec=0.013507 dis=0.250006 adv=3.017508 lam=0.0001 accD=0.9062
step=646400 rec=0.016031 dis=0.269840 adv=3.443419 lam=0.0001 accD=0.8750
step=647200 rec=0.015222 dis=0.240752 adv=3.571247 lam=0.0001 accD=0.9375
step=648000 rec=0.013856 dis=0.320732 adv=2.879004 lam=0.0001 accD=0.8750
step=648800 rec=0.017412 dis=0.319936 adv=3.010927 lam=0.0001 accD=0.8438
step=649600 rec=0.015673 dis=0.290959 adv=3.512053 lam=0.0001 accD=0.9062
[VAL] epoch=12 val_rec=0.014888 time_min=2.0
step=650400 rec=0.015644 dis=0.146277 adv=3.304068 lam=0.0001 accD=0.9688
step=651200 rec=0.014907 dis=0.121813 adv=3.652778 lam=0.0001 accD=0.9375
step=652000 rec=0.013211 dis=0.135028 adv=3.277020 lam=0.0001 accD=0.9688
step=652800 rec=0.015511 dis=0.228535 adv=3.365024 lam=0.0001 accD=0.9062
step=653600 rec=0.012323 dis=0.224347 adv=3.494185 lam=0.0001 accD=0.9375
step=654400 rec=0.015272 dis=0.196335 adv=3.647500 lam=0.0001 accD=0.9062
step=655200 rec=0.014361 dis=0.277690 adv=3.536969 lam=0.0001 accD=0.8438
step=656000 rec=0.016930 dis=0.186958 adv=3.522152 lam=0.0001 accD=0.9375
step=656800 rec=0.014879 dis=0.120110 adv=3.689716 lam=0.0001 accD=1.0000
step=657600 rec=0.015210 dis=0.163859 adv=3.861293 lam=0.0001 accD=0.9062
step=658400 rec=0.014553 dis=0.296626 adv=2.929949 lam=0.0001 accD=0.9375
step=659200 rec=0.015301 dis=0.383103 adv=2.762176 lam=0.0001 accD=0.8750
step=660000 rec=0.013894 dis=0.397809 adv=2.947810 lam=0.0001 accD=0.8750
step=660800 rec=0.014240 dis=0.263004 adv=3.802919 lam=0.0001 accD=0.8438
step=661600 rec=0.018055 dis=0.402189 adv=3.542593 lam=0.0001 accD=0.8125
step=662400 rec=0.015955 dis=0.100226 adv=3.725421 lam=0.0001 accD=0.9688
step=663200 rec=0.015491 dis=0.287591 adv=3.274802 lam=0.0001 accD=0.8438
step=664000 rec=0.017562 dis=0.214460 adv=3.200287 lam=0.0001 accD=0.8750
step=664800 rec=0.016331 dis=0.425703 adv=3.386879 lam=0.0001 accD=0.8125
step=665600 rec=0.016360 dis=0.191598 adv=3.622492 lam=0.0001 accD=0.8750
step=666400 rec=0.016145 dis=0.400524 adv=3.172788 lam=0.0001 accD=0.8438
step=667200 rec=0.018925 dis=0.218500 adv=3.510413 lam=0.0001 accD=0.8750
step=668000 rec=0.015746 dis=0.238711 adv=3.634481 lam=0.0001 accD=0.9062
step=668800 rec=0.014791 dis=0.275427 adv=3.576379 lam=0.0001 accD=0.8125
step=669600 rec=0.015416 dis=0.206143 adv=2.920023 lam=0.0001 accD=0.9062
step=670400 rec=0.016538 dis=0.136547 adv=3.870765 lam=0.0001 accD=0.9688
step=671200 rec=0.013785 dis=0.220095 adv=3.508844 lam=0.0001 accD=0.9062
step=672000 rec=0.014386 dis=0.309504 adv=3.156565 lam=0.0001 accD=0.8750
step=672800 rec=0.016013 dis=0.316047 adv=3.117270 lam=0.0001 accD=0.9062
step=673600 rec=0.013307 dis=0.331992 adv=3.087943 lam=0.0001 accD=0.8438
step=674400 rec=0.014815 dis=0.280845 adv=3.232734 lam=0.0001 accD=0.9062
step=675200 rec=0.016169 dis=0.355778 adv=2.637557 lam=0.0001 accD=0.8750
step=676000 rec=0.016777 dis=0.190034 adv=3.855357 lam=0.0001 accD=0.9375
step=676800 rec=0.016563 dis=0.261671 adv=3.202016 lam=0.0001 accD=0.9062
step=677600 rec=0.016592 dis=0.202158 adv=3.856882 lam=0.0001 accD=0.8750
step=678400 rec=0.014099 dis=0.178957 adv=3.513079 lam=0.0001 accD=0.9688
step=679200 rec=0.014571 dis=0.156364 adv=3.544712 lam=0.0001 accD=0.9375
step=680000 rec=0.015389 dis=0.297461 adv=3.429718 lam=0.0001 accD=0.8125
step=680800 rec=0.016613 dis=0.121741 adv=3.916161 lam=0.0001 accD=0.9688
step=681600 rec=0.012010 dis=0.175227 adv=3.295680 lam=0.0001 accD=0.9375
step=682400 rec=0.015170 dis=0.230331 adv=2.837430 lam=0.0001 accD=0.9375
step=683200 rec=0.015321 dis=0.346389 adv=3.412252 lam=0.0001 accD=0.8438
step=684000 rec=0.014499 dis=0.337776 adv=3.195164 lam=0.0001 accD=0.8125
step=684800 rec=0.015874 dis=0.194353 adv=3.481670 lam=0.0001 accD=0.8750
step=685600 rec=0.013457 dis=0.394372 adv=2.714774 lam=0.0001 accD=0.8125
step=686400 rec=0.016598 dis=0.321524 adv=2.885490 lam=0.0001 accD=0.8438
step=687200 rec=0.016476 dis=0.273067 adv=3.249403 lam=0.0001 accD=0.9375
step=688000 rec=0.015044 dis=0.450861 adv=3.231608 lam=0.0001 accD=0.8125
step=688800 rec=0.015304 dis=0.313805 adv=3.378787 lam=0.0001 accD=0.8438
step=689600 rec=0.016015 dis=0.330619 adv=3.358236 lam=0.0001 accD=0.8125
step=690400 rec=0.015015 dis=0.536076 adv=3.101236 lam=0.0001 accD=0.7500
step=691200 rec=0.013404 dis=0.311254 adv=3.008817 lam=0.0001 accD=0.8438
step=692000 rec=0.016412 dis=0.176719 adv=3.553768 lam=0.0001 accD=0.9062
step=692800 rec=0.014533 dis=0.225794 adv=2.823102 lam=0.0001 accD=0.9688
step=693600 rec=0.015363 dis=0.478265 adv=3.615294 lam=0.0001 accD=0.8438
step=694400 rec=0.015770 dis=0.186446 adv=3.292136 lam=0.0001 accD=0.9062
step=695200 rec=0.013661 dis=0.401012 adv=3.385697 lam=0.0001 accD=0.8125
step=696000 rec=0.016015 dis=0.156292 adv=3.785716 lam=0.0001 accD=0.9375
step=696800 rec=0.016102 dis=0.288442 adv=3.668737 lam=0.0001 accD=0.8438
step=697600 rec=0.015431 dis=0.173404 adv=3.204375 lam=0.0001 accD=0.9062
step=698400 rec=0.016821 dis=0.344850 adv=3.369667 lam=0.0001 accD=0.8125
step=699200 rec=0.014579 dis=0.462095 adv=2.719313 lam=0.0001 accD=0.7812
[VAL] epoch=13 val_rec=0.015380 time_min=1.9
step=700000 rec=0.014277 dis=0.200911 adv=3.104821 lam=0.0001 accD=0.9375
step=700800 rec=0.020292 dis=0.381937 adv=3.206675 lam=0.0001 accD=0.8438
step=701600 rec=0.015847 dis=0.133646 adv=3.639580 lam=0.0001 accD=1.0000
step=702400 rec=0.013535 dis=0.229531 adv=3.561393 lam=0.0001 accD=0.9062
step=703200 rec=0.018711 dis=0.063058 adv=4.673563 lam=0.0001 accD=0.9688
step=704000 rec=0.012257 dis=0.171858 adv=3.607414 lam=0.0001 accD=0.8750
step=704800 rec=0.014823 dis=0.254115 adv=3.511304 lam=0.0001 accD=0.8438
step=705600 rec=0.016637 dis=0.298809 adv=3.604649 lam=0.0001 accD=0.8750
step=706400 rec=0.015254 dis=0.147364 adv=3.631104 lam=0.0001 accD=0.9375
step=707200 rec=0.014879 dis=0.268205 adv=3.442434 lam=0.0001 accD=0.9062
step=708000 rec=0.014980 dis=0.258707 adv=3.114618 lam=0.0001 accD=0.9062
step=708800 rec=0.015543 dis=0.456304 adv=3.286003 lam=0.0001 accD=0.7812
step=709600 rec=0.017229 dis=0.188569 adv=3.442733 lam=0.0001 accD=0.9688
step=710400 rec=0.014801 dis=0.248404 adv=2.853213 lam=0.0001 accD=0.9688
step=711200 rec=0.014965 dis=0.213803 adv=3.088832 lam=0.0001 accD=0.9375
step=712000 rec=0.015693 dis=0.233538 adv=3.524327 lam=0.0001 accD=0.8750
step=712800 rec=0.014415 dis=0.288581 adv=3.289931 lam=0.0001 accD=0.8125
step=713600 rec=0.014736 dis=0.262331 adv=3.206697 lam=0.0001 accD=0.8750
step=714400 rec=0.015391 dis=0.355236 adv=2.959166 lam=0.0001 accD=0.8438
step=715200 rec=0.014430 dis=0.278738 adv=3.659869 lam=0.0001 accD=0.8125
step=716000 rec=0.014870 dis=0.099358 adv=3.806458 lam=0.0001 accD=0.9688
step=716800 rec=0.016960 dis=0.364989 adv=3.093690 lam=0.0001 accD=0.8438
step=717600 rec=0.013620 dis=0.181726 adv=3.547275 lam=0.0001 accD=0.8750
step=718400 rec=0.016537 dis=0.213556 adv=3.718512 lam=0.0001 accD=0.9062
step=719200 rec=0.016441 dis=0.219280 adv=3.804237 lam=0.0001 accD=0.9062
step=720000 rec=0.014044 dis=0.231377 adv=3.188226 lam=0.0001 accD=0.9062
step=720800 rec=0.015621 dis=0.418778 adv=3.340189 lam=0.0001 accD=0.7812
step=721600 rec=0.016006 dis=0.085465 adv=4.051044 lam=0.0001 accD=1.0000
step=722400 rec=0.013119 dis=0.446268 adv=3.614531 lam=0.0001 accD=0.7812
step=723200 rec=0.013073 dis=0.281919 adv=3.327136 lam=0.0001 accD=0.9375
step=724000 rec=0.013478 dis=0.450033 adv=3.216792 lam=0.0001 accD=0.8125
step=724800 rec=0.015583 dis=0.235351 adv=3.813085 lam=0.0001 accD=0.9375
step=725600 rec=0.014604 dis=0.327760 adv=2.988870 lam=0.0001 accD=0.8125
step=726400 rec=0.014785 dis=0.163182 adv=3.918596 lam=0.0001 accD=0.9688
step=727200 rec=0.013646 dis=0.284222 adv=3.391721 lam=0.0001 accD=0.9062
step=728000 rec=0.014025 dis=0.218740 adv=3.560764 lam=0.0001 accD=0.9062
step=728800 rec=0.015266 dis=0.243960 adv=3.195206 lam=0.0001 accD=0.9062
step=729600 rec=0.016751 dis=0.395951 adv=3.495517 lam=0.0001 accD=0.8750
step=730400 rec=0.015651 dis=0.377306 adv=3.334874 lam=0.0001 accD=0.8125
step=731200 rec=0.015203 dis=0.289815 adv=3.167899 lam=0.0001 accD=0.8750
step=732000 rec=0.013904 dis=0.288078 adv=3.620636 lam=0.0001 accD=0.8750
step=732800 rec=0.015882 dis=0.096073 adv=3.876486 lam=0.0001 accD=0.9688
step=733600 rec=0.015775 dis=0.230002 adv=3.571877 lam=0.0001 accD=0.9062
step=734400 rec=0.014244 dis=0.321526 adv=3.283992 lam=0.0001 accD=0.8750
step=735200 rec=0.014742 dis=0.380128 adv=3.150181 lam=0.0001 accD=0.8438
step=736000 rec=0.015100 dis=0.309088 adv=3.522236 lam=0.0001 accD=0.7812
step=736800 rec=0.015108 dis=0.274422 adv=3.474614 lam=0.0001 accD=0.8125
step=737600 rec=0.014564 dis=0.610258 adv=2.940312 lam=0.0001 accD=0.7812
step=738400 rec=0.013761 dis=0.269758 adv=3.564003 lam=0.0001 accD=0.9062
step=739200 rec=0.016125 dis=0.386119 adv=3.571479 lam=0.0001 accD=0.8750
step=740000 rec=0.012606 dis=0.195671 adv=4.186752 lam=0.0001 accD=0.9062
step=740800 rec=0.014539 dis=0.177623 adv=4.108907 lam=0.0001 accD=0.9375
step=741600 rec=0.015120 dis=0.251916 adv=3.110303 lam=0.0001 accD=0.9375
step=742400 rec=0.014565 dis=0.108265 adv=4.298317 lam=0.0001 accD=0.9688
step=743200 rec=0.014581 dis=0.221907 adv=3.513357 lam=0.0001 accD=0.8750
step=744000 rec=0.016301 dis=0.300787 adv=2.957185 lam=0.0001 accD=0.8438
step=744800 rec=0.015410 dis=0.203479 adv=3.815844 lam=0.0001 accD=0.9062
step=745600 rec=0.014940 dis=0.151558 adv=3.255292 lam=0.0001 accD=0.9688
step=746400 rec=0.015365 dis=0.261295 adv=3.196470 lam=0.0001 accD=0.8125
step=747200 rec=0.016608 dis=0.235039 adv=3.138192 lam=0.0001 accD=0.8438
step=748000 rec=0.017011 dis=0.139348 adv=3.901725 lam=0.0001 accD=0.9688
step=748800 rec=0.015835 dis=0.442345 adv=3.245019 lam=0.0001 accD=0.8750
step=749600 rec=0.016443 dis=0.229548 adv=3.414352 lam=0.0001 accD=0.8750
[VAL] epoch=14 val_rec=0.013982 time_min=2.0
step=750400 rec=0.014415 dis=0.325419 adv=2.960244 lam=0.0001 accD=0.8438
step=751200 rec=0.017314 dis=0.299014 adv=3.251518 lam=0.0001 accD=0.8438
step=752000 rec=0.012586 dis=0.280204 adv=3.227565 lam=0.0001 accD=0.9062
step=752800 rec=0.012891 dis=0.235708 adv=3.184247 lam=0.0001 accD=0.8750
step=753600 rec=0.015349 dis=0.567242 adv=2.930887 lam=0.0001 accD=0.7500
step=754400 rec=0.015911 dis=0.204075 adv=3.606452 lam=0.0001 accD=0.9062
step=755200 rec=0.017078 dis=0.260541 adv=2.961030 lam=0.0001 accD=0.9062
step=756000 rec=0.013306 dis=0.181341 adv=3.917551 lam=0.0001 accD=0.8750
step=756800 rec=0.016605 dis=0.234899 adv=3.824488 lam=0.0001 accD=0.8438
step=757600 rec=0.013022 dis=0.441062 adv=2.960238 lam=0.0001 accD=0.7812
step=758400 rec=0.015962 dis=0.310707 adv=3.300914 lam=0.0001 accD=0.8438
step=759200 rec=0.012976 dis=0.231554 adv=3.277777 lam=0.0001 accD=0.8438
step=760000 rec=0.016066 dis=0.265451 adv=3.515792 lam=0.0001 accD=0.7812
step=760800 rec=0.012571 dis=0.201918 adv=3.493639 lam=0.0001 accD=0.9062
step=761600 rec=0.012158 dis=0.145401 adv=3.590886 lam=0.0001 accD=0.9062
step=762400 rec=0.014364 dis=0.449208 adv=4.047640 lam=0.0001 accD=0.7500
step=763200 rec=0.015726 dis=0.401310 adv=3.485347 lam=0.0001 accD=0.8438
step=764000 rec=0.012508 dis=0.311468 adv=2.992158 lam=0.0001 accD=0.8438
step=764800 rec=0.016705 dis=0.227238 adv=3.366962 lam=0.0001 accD=0.8750
step=765600 rec=0.016797 dis=0.275311 adv=3.220370 lam=0.0001 accD=0.8750
step=766400 rec=0.016218 dis=0.243897 adv=3.804586 lam=0.0001 accD=0.8438
step=767200 rec=0.015191 dis=0.198097 adv=4.472906 lam=0.0001 accD=0.9062
step=768000 rec=0.014649 dis=0.253053 adv=3.455330 lam=0.0001 accD=0.8125
step=768800 rec=0.019459 dis=0.214568 adv=3.372141 lam=0.0001 accD=0.9062
step=769600 rec=0.014662 dis=0.197700 adv=3.431805 lam=0.0001 accD=0.9062
step=770400 rec=0.013851 dis=0.379145 adv=3.088588 lam=0.0001 accD=0.8750
step=771200 rec=0.016357 dis=0.105204 adv=3.990000 lam=0.0001 accD=1.0000
step=772000 rec=0.016010 dis=0.194527 adv=3.753206 lam=0.0001 accD=0.8750
step=772800 rec=0.013239 dis=0.324583 adv=3.673676 lam=0.0001 accD=0.8750
step=773600 rec=0.014326 dis=0.389182 adv=2.979922 lam=0.0001 accD=0.7812
step=774400 rec=0.014518 dis=0.179964 adv=3.565854 lam=0.0001 accD=0.9375
step=775200 rec=0.016128 dis=0.145660 adv=3.977512 lam=0.0001 accD=0.9688
step=776000 rec=0.016845 dis=0.104040 adv=3.583791 lam=0.0001 accD=0.9375
step=776800 rec=0.013060 dis=0.233461 adv=3.704698 lam=0.0001 accD=0.9062
step=777600 rec=0.016042 dis=0.185354 adv=3.582507 lam=0.0001 accD=0.9375
step=778400 rec=0.012989 dis=0.422162 adv=2.564168 lam=0.0001 accD=0.8438
step=779200 rec=0.016035 dis=0.249912 adv=3.809631 lam=0.0001 accD=0.9375
step=780000 rec=0.015152 dis=0.447892 adv=2.931090 lam=0.0001 accD=0.7812
step=780800 rec=0.014942 dis=0.388080 adv=3.640688 lam=0.0001 accD=0.8750
step=781600 rec=0.012701 dis=0.106098 adv=4.030926 lam=0.0001 accD=0.9688
step=782400 rec=0.014263 dis=0.186729 adv=3.816451 lam=0.0001 accD=0.8750
step=783200 rec=0.014483 dis=0.241818 adv=3.292400 lam=0.0001 accD=0.8750
step=784000 rec=0.013785 dis=0.202710 adv=3.064780 lam=0.0001 accD=0.9688
step=784800 rec=0.017332 dis=0.440685 adv=3.093061 lam=0.0001 accD=0.8750
step=785600 rec=0.013995 dis=0.185490 adv=3.654598 lam=0.0001 accD=0.9688
step=786400 rec=0.013057 dis=0.322432 adv=3.378573 lam=0.0001 accD=0.8750
step=787200 rec=0.014218 dis=0.263308 adv=3.646529 lam=0.0001 accD=0.8750
step=788000 rec=0.012975 dis=0.312464 adv=2.871271 lam=0.0001 accD=0.8750
step=788800 rec=0.014575 dis=0.276427 adv=3.478611 lam=0.0001 accD=0.8438
step=789600 rec=0.012981 dis=0.298060 adv=3.101638 lam=0.0001 accD=0.9375
step=790400 rec=0.016092 dis=0.383785 adv=3.265301 lam=0.0001 accD=0.7812
step=791200 rec=0.015986 dis=0.260366 adv=3.884110 lam=0.0001 accD=0.8438
step=792000 rec=0.012814 dis=0.392259 adv=2.902394 lam=0.0001 accD=0.7812
step=792800 rec=0.014629 dis=0.295030 adv=3.247755 lam=0.0001 accD=0.9062
step=793600 rec=0.016189 dis=0.292879 adv=3.281900 lam=0.0001 accD=0.8125
step=794400 rec=0.013562 dis=0.217518 adv=2.864765 lam=0.0001 accD=0.9375
step=795200 rec=0.013528 dis=0.331353 adv=3.414352 lam=0.0001 accD=0.8750
step=796000 rec=0.016345 dis=0.212632 adv=3.522007 lam=0.0001 accD=0.8750
step=796800 rec=0.014986 dis=0.206403 adv=3.652225 lam=0.0001 accD=0.8750
step=797600 rec=0.014571 dis=0.315246 adv=3.637167 lam=0.0001 accD=0.8438
step=798400 rec=0.014126 dis=0.214666 adv=3.369919 lam=0.0001 accD=0.9375
step=799200 rec=0.015360 dis=0.296854 adv=3.706315 lam=0.0001 accD=0.8750
[VAL] epoch=15 val_rec=0.013779 time_min=1.9
step=800000 rec=0.017123 dis=0.344340 adv=3.001684 lam=0.0001 accD=0.8125
step=800800 rec=0.012509 dis=0.320185 adv=3.137796 lam=0.0001 accD=0.8750
step=801600 rec=0.014975 dis=0.446239 adv=3.366181 lam=0.0001 accD=0.7812
step=802400 rec=0.017292 dis=0.151145 adv=3.614902 lam=0.0001 accD=0.9375
step=803200 rec=0.014105 dis=0.385306 adv=3.286716 lam=0.0001 accD=0.8125
step=804000 rec=0.015323 dis=0.122146 adv=3.513945 lam=0.0001 accD=0.9688
step=804800 rec=0.013992 dis=0.171684 adv=3.697118 lam=0.0001 accD=0.9375
step=805600 rec=0.014104 dis=0.259574 adv=3.117709 lam=0.0001 accD=0.9062
step=806400 rec=0.013978 dis=0.245673 adv=3.587618 lam=0.0001 accD=0.9375
step=807200 rec=0.014700 dis=0.305418 adv=3.268455 lam=0.0001 accD=0.8438
step=808000 rec=0.013457 dis=0.185478 adv=3.387477 lam=0.0001 accD=0.8750
step=808800 rec=0.012943 dis=0.334228 adv=3.347304 lam=0.0001 accD=0.7812
step=809600 rec=0.015440 dis=0.301764 adv=3.523603 lam=0.0001 accD=0.8438
step=810400 rec=0.015840 dis=0.172100 adv=3.347301 lam=0.0001 accD=0.9062
step=811200 rec=0.014861 dis=0.200484 adv=4.055728 lam=0.0001 accD=0.8750
step=812000 rec=0.013317 dis=0.113208 adv=3.874568 lam=0.0001 accD=0.9375
step=812800 rec=0.013741 dis=0.451319 adv=2.726041 lam=0.0001 accD=0.8125
step=813600 rec=0.014508 dis=0.266596 adv=3.165681 lam=0.0001 accD=0.9062
step=814400 rec=0.013581 dis=0.229947 adv=3.266138 lam=0.0001 accD=0.9688
step=815200 rec=0.014646 dis=0.278489 adv=3.974502 lam=0.0001 accD=0.8750
step=816000 rec=0.012837 dis=0.299902 adv=3.439504 lam=0.0001 accD=0.8125
step=816800 rec=0.017524 dis=0.233067 adv=3.168887 lam=0.0001 accD=0.9062
step=817600 rec=0.014834 dis=0.387875 adv=3.684941 lam=0.0001 accD=0.8125
step=818400 rec=0.011969 dis=0.159944 adv=4.055728 lam=0.0001 accD=0.9375
step=819200 rec=0.014894 dis=0.238912 adv=3.370909 lam=0.0001 accD=0.9062
step=820000 rec=0.014725 dis=0.402761 adv=3.229962 lam=0.0001 accD=0.7500
step=820800 rec=0.014309 dis=0.250959 adv=3.528608 lam=0.0001 accD=0.8750
step=821600 rec=0.016432 dis=0.398508 adv=3.314320 lam=0.0001 accD=0.8125
step=822400 rec=0.015494 dis=0.264324 adv=3.165042 lam=0.0001 accD=0.8750
step=823200 rec=0.016263 dis=0.185075 adv=3.644392 lam=0.0001 accD=0.9375
step=824000 rec=0.014843 dis=0.208184 adv=3.279373 lam=0.0001 accD=0.9375
step=824800 rec=0.015152 dis=0.362832 adv=3.018258 lam=0.0001 accD=0.7812
step=825600 rec=0.016464 dis=0.279326 adv=3.594643 lam=0.0001 accD=0.9062
step=826400 rec=0.015268 dis=0.237837 adv=3.684692 lam=0.0001 accD=0.9375
step=827200 rec=0.015946 dis=0.379043 adv=2.817335 lam=0.0001 accD=0.7812
step=828000 rec=0.017431 dis=0.208371 adv=3.789101 lam=0.0001 accD=0.8750
step=828800 rec=0.014470 dis=0.241269 adv=3.641028 lam=0.0001 accD=0.9062
step=829600 rec=0.015508 dis=0.438987 adv=2.727247 lam=0.0001 accD=0.7812
step=830400 rec=0.013378 dis=0.248476 adv=4.142782 lam=0.0001 accD=0.8438
step=831200 rec=0.013619 dis=0.245298 adv=3.976587 lam=0.0001 accD=0.8750
step=832000 rec=0.013590 dis=0.166277 adv=3.432078 lam=0.0001 accD=0.9688
step=832800 rec=0.014741 dis=0.395435 adv=3.189620 lam=0.0001 accD=0.9062
step=833600 rec=0.015284 dis=0.396718 adv=3.015808 lam=0.0001 accD=0.8125
step=834400 rec=0.014857 dis=0.360779 adv=3.062840 lam=0.0001 accD=0.7812
step=835200 rec=0.014790 dis=0.229962 adv=3.505527 lam=0.0001 accD=0.8750
step=836000 rec=0.015635 dis=0.197739 adv=3.908349 lam=0.0001 accD=0.9062
step=836800 rec=0.014524 dis=0.207404 adv=3.708297 lam=0.0001 accD=0.9375
step=837600 rec=0.013783 dis=0.346982 adv=2.789032 lam=0.0001 accD=0.8125
step=838400 rec=0.016078 dis=0.230909 adv=3.474097 lam=0.0001 accD=0.9062
step=839200 rec=0.015272 dis=0.112410 adv=3.345154 lam=0.0001 accD=1.0000
step=840000 rec=0.014122 dis=0.341488 adv=3.267927 lam=0.0001 accD=0.8750
step=840800 rec=0.016445 dis=0.170530 adv=3.307102 lam=0.0001 accD=0.9688
step=841600 rec=0.012606 dis=0.153002 adv=3.887500 lam=0.0001 accD=0.9375
step=842400 rec=0.013631 dis=0.136323 adv=3.700165 lam=0.0001 accD=0.9688
step=843200 rec=0.013556 dis=0.293849 adv=2.974502 lam=0.0001 accD=0.9375
step=844000 rec=0.014060 dis=0.222544 adv=3.398972 lam=0.0001 accD=0.9375
step=844800 rec=0.016427 dis=0.314229 adv=3.306893 lam=0.0001 accD=0.8750
step=845600 rec=0.015773 dis=0.241348 adv=3.250581 lam=0.0001 accD=0.9375
step=846400 rec=0.014492 dis=0.318513 adv=3.600577 lam=0.0001 accD=0.8438
step=847200 rec=0.013712 dis=0.367498 adv=3.130080 lam=0.0001 accD=0.8438
step=848000 rec=0.014119 dis=0.268415 adv=3.482216 lam=0.0001 accD=0.8125
step=848800 rec=0.014093 dis=0.151957 adv=3.930902 lam=0.0001 accD=0.9375
step=849600 rec=0.017308 dis=0.182930 adv=3.186253 lam=0.0001 accD=0.9062
[VAL] epoch=16 val_rec=0.013542 time_min=2.0
step=850400 rec=0.012982 dis=0.217936 adv=3.538977 lam=0.0001 accD=0.8750
step=851200 rec=0.012532 dis=0.176705 adv=3.738368 lam=0.0001 accD=0.9062
step=852000 rec=0.011597 dis=0.238356 adv=3.445978 lam=0.0001 accD=0.9062
step=852800 rec=0.012468 dis=0.195181 adv=3.669600 lam=0.0001 accD=0.9062
step=853600 rec=0.012371 dis=0.251274 adv=3.043067 lam=0.0001 accD=0.8438
step=854400 rec=0.010927 dis=0.158535 adv=3.671135 lam=0.0001 accD=0.9688
step=855200 rec=0.013887 dis=0.172905 adv=3.644585 lam=0.0001 accD=0.9375
step=856000 rec=0.016073 dis=0.220916 adv=3.516860 lam=0.0001 accD=0.8750
step=856800 rec=0.013761 dis=0.209361 adv=3.950659 lam=0.0001 accD=0.9062
step=857600 rec=0.013660 dis=0.189791 adv=3.717259 lam=0.0001 accD=0.9062
step=858400 rec=0.014239 dis=0.162311 adv=3.877419 lam=0.0001 accD=0.9375
step=859200 rec=0.013622 dis=0.114589 adv=4.086346 lam=0.0001 accD=0.9688
step=860000 rec=0.014275 dis=0.228055 adv=3.482449 lam=0.0001 accD=0.9062
step=860800 rec=0.013236 dis=0.252896 adv=3.673931 lam=0.0001 accD=0.8750
step=861600 rec=0.014592 dis=0.254460 adv=3.492103 lam=0.0001 accD=0.8750
step=862400 rec=0.013607 dis=0.223348 adv=3.384103 lam=0.0001 accD=0.8750
step=863200 rec=0.014893 dis=0.314289 adv=3.777155 lam=0.0001 accD=0.8750
step=864000 rec=0.017668 dis=0.373975 adv=3.058227 lam=0.0001 accD=0.8125
step=864800 rec=0.014450 dis=0.145905 adv=4.137798 lam=0.0001 accD=0.9688
step=865600 rec=0.018338 dis=0.118368 adv=3.447346 lam=0.0001 accD=1.0000
step=866400 rec=0.021592 dis=0.181563 adv=3.906496 lam=0.0001 accD=0.9062
step=867200 rec=0.015064 dis=0.226580 adv=2.958840 lam=0.0001 accD=0.9375
step=868000 rec=0.013104 dis=0.218465 adv=3.397505 lam=0.0001 accD=0.8750
step=868800 rec=0.011697 dis=0.224230 adv=2.952060 lam=0.0001 accD=0.9062
step=869600 rec=0.015017 dis=0.267942 adv=3.629728 lam=0.0001 accD=0.8750
step=870400 rec=0.012679 dis=0.360259 adv=3.659732 lam=0.0001 accD=0.8438
step=871200 rec=0.015046 dis=0.192775 adv=3.687004 lam=0.0001 accD=0.8750
step=872000 rec=0.013689 dis=0.126022 adv=3.516374 lam=0.0001 accD=1.0000
step=872800 rec=0.013902 dis=0.246279 adv=3.284576 lam=0.0001 accD=0.9062
step=873600 rec=0.015920 dis=0.238868 adv=3.556850 lam=0.0001 accD=0.9062
step=874400 rec=0.013604 dis=0.211517 adv=3.645895 lam=0.0001 accD=0.9062
step=875200 rec=0.014998 dis=0.260095 adv=3.288267 lam=0.0001 accD=0.8438
step=876000 rec=0.015128 dis=0.140098 adv=3.462471 lam=0.0001 accD=0.9688
step=876800 rec=0.014072 dis=0.131322 adv=3.855725 lam=0.0001 accD=0.9688
step=877600 rec=0.014619 dis=0.250381 adv=3.283763 lam=0.0001 accD=0.9375
step=878400 rec=0.014669 dis=0.215889 adv=3.227984 lam=0.0001 accD=0.9062
step=879200 rec=0.013945 dis=0.395999 adv=3.450436 lam=0.0001 accD=0.8125
step=880000 rec=0.016013 dis=0.247739 adv=3.478820 lam=0.0001 accD=0.9062
step=880800 rec=0.016284 dis=0.233357 adv=3.801122 lam=0.0001 accD=0.8750
step=881600 rec=0.011109 dis=0.377855 adv=3.169795 lam=0.0001 accD=0.8125
step=882400 rec=0.014548 dis=0.208667 adv=3.661057 lam=0.0001 accD=0.8750
step=883200 rec=0.014314 dis=0.240639 adv=3.392904 lam=0.0001 accD=0.9062
step=884000 rec=0.014996 dis=0.260019 adv=4.023149 lam=0.0001 accD=0.8438
step=884800 rec=0.013119 dis=0.119690 adv=3.988991 lam=0.0001 accD=0.9375
step=885600 rec=0.014717 dis=0.211413 adv=3.452918 lam=0.0001 accD=0.9688
step=886400 rec=0.013931 dis=0.158102 adv=3.471000 lam=0.0001 accD=0.9688
step=887200 rec=0.018233 dis=0.116783 adv=3.762251 lam=0.0001 accD=0.9688
step=888000 rec=0.014497 dis=0.174895 adv=3.437325 lam=0.0001 accD=0.9062
step=888800 rec=0.013045 dis=0.122295 adv=3.655720 lam=0.0001 accD=0.9375
step=889600 rec=0.015454 dis=0.225317 adv=4.402895 lam=0.0001 accD=0.8750
step=890400 rec=0.013356 dis=0.262095 adv=3.536332 lam=0.0001 accD=0.9375
step=891200 rec=0.014143 dis=0.249509 adv=3.380835 lam=0.0001 accD=0.9062
step=892000 rec=0.014798 dis=0.162815 adv=3.590833 lam=0.0001 accD=0.9062
step=892800 rec=0.014897 dis=0.295464 adv=3.312736 lam=0.0001 accD=0.8438
step=893600 rec=0.013253 dis=0.223340 adv=3.412094 lam=0.0001 accD=0.9062
step=894400 rec=0.012842 dis=0.299301 adv=3.653908 lam=0.0001 accD=0.8750
step=895200 rec=0.014108 dis=0.212655 adv=3.773131 lam=0.0001 accD=0.8438
step=896000 rec=0.012415 dis=0.323056 adv=2.978518 lam=0.0001 accD=0.8438
step=896800 rec=0.013660 dis=0.275293 adv=3.393290 lam=0.0001 accD=0.9375
step=897600 rec=0.013151 dis=0.181299 adv=3.896681 lam=0.0001 accD=0.9375
step=898400 rec=0.014007 dis=0.227935 adv=3.697612 lam=0.0001 accD=0.9062
step=899200 rec=0.016401 dis=0.251600 adv=3.620951 lam=0.0001 accD=0.8750
[VAL] epoch=17 val_rec=0.013531 time_min=1.9
step=900000 rec=0.012565 dis=0.262286 adv=3.415518 lam=0.0001 accD=0.8750
step=900800 rec=0.012656 dis=0.249757 adv=3.501312 lam=0.0001 accD=0.8750
step=901600 rec=0.015163 dis=0.161952 adv=4.136315 lam=0.0001 accD=0.9375
step=902400 rec=0.014195 dis=0.239942 adv=3.752369 lam=0.0001 accD=0.9375
step=903200 rec=0.013575 dis=0.276430 adv=3.388778 lam=0.0001 accD=0.8750
step=904000 rec=0.016573 dis=0.421354 adv=3.215518 lam=0.0001 accD=0.7812
step=904800 rec=0.012643 dis=0.241681 adv=3.419191 lam=0.0001 accD=0.8750
step=905600 rec=0.014225 dis=0.103309 adv=4.249065 lam=0.0001 accD=0.9375
step=906400 rec=0.012977 dis=0.263061 adv=3.122068 lam=0.0001 accD=0.8750
step=907200 rec=0.013276 dis=0.339676 adv=2.814105 lam=0.0001 accD=0.8750
step=908000 rec=0.014204 dis=0.215975 adv=3.541614 lam=0.0001 accD=0.8438
step=908800 rec=0.014611 dis=0.141987 adv=3.793482 lam=0.0001 accD=0.9688
step=909600 rec=0.012155 dis=0.146702 adv=3.482170 lam=0.0001 accD=0.9688
step=910400 rec=0.014413 dis=0.210095 adv=3.544530 lam=0.0001 accD=0.9062
step=911200 rec=0.012208 dis=0.155345 adv=3.667182 lam=0.0001 accD=1.0000
step=912000 rec=0.016060 dis=0.341399 adv=3.901924 lam=0.0001 accD=0.8750
step=912800 rec=0.013395 dis=0.512583 adv=3.554035 lam=0.0001 accD=0.8438
step=913600 rec=0.014942 dis=0.218509 adv=4.065045 lam=0.0001 accD=0.9062
step=914400 rec=0.013562 dis=0.197131 adv=3.472098 lam=0.0001 accD=0.9688
step=915200 rec=0.013326 dis=0.213717 adv=3.870528 lam=0.0001 accD=0.9062
step=916000 rec=0.014489 dis=0.234076 adv=2.810851 lam=0.0001 accD=0.8750
step=916800 rec=0.013543 dis=0.127022 adv=3.971546 lam=0.0001 accD=0.9375
step=917600 rec=0.015504 dis=0.229531 adv=3.738765 lam=0.0001 accD=0.8750
step=918400 rec=0.013123 dis=0.351881 adv=2.826270 lam=0.0001 accD=0.7812
step=919200 rec=0.014163 dis=0.121394 adv=4.139268 lam=0.0001 accD=0.9688
step=920000 rec=0.012830 dis=0.410489 adv=3.355678 lam=0.0001 accD=0.9062
step=920800 rec=0.012632 dis=0.265774 adv=3.339550 lam=0.0001 accD=0.9375
step=921600 rec=0.011556 dis=0.370055 adv=3.035981 lam=0.0001 accD=0.7812
step=922400 rec=0.012618 dis=0.091980 adv=3.577357 lam=0.0001 accD=0.9688
step=923200 rec=0.013573 dis=0.245664 adv=3.594735 lam=0.0001 accD=0.9062
step=924000 rec=0.015209 dis=0.151269 adv=3.786203 lam=0.0001 accD=0.9375
step=924800 rec=0.013839 dis=0.188154 adv=3.758572 lam=0.0001 accD=0.9375
step=925600 rec=0.013716 dis=0.259727 adv=3.791451 lam=0.0001 accD=0.8438
step=926400 rec=0.015489 dis=0.200932 adv=3.707741 lam=0.0001 accD=0.9062
step=927200 rec=0.016276 dis=0.393382 adv=3.248310 lam=0.0001 accD=0.9062
step=928000 rec=0.012231 dis=0.204031 adv=3.472159 lam=0.0001 accD=0.9375
step=928800 rec=0.013528 dis=0.389758 adv=2.553307 lam=0.0001 accD=0.7500
step=929600 rec=0.013761 dis=0.145229 adv=3.859731 lam=0.0001 accD=0.9375
step=930400 rec=0.016142 dis=0.370431 adv=3.438878 lam=0.0001 accD=0.8125
step=931200 rec=0.014245 dis=0.241070 adv=4.073593 lam=0.0001 accD=0.9062
step=932000 rec=0.014778 dis=0.195819 adv=3.836650 lam=0.0001 accD=0.9062
step=932800 rec=0.013841 dis=0.491222 adv=3.395798 lam=0.0001 accD=0.7812
step=933600 rec=0.013101 dis=0.151152 adv=3.631262 lam=0.0001 accD=0.9688
step=934400 rec=0.013326 dis=0.103014 adv=4.139167 lam=0.0001 accD=0.9688
step=935200 rec=0.012839 dis=0.208435 adv=3.058162 lam=0.0001 accD=0.8750
step=936000 rec=0.014184 dis=0.352489 adv=3.280339 lam=0.0001 accD=0.8125
step=936800 rec=0.014694 dis=0.326860 adv=3.316340 lam=0.0001 accD=0.8438
step=937600 rec=0.013657 dis=0.403268 adv=2.919951 lam=0.0001 accD=0.8125
step=938400 rec=0.014885 dis=0.279199 adv=3.333540 lam=0.0001 accD=0.8438
step=939200 rec=0.013861 dis=0.235781 adv=3.551464 lam=0.0001 accD=0.8125
step=940000 rec=0.012422 dis=0.225733 adv=3.544178 lam=0.0001 accD=0.8438
step=940800 rec=0.016058 dis=0.587946 adv=3.246999 lam=0.0001 accD=0.7500
step=941600 rec=0.012020 dis=0.216239 adv=3.569690 lam=0.0001 accD=0.9062
step=942400 rec=0.013473 dis=0.122193 adv=4.184867 lam=0.0001 accD=0.9688
step=943200 rec=0.017335 dis=0.368148 adv=3.380260 lam=0.0001 accD=0.8750
step=944000 rec=0.012894 dis=0.272791 adv=3.807425 lam=0.0001 accD=0.9062
step=944800 rec=0.013136 dis=0.230170 adv=3.206633 lam=0.0001 accD=0.8750
step=945600 rec=0.013197 dis=0.145177 adv=3.449603 lam=0.0001 accD=0.9375
step=946400 rec=0.013103 dis=0.374240 adv=3.303352 lam=0.0001 accD=0.8438
step=947200 rec=0.012399 dis=0.150831 adv=3.750834 lam=0.0001 accD=0.9688
step=948000 rec=0.017013 dis=0.236642 adv=3.634384 lam=0.0001 accD=0.9062
step=948800 rec=0.013529 dis=0.340071 adv=3.384295 lam=0.0001 accD=0.8125
step=949600 rec=0.011927 dis=0.113428 adv=3.914191 lam=0.0001 accD=0.9688
[VAL] epoch=18 val_rec=0.013134 time_min=1.9
step=950400 rec=0.014582 dis=0.312989 adv=3.646900 lam=0.0001 accD=0.8438
step=951200 rec=0.015130 dis=0.144120 adv=4.069309 lam=0.0001 accD=0.9375
step=952000 rec=0.012848 dis=0.289596 adv=3.443473 lam=0.0001 accD=0.9062
step=952800 rec=0.011462 dis=0.387777 adv=3.435209 lam=0.0001 accD=0.8125
step=953600 rec=0.015423 dis=0.237055 adv=3.177795 lam=0.0001 accD=0.9062
step=954400 rec=0.015066 dis=0.191042 adv=3.841261 lam=0.0001 accD=0.9062
step=955200 rec=0.014105 dis=0.120408 adv=4.538249 lam=0.0001 accD=0.9688
step=956000 rec=0.015719 dis=0.240304 adv=3.225103 lam=0.0001 accD=0.9062
step=956800 rec=0.013593 dis=0.222838 adv=3.826160 lam=0.0001 accD=0.9062
step=957600 rec=0.011998 dis=0.236176 adv=3.541388 lam=0.0001 accD=0.9375
step=958400 rec=0.013758 dis=0.424117 adv=3.032388 lam=0.0001 accD=0.8438
step=959200 rec=0.018213 dis=0.242044 adv=3.282575 lam=0.0001 accD=0.9062
step=960000 rec=0.012282 dis=0.386181 adv=3.431311 lam=0.0001 accD=0.9375
step=960800 rec=0.013734 dis=0.278912 adv=3.424913 lam=0.0001 accD=0.8750
step=961600 rec=0.012796 dis=0.311414 adv=3.441873 lam=0.0001 accD=0.7812
step=962400 rec=0.011287 dis=0.126822 adv=3.641961 lam=0.0001 accD=0.9688
step=963200 rec=0.015073 dis=0.224091 adv=3.638113 lam=0.0001 accD=0.8438
step=964000 rec=0.013246 dis=0.096858 adv=4.034954 lam=0.0001 accD=0.9688
step=964800 rec=0.012836 dis=0.160340 adv=3.914833 lam=0.0001 accD=0.9062
step=965600 rec=0.013084 dis=0.234329 adv=3.045139 lam=0.0001 accD=0.8750
step=966400 rec=0.014444 dis=0.136891 adv=3.690575 lam=0.0001 accD=0.9688
step=967200 rec=0.013031 dis=0.394431 adv=3.917329 lam=0.0001 accD=0.8438
step=968000 rec=0.015504 dis=0.209712 adv=3.454746 lam=0.0001 accD=0.9375
step=968800 rec=0.013263 dis=0.247776 adv=3.405852 lam=0.0001 accD=0.8750
step=969600 rec=0.013698 dis=0.245656 adv=3.951843 lam=0.0001 accD=0.9062
step=970400 rec=0.016275 dis=0.248073 adv=3.510384 lam=0.0001 accD=0.9062
step=971200 rec=0.012979 dis=0.358220 adv=3.905807 lam=0.0001 accD=0.8438
step=972000 rec=0.012898 dis=0.184224 adv=3.376862 lam=0.0001 accD=0.9375
step=972800 rec=0.013691 dis=0.208797 adv=3.408777 lam=0.0001 accD=0.9375
step=973600 rec=0.014038 dis=0.425070 adv=3.114109 lam=0.0001 accD=0.8125
step=974400 rec=0.013770 dis=0.231439 adv=3.284398 lam=0.0001 accD=0.8438
step=975200 rec=0.012971 dis=0.233730 adv=3.528722 lam=0.0001 accD=0.8750
step=976000 rec=0.012982 dis=0.221181 adv=3.898514 lam=0.0001 accD=0.8750
step=976800 rec=0.013582 dis=0.228790 adv=3.839786 lam=0.0001 accD=0.8750
step=977600 rec=0.015276 dis=0.266768 adv=3.726370 lam=0.0001 accD=0.9375
step=978400 rec=0.014339 dis=0.378212 adv=3.273895 lam=0.0001 accD=0.8125
step=979200 rec=0.013049 dis=0.269790 adv=3.705282 lam=0.0001 accD=0.9062
step=980000 rec=0.015616 dis=0.318550 adv=3.594642 lam=0.0001 accD=0.9062
step=980800 rec=0.012199 dis=0.094132 adv=4.453962 lam=0.0001 accD=0.9688
step=981600 rec=0.014813 dis=0.332507 adv=3.831626 lam=0.0001 accD=0.8750
step=982400 rec=0.012495 dis=0.255202 adv=3.399003 lam=0.0001 accD=0.9375
step=983200 rec=0.013549 dis=0.175355 adv=3.494989 lam=0.0001 accD=0.9375
step=984000 rec=0.015232 dis=0.233024 adv=3.864247 lam=0.0001 accD=0.9062
step=984800 rec=0.011662 dis=0.487277 adv=3.001248 lam=0.0001 accD=0.8438
step=985600 rec=0.014406 dis=0.176614 adv=4.019740 lam=0.0001 accD=0.9375
step=986400 rec=0.013679 dis=0.419826 adv=3.182659 lam=0.0001 accD=0.7500
step=987200 rec=0.012877 dis=0.252733 adv=3.330012 lam=0.0001 accD=0.9062
step=988000 rec=0.014243 dis=0.259408 adv=3.794195 lam=0.0001 accD=0.9062
step=988800 rec=0.015567 dis=0.409458 adv=3.651451 lam=0.0001 accD=0.8125
step=989600 rec=0.013108 dis=0.179680 adv=3.401365 lam=0.0001 accD=0.9375
step=990400 rec=0.012860 dis=0.140526 adv=3.950903 lam=0.0001 accD=0.9375
step=991200 rec=0.013788 dis=0.275088 adv=4.024134 lam=0.0001 accD=0.8750
step=992000 rec=0.012260 dis=0.111254 adv=3.994411 lam=0.0001 accD=1.0000
step=992800 rec=0.013270 dis=0.281672 adv=3.061013 lam=0.0001 accD=0.8750
step=993600 rec=0.015785 dis=0.312906 adv=3.679344 lam=0.0001 accD=0.8750
step=994400 rec=0.014476 dis=0.290220 adv=3.069283 lam=0.0001 accD=0.8125
step=995200 rec=0.017706 dis=0.270923 adv=3.407083 lam=0.0001 accD=0.9375
step=996000 rec=0.011674 dis=0.160504 adv=3.444130 lam=0.0001 accD=0.9688
step=996800 rec=0.012162 dis=0.252048 adv=3.427782 lam=0.0001 accD=0.9062
step=997600 rec=0.013791 dis=0.240433 adv=3.540976 lam=0.0001 accD=0.8438
step=998400 rec=0.011514 dis=0.114011 adv=4.015540 lam=0.0001 accD=0.9688
step=999200 rec=0.014199 dis=0.221743 adv=3.362297 lam=0.0001 accD=0.9062
[VAL] epoch=19 val_rec=0.013252 time_min=1.8
step=1000000 rec=0.013610 dis=0.288238 adv=3.468038 lam=0.0001 accD=0.8438
step=1000800 rec=0.014855 dis=0.186087 adv=3.654348 lam=0.0001 accD=0.9062
step=1001600 rec=0.011478 dis=0.288748 adv=3.574300 lam=0.0001 accD=0.8438
step=1002400 rec=0.018858 dis=0.292645 adv=3.115077 lam=0.0001 accD=0.8438
step=1003200 rec=0.013288 dis=0.230773 adv=3.169674 lam=0.0001 accD=0.9062
step=1004000 rec=0.014124 dis=0.241745 adv=3.919574 lam=0.0001 accD=0.8438
step=1004800 rec=0.012729 dis=0.411413 adv=3.656975 lam=0.0001 accD=0.9062
step=1005600 rec=0.013050 dis=0.222772 adv=3.722230 lam=0.0001 accD=0.9062
step=1006400 rec=0.013119 dis=0.319569 adv=3.122914 lam=0.0001 accD=0.8438
step=1007200 rec=0.012996 dis=0.190212 adv=3.317916 lam=0.0001 accD=0.9375
step=1008000 rec=0.015302 dis=0.309306 adv=3.380106 lam=0.0001 accD=0.8750
step=1008800 rec=0.019038 dis=0.227251 adv=3.622315 lam=0.0001 accD=0.9375
step=1009600 rec=0.011430 dis=0.214048 adv=3.439843 lam=0.0001 accD=0.9062
step=1010400 rec=0.012554 dis=0.263995 adv=3.304834 lam=0.0001 accD=0.9375
step=1011200 rec=0.013188 dis=0.143254 adv=3.696699 lam=0.0001 accD=0.9375
step=1012000 rec=0.013147 dis=0.283764 adv=3.700557 lam=0.0001 accD=0.8750
step=1012800 rec=0.011880 dis=0.211065 adv=3.671340 lam=0.0001 accD=0.9062
step=1013600 rec=0.013529 dis=0.361357 adv=3.586904 lam=0.0001 accD=0.8125
step=1014400 rec=0.012951 dis=0.289353 adv=3.484181 lam=0.0001 accD=0.8750
step=1015200 rec=0.011932 dis=0.189348 adv=3.757385 lam=0.0001 accD=0.9688
step=1016000 rec=0.011435 dis=0.144263 adv=4.315375 lam=0.0001 accD=0.9375
step=1016800 rec=0.013681 dis=0.161805 adv=3.660624 lam=0.0001 accD=0.9375
step=1017600 rec=0.014182 dis=0.102629 adv=3.850399 lam=0.0001 accD=1.0000
step=1018400 rec=0.015958 dis=0.130940 adv=3.778616 lam=0.0001 accD=0.9688
step=1019200 rec=0.013793 dis=0.535795 adv=2.815805 lam=0.0001 accD=0.8438
step=1020000 rec=0.013084 dis=0.249926 adv=3.290905 lam=0.0001 accD=0.8750
step=1020800 rec=0.016378 dis=0.097055 adv=4.101622 lam=0.0001 accD=1.0000
step=1021600 rec=0.012256 dis=0.183907 adv=3.983896 lam=0.0001 accD=0.9375
step=1022400 rec=0.014827 dis=0.198204 adv=3.945926 lam=0.0001 accD=0.9375
step=1023200 rec=0.012215 dis=0.238613 adv=3.291837 lam=0.0001 accD=0.9375
step=1024000 rec=0.015343 dis=0.329367 adv=3.903289 lam=0.0001 accD=0.8750
step=1024800 rec=0.013908 dis=0.242811 adv=4.052350 lam=0.0001 accD=0.8750
step=1025600 rec=0.012697 dis=0.384059 adv=3.936898 lam=0.0001 accD=0.8438
step=1026400 rec=0.012334 dis=0.344659 adv=4.043506 lam=0.0001 accD=0.7812
step=1027200 rec=0.011096 dis=0.267809 adv=3.973770 lam=0.0001 accD=0.9062
step=1028000 rec=0.013561 dis=0.272600 adv=3.865121 lam=0.0001 accD=0.7812
step=1028800 rec=0.012021 dis=0.253001 adv=3.662554 lam=0.0001 accD=0.8438
step=1029600 rec=0.016056 dis=0.379410 adv=2.997395 lam=0.0001 accD=0.8438
step=1030400 rec=0.013181 dis=0.349249 adv=3.462210 lam=0.0001 accD=0.8125
step=1031200 rec=0.014205 dis=0.219503 adv=3.292327 lam=0.0001 accD=0.9062
step=1032000 rec=0.012399 dis=0.224320 adv=3.894633 lam=0.0001 accD=0.8438
step=1032800 rec=0.016160 dis=0.203225 adv=3.626421 lam=0.0001 accD=0.9062
step=1033600 rec=0.011955 dis=0.259480 adv=3.709986 lam=0.0001 accD=0.9062
step=1034400 rec=0.011501 dis=0.294316 adv=3.758457 lam=0.0001 accD=0.9062
step=1035200 rec=0.013026 dis=0.298274 adv=3.297647 lam=0.0001 accD=0.8750
step=1036000 rec=0.013281 dis=0.274186 adv=4.163317 lam=0.0001 accD=0.8438
step=1036800 rec=0.012264 dis=0.373816 adv=3.355374 lam=0.0001 accD=0.7812
step=1037600 rec=0.015440 dis=0.344486 adv=3.451771 lam=0.0001 accD=0.8438
step=1038400 rec=0.012455 dis=0.239094 adv=3.320015 lam=0.0001 accD=0.9375
step=1039200 rec=0.012971 dis=0.211110 adv=3.609313 lam=0.0001 accD=0.8750
step=1040000 rec=0.012300 dis=0.203468 adv=3.442542 lam=0.0001 accD=0.9375
step=1040800 rec=0.012351 dis=0.077557 adv=3.715821 lam=0.0001 accD=1.0000
step=1041600 rec=0.010787 dis=0.135894 adv=4.127800 lam=0.0001 accD=0.9375
step=1042400 rec=0.014543 dis=0.302370 adv=4.077151 lam=0.0001 accD=0.8438
step=1043200 rec=0.012637 dis=0.333791 adv=3.506163 lam=0.0001 accD=0.9062
step=1044000 rec=0.014946 dis=0.417380 adv=3.336820 lam=0.0001 accD=0.7812
step=1044800 rec=0.015659 dis=0.503036 adv=2.979975 lam=0.0001 accD=0.7812
step=1045600 rec=0.014780 dis=0.350591 adv=3.301852 lam=0.0001 accD=0.8125
step=1046400 rec=0.014611 dis=0.276623 adv=3.226596 lam=0.0001 accD=0.8750
step=1047200 rec=0.012541 dis=0.342382 adv=3.164519 lam=0.0001 accD=0.8125
step=1048000 rec=0.011767 dis=0.190132 adv=3.424906 lam=0.0001 accD=0.9375
step=1048800 rec=0.012379 dis=0.181410 adv=3.408812 lam=0.0001 accD=0.9375
step=1049600 rec=0.012878 dis=0.245457 adv=3.538141 lam=0.0001 accD=0.9062
[VAL] epoch=20 val_rec=0.012731 time_min=1.8
step=1050400 rec=0.014469 dis=0.153490 adv=3.803374 lam=0.0001 accD=0.9375
step=1051200 rec=0.014583 dis=0.177264 adv=3.513340 lam=0.0001 accD=0.9062
step=1052000 rec=0.012177 dis=0.495830 adv=3.219337 lam=0.0001 accD=0.8125
step=1052800 rec=0.014216 dis=0.223350 adv=3.586925 lam=0.0001 accD=0.8750
step=1053600 rec=0.013672 dis=0.391751 adv=3.024989 lam=0.0001 accD=0.8125
step=1054400 rec=0.013360 dis=0.244930 adv=3.113067 lam=0.0001 accD=0.9062
step=1055200 rec=0.011887 dis=0.200663 adv=3.389378 lam=0.0001 accD=0.9375
step=1056000 rec=0.014464 dis=0.182003 adv=3.798950 lam=0.0001 accD=0.9062
step=1056800 rec=0.011780 dis=0.202220 adv=3.953328 lam=0.0001 accD=0.8750
step=1057600 rec=0.013971 dis=0.170495 adv=3.550159 lam=0.0001 accD=0.9375
step=1058400 rec=0.011355 dis=0.167670 adv=3.464680 lam=0.0001 accD=0.9375
step=1059200 rec=0.013119 dis=0.206308 adv=3.288393 lam=0.0001 accD=0.9062
step=1060000 rec=0.013758 dis=0.349805 adv=3.208082 lam=0.0001 accD=0.8125
step=1060800 rec=0.016092 dis=0.331861 adv=2.885928 lam=0.0001 accD=0.8750
step=1061600 rec=0.015233 dis=0.177463 adv=3.841214 lam=0.0001 accD=0.9062
step=1062400 rec=0.014154 dis=0.294670 adv=3.368325 lam=0.0001 accD=0.8438
step=1063200 rec=0.012226 dis=0.194043 adv=3.704189 lam=0.0001 accD=0.9062
step=1064000 rec=0.011514 dis=0.181451 adv=3.406167 lam=0.0001 accD=0.9375
step=1064800 rec=0.011283 dis=0.213418 adv=4.098115 lam=0.0001 accD=0.9062
step=1065600 rec=0.011615 dis=0.463627 adv=3.463171 lam=0.0001 accD=0.8125
step=1066400 rec=0.014072 dis=0.201560 adv=3.866211 lam=0.0001 accD=0.9375
step=1067200 rec=0.012760 dis=0.384941 adv=3.169931 lam=0.0001 accD=0.8438
step=1068000 rec=0.012279 dis=0.168638 adv=4.276064 lam=0.0001 accD=0.9375
step=1068800 rec=0.013447 dis=0.183378 adv=3.612943 lam=0.0001 accD=0.9375
step=1069600 rec=0.014255 dis=0.428741 adv=2.987275 lam=0.0001 accD=0.8438
step=1070400 rec=0.013027 dis=0.225640 adv=3.625225 lam=0.0001 accD=0.9062
step=1071200 rec=0.013776 dis=0.129255 adv=3.682079 lam=0.0001 accD=0.9688
step=1072000 rec=0.013987 dis=0.359007 adv=3.207644 lam=0.0001 accD=0.8438
step=1072800 rec=0.012105 dis=0.247735 adv=3.082874 lam=0.0001 accD=0.9062
step=1073600 rec=0.013151 dis=0.311670 adv=3.659228 lam=0.0001 accD=0.8438
step=1074400 rec=0.014181 dis=0.289157 adv=3.551021 lam=0.0001 accD=0.7812
step=1075200 rec=0.016153 dis=0.132230 adv=3.762062 lam=0.0001 accD=0.9688
step=1076000 rec=0.013179 dis=0.225537 adv=3.354700 lam=0.0001 accD=0.9375
step=1076800 rec=0.014355 dis=0.294193 adv=3.864598 lam=0.0001 accD=0.9375
step=1077600 rec=0.013707 dis=0.378788 adv=2.897543 lam=0.0001 accD=0.8125
step=1078400 rec=0.012590 dis=0.290065 adv=3.703119 lam=0.0001 accD=0.9062
step=1079200 rec=0.013564 dis=0.187105 adv=3.673705 lam=0.0001 accD=0.9375
step=1080000 rec=0.013504 dis=0.176657 adv=3.702262 lam=0.0001 accD=0.9375
step=1080800 rec=0.011702 dis=0.152987 adv=3.903130 lam=0.0001 accD=0.9688
step=1081600 rec=0.012711 dis=0.289506 adv=3.539070 lam=0.0001 accD=0.8750
step=1082400 rec=0.011334 dis=0.403370 adv=3.228065 lam=0.0001 accD=0.7500
step=1083200 rec=0.012122 dis=0.170585 adv=4.421697 lam=0.0001 accD=0.9375
step=1084000 rec=0.014407 dis=0.245883 adv=3.572968 lam=0.0001 accD=0.8438
step=1084800 rec=0.013750 dis=0.169950 adv=3.843061 lam=0.0001 accD=0.9062
step=1085600 rec=0.012884 dis=0.335361 adv=3.191724 lam=0.0001 accD=0.8125
step=1086400 rec=0.012333 dis=0.402273 adv=3.168147 lam=0.0001 accD=0.8125
step=1087200 rec=0.012596 dis=0.293136 adv=3.373729 lam=0.0001 accD=0.8750
step=1088000 rec=0.012605 dis=0.192396 adv=3.931257 lam=0.0001 accD=0.9062
step=1088800 rec=0.012444 dis=0.155168 adv=4.139282 lam=0.0001 accD=0.9375
step=1089600 rec=0.012338 dis=0.216214 adv=3.424573 lam=0.0001 accD=0.9375
step=1090400 rec=0.011567 dis=0.185005 adv=3.364530 lam=0.0001 accD=0.8750
step=1091200 rec=0.013300 dis=0.207009 adv=4.249800 lam=0.0001 accD=0.9062
step=1092000 rec=0.012261 dis=0.092418 adv=4.288643 lam=0.0001 accD=1.0000
step=1092800 rec=0.011943 dis=0.211881 adv=4.790669 lam=0.0001 accD=0.9375
step=1093600 rec=0.012485 dis=0.124260 adv=4.233404 lam=0.0001 accD=0.9375
step=1094400 rec=0.014808 dis=0.412118 adv=3.724885 lam=0.0001 accD=0.8125
step=1095200 rec=0.011930 dis=0.377131 adv=4.027784 lam=0.0001 accD=0.9062
step=1096000 rec=0.012592 dis=0.315338 adv=3.057786 lam=0.0001 accD=0.8438
step=1096800 rec=0.013171 dis=0.187406 adv=3.273568 lam=0.0001 accD=0.9375
step=1097600 rec=0.016934 dis=0.218088 adv=4.117069 lam=0.0001 accD=0.8438
step=1098400 rec=0.012915 dis=0.166174 adv=3.994613 lam=0.0001 accD=0.9062
step=1099200 rec=0.011540 dis=0.333074 adv=2.979637 lam=0.0001 accD=0.8125
[VAL] epoch=21 val_rec=0.012367 time_min=2.9
step=1100000 rec=0.011427 dis=0.187920 adv=3.596044 lam=0.0001 accD=0.9062
step=1100800 rec=0.011722 dis=0.197296 adv=3.860489 lam=0.0001 accD=0.9062
step=1101600 rec=0.013502 dis=0.227806 adv=3.616421 lam=0.0001 accD=0.9375
step=1102400 rec=0.011692 dis=0.296172 adv=3.051760 lam=0.0001 accD=0.8750
step=1103200 rec=0.013965 dis=0.209538 adv=3.248993 lam=0.0001 accD=0.9375
step=1104000 rec=0.011252 dis=0.192410 adv=3.932292 lam=0.0001 accD=0.9062
step=1104800 rec=0.013194 dis=0.229902 adv=3.703731 lam=0.0001 accD=0.9062
step=1105600 rec=0.017842 dis=0.292729 adv=3.739957 lam=0.0001 accD=0.8125
step=1106400 rec=0.012822 dis=0.478759 adv=2.919150 lam=0.0001 accD=0.7812
step=1107200 rec=0.013539 dis=0.335642 adv=3.117769 lam=0.0001 accD=0.8438
step=1108000 rec=0.013323 dis=0.285076 adv=3.472605 lam=0.0001 accD=0.9375
step=1108800 rec=0.012229 dis=0.280071 adv=3.463836 lam=0.0001 accD=0.8438
step=1109600 rec=0.012964 dis=0.168748 adv=3.381379 lam=0.0001 accD=0.9375
step=1110400 rec=0.011540 dis=0.233118 adv=3.915580 lam=0.0001 accD=0.9062
step=1111200 rec=0.012731 dis=0.240029 adv=3.564794 lam=0.0001 accD=0.8750
step=1112000 rec=0.013750 dis=0.274706 adv=3.704771 lam=0.0001 accD=0.8438
step=1112800 rec=0.013238 dis=0.286260 adv=3.692772 lam=0.0001 accD=0.8125
step=1113600 rec=0.011134 dis=0.127277 adv=4.117691 lam=0.0001 accD=0.9688
step=1114400 rec=0.013248 dis=0.320241 adv=2.818373 lam=0.0001 accD=0.8125
step=1115200 rec=0.014826 dis=0.131813 adv=3.807158 lam=0.0001 accD=0.9688
step=1116000 rec=0.013439 dis=0.199528 adv=3.505150 lam=0.0001 accD=0.9688
step=1116800 rec=0.013328 dis=0.114983 adv=3.589417 lam=0.0001 accD=1.0000
step=1117600 rec=0.011922 dis=0.219584 adv=3.528665 lam=0.0001 accD=0.9062
step=1118400 rec=0.013078 dis=0.359817 adv=3.265569 lam=0.0001 accD=0.8125
step=1119200 rec=0.013273 dis=0.199661 adv=3.644112 lam=0.0001 accD=0.9062
step=1120000 rec=0.012150 dis=0.274401 adv=3.703097 lam=0.0001 accD=0.8750
step=1120800 rec=0.011013 dis=0.188137 adv=3.558598 lam=0.0001 accD=0.9062
step=1121600 rec=0.012732 dis=0.392849 adv=3.638972 lam=0.0001 accD=0.7812
step=1122400 rec=0.015686 dis=0.265128 adv=2.885570 lam=0.0001 accD=0.9688
step=1123200 rec=0.015036 dis=0.204689 adv=3.577613 lam=0.0001 accD=0.8750
step=1124000 rec=0.015591 dis=0.156591 adv=4.102286 lam=0.0001 accD=0.9688
step=1124800 rec=0.013289 dis=0.174986 adv=3.946654 lam=0.0001 accD=0.9062
step=1125600 rec=0.013469 dis=0.194318 adv=4.040188 lam=0.0001 accD=0.8438
step=1126400 rec=0.014373 dis=0.174031 adv=4.453290 lam=0.0001 accD=0.9062
step=1127200 rec=0.013504 dis=0.173369 adv=3.553611 lam=0.0001 accD=0.9375
step=1128000 rec=0.011935 dis=0.258685 adv=4.202329 lam=0.0001 accD=0.8750
step=1128800 rec=0.015451 dis=0.188220 adv=3.761659 lam=0.0001 accD=0.9062
step=1129600 rec=0.016699 dis=0.350213 adv=4.093517 lam=0.0001 accD=0.8125
step=1130400 rec=0.015186 dis=0.277806 adv=3.513828 lam=0.0001 accD=0.8125
step=1131200 rec=0.012753 dis=0.572076 adv=3.799847 lam=0.0001 accD=0.8125
step=1132000 rec=0.015734 dis=0.392054 adv=3.333523 lam=0.0001 accD=0.8438
step=1132800 rec=0.013572 dis=0.286960 adv=4.012173 lam=0.0001 accD=0.9375
step=1133600 rec=0.012278 dis=0.170441 adv=4.141429 lam=0.0001 accD=0.9688
step=1134400 rec=0.013408 dis=0.138424 adv=4.330938 lam=0.0001 accD=0.9375
step=1135200 rec=0.011650 dis=0.168896 adv=3.725601 lam=0.0001 accD=0.9375
step=1136000 rec=0.012647 dis=0.205012 adv=3.990956 lam=0.0001 accD=0.9062
step=1136800 rec=0.012352 dis=0.229649 adv=3.087035 lam=0.0001 accD=0.9062
step=1137600 rec=0.012403 dis=0.197097 adv=3.560995 lam=0.0001 accD=0.9062
step=1138400 rec=0.012450 dis=0.112065 adv=4.035681 lam=0.0001 accD=0.9375
step=1139200 rec=0.013464 dis=0.217033 adv=3.378644 lam=0.0001 accD=0.9062
step=1140000 rec=0.012027 dis=0.204712 adv=3.483947 lam=0.0001 accD=0.9375
step=1140800 rec=0.012187 dis=0.285267 adv=4.108371 lam=0.0001 accD=0.9062
step=1141600 rec=0.013343 dis=0.520166 adv=2.713336 lam=0.0001 accD=0.7812
step=1142400 rec=0.012685 dis=0.218272 adv=3.258556 lam=0.0001 accD=0.8750
step=1143200 rec=0.015887 dis=0.193806 adv=4.533998 lam=0.0001 accD=0.8750
step=1144000 rec=0.012838 dis=0.221546 adv=3.749560 lam=0.0001 accD=0.8750
step=1144800 rec=0.013208 dis=0.289418 adv=3.597344 lam=0.0001 accD=0.8750
step=1145600 rec=0.011549 dis=0.187811 adv=3.696975 lam=0.0001 accD=0.9062
step=1146400 rec=0.013815 dis=0.354381 adv=3.400467 lam=0.0001 accD=0.8750
step=1147200 rec=0.013719 dis=0.244725 adv=3.739006 lam=0.0001 accD=0.9062
step=1148000 rec=0.012449 dis=0.266703 adv=3.615188 lam=0.0001 accD=0.9062
step=1148800 rec=0.010760 dis=0.202696 adv=3.336897 lam=0.0001 accD=0.9375
step=1149600 rec=0.016210 dis=0.151430 adv=3.565252 lam=0.0001 accD=0.9375
[VAL] epoch=22 val_rec=0.012215 time_min=3.1
step=1150400 rec=0.013093 dis=0.185225 adv=3.742649 lam=0.0001 accD=0.9062
step=1151200 rec=0.011221 dis=0.205096 adv=3.839709 lam=0.0001 accD=0.8438
step=1152000 rec=0.018251 dis=0.423003 adv=3.463682 lam=0.0001 accD=0.8438
step=1152800 rec=0.013673 dis=0.320061 adv=3.498787 lam=0.0001 accD=0.8750
step=1153600 rec=0.011694 dis=0.303121 adv=2.882487 lam=0.0001 accD=0.8750
step=1154400 rec=0.012775 dis=0.137067 adv=4.299421 lam=0.0001 accD=0.9375
step=1155200 rec=0.013862 dis=0.220259 adv=3.257036 lam=0.0001 accD=0.9062
step=1156000 rec=0.012686 dis=0.260184 adv=3.362638 lam=0.0001 accD=0.9062
step=1156800 rec=0.012475 dis=0.131553 adv=4.536322 lam=0.0001 accD=0.9062
step=1157600 rec=0.012657 dis=0.198376 adv=3.388402 lam=0.0001 accD=0.9375
step=1158400 rec=0.012556 dis=0.213190 adv=4.155829 lam=0.0001 accD=0.9062
step=1159200 rec=0.013276 dis=0.167313 adv=4.217812 lam=0.0001 accD=0.9375
step=1160000 rec=0.013033 dis=0.531911 adv=3.200090 lam=0.0001 accD=0.8438
step=1160800 rec=0.013867 dis=0.368038 adv=4.079457 lam=0.0001 accD=0.8438
step=1161600 rec=0.012154 dis=0.279846 adv=3.633304 lam=0.0001 accD=0.9062
step=1162400 rec=0.012403 dis=0.180359 adv=3.847823 lam=0.0001 accD=0.9375
step=1163200 rec=0.015449 dis=0.296583 adv=3.789132 lam=0.0001 accD=0.8125
step=1164000 rec=0.012454 dis=0.284553 adv=3.587468 lam=0.0001 accD=0.8438
step=1164800 rec=0.012332 dis=0.468970 adv=3.076241 lam=0.0001 accD=0.7188
step=1165600 rec=0.013593 dis=0.201504 adv=3.851911 lam=0.0001 accD=0.9062
step=1166400 rec=0.010642 dis=0.188577 adv=4.031056 lam=0.0001 accD=0.9375
step=1167200 rec=0.011834 dis=0.236733 adv=3.257198 lam=0.0001 accD=0.8750
step=1168000 rec=0.011740 dis=0.217601 adv=3.789949 lam=0.0001 accD=0.8750
step=1168800 rec=0.012776 dis=0.374867 adv=3.603006 lam=0.0001 accD=0.8125
step=1169600 rec=0.012180 dis=0.205882 adv=4.700351 lam=0.0001 accD=0.9375
step=1170400 rec=0.013888 dis=0.218164 adv=3.714449 lam=0.0001 accD=0.8750
step=1171200 rec=0.011442 dis=0.283618 adv=3.692444 lam=0.0001 accD=0.9062
step=1172000 rec=0.011746 dis=0.334535 adv=3.093960 lam=0.0001 accD=0.8125
step=1172800 rec=0.013244 dis=0.260470 adv=3.710507 lam=0.0001 accD=0.8125
step=1173600 rec=0.013066 dis=0.268264 adv=3.787960 lam=0.0001 accD=0.9375
step=1174400 rec=0.012126 dis=0.395815 adv=3.392344 lam=0.0001 accD=0.8750
step=1175200 rec=0.011985 dis=0.199210 adv=3.199097 lam=0.0001 accD=0.9375
step=1176000 rec=0.012900 dis=0.231201 adv=3.529827 lam=0.0001 accD=0.8750
step=1176800 rec=0.011920 dis=0.355042 adv=4.116528 lam=0.0001 accD=0.8438
step=1177600 rec=0.014513 dis=0.222977 adv=3.759999 lam=0.0001 accD=0.8750
step=1178400 rec=0.012918 dis=0.285763 adv=3.541916 lam=0.0001 accD=0.9062
step=1179200 rec=0.013502 dis=0.107812 adv=4.588423 lam=0.0001 accD=0.9688
step=1180000 rec=0.013593 dis=0.317728 adv=3.967575 lam=0.0001 accD=0.9062
step=1180800 rec=0.011779 dis=0.313437 adv=3.562890 lam=0.0001 accD=0.8750
step=1181600 rec=0.013485 dis=0.107811 adv=4.272594 lam=0.0001 accD=0.9688
step=1182400 rec=0.012960 dis=0.408089 adv=3.166878 lam=0.0001 accD=0.8438
step=1183200 rec=0.012507 dis=0.403108 adv=3.252262 lam=0.0001 accD=0.8125
step=1184000 rec=0.011844 dis=0.483357 adv=3.485023 lam=0.0001 accD=0.7500
step=1184800 rec=0.013494 dis=0.250527 adv=4.074014 lam=0.0001 accD=0.8125
step=1185600 rec=0.012700 dis=0.325604 adv=3.647538 lam=0.0001 accD=0.9062
step=1186400 rec=0.012361 dis=0.239459 adv=3.900341 lam=0.0001 accD=0.9062
step=1187200 rec=0.013340 dis=0.256611 adv=3.524478 lam=0.0001 accD=0.9062
step=1188000 rec=0.012322 dis=0.359249 adv=3.534145 lam=0.0001 accD=0.8750
step=1188800 rec=0.013766 dis=0.252343 adv=4.101143 lam=0.0001 accD=0.9062
step=1189600 rec=0.011656 dis=0.236183 adv=3.873183 lam=0.0001 accD=0.9062
step=1190400 rec=0.012693 dis=0.340105 adv=3.746083 lam=0.0001 accD=0.8438
step=1191200 rec=0.013727 dis=0.283009 adv=3.887488 lam=0.0001 accD=0.8750
step=1192000 rec=0.012175 dis=0.265356 adv=3.417303 lam=0.0001 accD=0.9375
step=1192800 rec=0.013049 dis=0.122875 adv=4.066127 lam=0.0001 accD=0.9688
step=1193600 rec=0.010560 dis=0.097167 adv=4.246665 lam=0.0001 accD=0.9688
step=1194400 rec=0.011485 dis=0.318939 adv=3.995343 lam=0.0001 accD=0.7812
step=1195200 rec=0.013052 dis=0.290842 adv=3.333872 lam=0.0001 accD=0.8750
step=1196000 rec=0.011223 dis=0.240565 adv=4.011930 lam=0.0001 accD=0.9062
step=1196800 rec=0.012298 dis=0.567718 adv=3.516012 lam=0.0001 accD=0.8438
step=1197600 rec=0.010046 dis=0.205786 adv=3.906839 lam=0.0001 accD=0.9062
step=1198400 rec=0.013716 dis=0.205479 adv=3.641780 lam=0.0001 accD=0.9375
step=1199200 rec=0.012659 dis=0.471825 adv=3.150735 lam=0.0001 accD=0.7500
[VAL] epoch=23 val_rec=0.012835 time_min=2.4
step=1200000 rec=0.011906 dis=0.123468 adv=4.300324 lam=0.0001 accD=0.9375
step=1200800 rec=0.015483 dis=0.252848 adv=4.032452 lam=0.0001 accD=0.8750
step=1201600 rec=0.012543 dis=0.278611 adv=3.180360 lam=0.0001 accD=0.8750
step=1202400 rec=0.013476 dis=0.251241 adv=3.534046 lam=0.0001 accD=0.8750
step=1203200 rec=0.011772 dis=0.255544 adv=3.683276 lam=0.0001 accD=0.8750
step=1204000 rec=0.013990 dis=0.375834 adv=3.423082 lam=0.0001 accD=0.8125
step=1204800 rec=0.013892 dis=0.278095 adv=3.242751 lam=0.0001 accD=0.8750
step=1205600 rec=0.013880 dis=0.304286 adv=3.840826 lam=0.0001 accD=0.8750
step=1206400 rec=0.013184 dis=0.267054 adv=3.564876 lam=0.0001 accD=0.8125
step=1207200 rec=0.015476 dis=0.242169 adv=3.175581 lam=0.0001 accD=0.8750
step=1208000 rec=0.013392 dis=0.228447 adv=3.900151 lam=0.0001 accD=0.8438
step=1208800 rec=0.010731 dis=0.153558 adv=3.946460 lam=0.0001 accD=0.9375
step=1209600 rec=0.013374 dis=0.197368 adv=3.748793 lam=0.0001 accD=0.9062
step=1210400 rec=0.013494 dis=0.315947 adv=3.201705 lam=0.0001 accD=0.8438
step=1211200 rec=0.013648 dis=0.338130 adv=3.430319 lam=0.0001 accD=0.8125
step=1212000 rec=0.011613 dis=0.137800 adv=4.093611 lam=0.0001 accD=0.9688
step=1212800 rec=0.012891 dis=0.279175 adv=3.574764 lam=0.0001 accD=0.8125
step=1213600 rec=0.012001 dis=0.105786 adv=4.085320 lam=0.0001 accD=0.9688
step=1214400 rec=0.011861 dis=0.194627 adv=3.926646 lam=0.0001 accD=0.8750
step=1215200 rec=0.011899 dis=0.620657 adv=3.384572 lam=0.0001 accD=0.7812
step=1216000 rec=0.013326 dis=0.160713 adv=3.454410 lam=0.0001 accD=0.9375
step=1216800 rec=0.013171 dis=0.124937 adv=3.500795 lam=0.0001 accD=0.9688
step=1217600 rec=0.010696 dis=0.104670 adv=4.303271 lam=0.0001 accD=0.9688
step=1218400 rec=0.013625 dis=0.177037 adv=3.442234 lam=0.0001 accD=0.9375
step=1219200 rec=0.014147 dis=0.690127 adv=2.630245 lam=0.0001 accD=0.6250
step=1220000 rec=0.011835 dis=0.184120 adv=3.557845 lam=0.0001 accD=0.9688
step=1220800 rec=0.011758 dis=0.233105 adv=3.426735 lam=0.0001 accD=0.8750
step=1221600 rec=0.013709 dis=0.152854 adv=3.936179 lam=0.0001 accD=0.9375
step=1222400 rec=0.011511 dis=0.163533 adv=3.372482 lam=0.0001 accD=0.9688
step=1223200 rec=0.013212 dis=0.171843 adv=4.463543 lam=0.0001 accD=0.9375
step=1224000 rec=0.011160 dis=0.238107 adv=4.139773 lam=0.0001 accD=0.9062
step=1224800 rec=0.012243 dis=0.165872 adv=3.557534 lam=0.0001 accD=0.9688
step=1225600 rec=0.012594 dis=0.324674 adv=3.517433 lam=0.0001 accD=0.8750
step=1226400 rec=0.013121 dis=0.115074 adv=3.536284 lam=0.0001 accD=1.0000
step=1227200 rec=0.014945 dis=0.227655 adv=3.987797 lam=0.0001 accD=0.9375
step=1228000 rec=0.010445 dis=0.222685 adv=3.646169 lam=0.0001 accD=0.9062
step=1228800 rec=0.012800 dis=0.340338 adv=3.851949 lam=0.0001 accD=0.8438
step=1229600 rec=0.014172 dis=0.275279 adv=4.184190 lam=0.0001 accD=0.8125
step=1230400 rec=0.013485 dis=0.236799 adv=3.477572 lam=0.0001 accD=0.9375
step=1231200 rec=0.013137 dis=0.212045 adv=3.355437 lam=0.0001 accD=0.8750
step=1232000 rec=0.012286 dis=0.187745 adv=4.237190 lam=0.0001 accD=0.9375
step=1232800 rec=0.012226 dis=0.243373 adv=3.658369 lam=0.0001 accD=0.9062
step=1233600 rec=0.012129 dis=0.374466 adv=3.441816 lam=0.0001 accD=0.8125
step=1234400 rec=0.012188 dis=0.284219 adv=3.293389 lam=0.0001 accD=0.9062
step=1235200 rec=0.012685 dis=0.262704 adv=4.591303 lam=0.0001 accD=0.9062
step=1236000 rec=0.014185 dis=0.180053 adv=3.405059 lam=0.0001 accD=1.0000
step=1236800 rec=0.014966 dis=0.089521 adv=4.592649 lam=0.0001 accD=0.9375
step=1237600 rec=0.014189 dis=0.270803 adv=3.907641 lam=0.0001 accD=0.8438
step=1238400 rec=0.012664 dis=0.489041 adv=3.029375 lam=0.0001 accD=0.7500
step=1239200 rec=0.014008 dis=0.294964 adv=3.840078 lam=0.0001 accD=0.9375
step=1240000 rec=0.014785 dis=0.242691 adv=3.816218 lam=0.0001 accD=0.9062
step=1240800 rec=0.012037 dis=0.307157 adv=3.238844 lam=0.0001 accD=0.9062
step=1241600 rec=0.012110 dis=0.354265 adv=3.692620 lam=0.0001 accD=0.8438
step=1242400 rec=0.013516 dis=0.194652 adv=3.873129 lam=0.0001 accD=0.9062
step=1243200 rec=0.010885 dis=0.331052 adv=3.372926 lam=0.0001 accD=0.8125
step=1244000 rec=0.014297 dis=0.306750 adv=3.729864 lam=0.0001 accD=0.8750
step=1244800 rec=0.011278 dis=0.212241 adv=3.556971 lam=0.0001 accD=0.8750
step=1245600 rec=0.012639 dis=0.179210 adv=4.026241 lam=0.0001 accD=0.9375
step=1246400 rec=0.013503 dis=0.205779 adv=3.609038 lam=0.0001 accD=0.9375
step=1247200 rec=0.013799 dis=0.237935 adv=3.553457 lam=0.0001 accD=0.9062
step=1248000 rec=0.013639 dis=0.182549 adv=4.022073 lam=0.0001 accD=0.9062
step=1248800 rec=0.012526 dis=0.175315 adv=3.594043 lam=0.0001 accD=0.9375
[VAL] epoch=24 val_rec=0.012253 time_min=1.9
step=1249600 rec=0.012528 dis=0.170604 adv=4.047343 lam=0.0001 accD=0.9062
step=1250400 rec=0.011615 dis=0.262488 adv=3.776896 lam=0.0001 accD=0.8438
step=1251200 rec=0.011953 dis=0.267333 adv=3.320255 lam=0.0001 accD=0.8750
step=1252000 rec=0.012635 dis=0.196986 adv=3.716483 lam=0.0001 accD=0.9062
step=1252800 rec=0.012314 dis=0.189723 adv=3.725102 lam=0.0001 accD=0.9062
step=1253600 rec=0.012545 dis=0.238536 adv=3.466595 lam=0.0001 accD=0.9375
step=1254400 rec=0.012038 dis=0.295448 adv=3.963577 lam=0.0001 accD=0.8438
step=1255200 rec=0.011904 dis=0.244407 adv=3.633114 lam=0.0001 accD=0.9062
step=1256000 rec=0.011652 dis=0.121071 adv=4.051117 lam=0.0001 accD=1.0000
step=1256800 rec=0.012794 dis=0.118279 adv=4.151893 lam=0.0001 accD=0.9375
step=1257600 rec=0.014348 dis=0.341398 adv=3.629368 lam=0.0001 accD=0.8438
step=1258400 rec=0.010795 dis=0.383551 adv=3.382786 lam=0.0001 accD=0.8125
step=1259200 rec=0.012148 dis=0.097501 adv=4.508454 lam=0.0001 accD=1.0000
step=1260000 rec=0.012108 dis=0.235145 adv=3.398516 lam=0.0001 accD=0.8750
step=1260800 rec=0.012971 dis=0.333005 adv=3.582235 lam=0.0001 accD=0.9062
step=1261600 rec=0.012926 dis=0.235604 adv=3.810983 lam=0.0001 accD=0.8750
step=1262400 rec=0.012748 dis=0.192680 adv=4.121152 lam=0.0001 accD=0.8750
step=1263200 rec=0.013578 dis=0.176184 adv=4.188028 lam=0.0001 accD=0.8438
step=1264000 rec=0.012045 dis=0.199872 adv=4.224335 lam=0.0001 accD=0.9062
step=1264800 rec=0.012908 dis=0.499770 adv=3.351907 lam=0.0001 accD=0.8125
step=1265600 rec=0.010954 dis=0.141173 adv=3.793653 lam=0.0001 accD=0.9375
step=1266400 rec=0.012445 dis=0.194803 adv=2.732454 lam=0.0001 accD=0.9688
step=1267200 rec=0.012508 dis=0.224707 adv=3.716996 lam=0.0001 accD=0.9375
step=1268000 rec=0.013006 dis=0.249562 adv=3.573949 lam=0.0001 accD=0.9375
step=1268800 rec=0.011697 dis=0.226749 adv=4.242527 lam=0.0001 accD=0.8438
step=1269600 rec=0.011269 dis=0.128797 adv=4.230316 lam=0.0001 accD=0.9375
step=1270400 rec=0.013317 dis=0.247330 adv=3.718934 lam=0.0001 accD=0.8125
step=1271200 rec=0.014097 dis=0.215816 adv=3.716018 lam=0.0001 accD=0.8750
step=1272000 rec=0.012385 dis=0.197496 adv=3.180638 lam=0.0001 accD=0.9062
step=1272800 rec=0.011724 dis=0.293169 adv=3.710540 lam=0.0001 accD=0.8438
step=1273600 rec=0.012225 dis=0.309231 adv=3.728384 lam=0.0001 accD=0.9375
step=1274400 rec=0.012744 dis=0.263993 adv=3.956859 lam=0.0001 accD=0.8438
step=1275200 rec=0.012940 dis=0.258746 adv=3.711446 lam=0.0001 accD=0.9062
step=1276000 rec=0.010852 dis=0.224502 adv=3.937771 lam=0.0001 accD=0.9062
step=1276800 rec=0.012057 dis=0.172627 adv=3.771857 lam=0.0001 accD=0.9375
step=1277600 rec=0.011660 dis=0.276872 adv=3.157257 lam=0.0001 accD=0.8750
step=1278400 rec=0.010913 dis=0.188393 adv=4.019532 lam=0.0001 accD=0.9062
step=1279200 rec=0.014410 dis=0.113858 adv=4.059275 lam=0.0001 accD=1.0000
step=1280000 rec=0.017607 dis=0.154983 adv=3.839988 lam=0.0001 accD=0.9375
step=1280800 rec=0.012549 dis=0.407081 adv=3.298613 lam=0.0001 accD=0.7812
step=1281600 rec=0.012497 dis=0.263993 adv=3.495496 lam=0.0001 accD=0.8438
step=1282400 rec=0.012844 dis=0.436384 adv=3.670116 lam=0.0001 accD=0.8750
step=1283200 rec=0.011057 dis=0.387648 adv=3.643414 lam=0.0001 accD=0.7812
step=1284000 rec=0.012386 dis=0.132383 adv=3.931862 lam=0.0001 accD=0.9688
step=1284800 rec=0.011764 dis=0.264021 adv=3.352362 lam=0.0001 accD=0.9062
step=1285600 rec=0.011458 dis=0.236002 adv=3.425926 lam=0.0001 accD=0.8438
step=1286400 rec=0.012441 dis=0.269132 adv=3.532597 lam=0.0001 accD=0.9375
step=1287200 rec=0.012617 dis=0.522246 adv=3.069600 lam=0.0001 accD=0.7812
step=1288000 rec=0.013176 dis=0.090157 adv=4.083065 lam=0.0001 accD=0.9688
step=1288800 rec=0.014193 dis=0.218614 adv=3.962124 lam=0.0001 accD=0.9062
step=1289600 rec=0.013910 dis=0.112511 adv=4.143315 lam=0.0001 accD=0.9688
step=1290400 rec=0.012161 dis=0.221319 adv=2.982759 lam=0.0001 accD=0.9375
step=1291200 rec=0.014026 dis=0.373353 adv=3.592152 lam=0.0001 accD=0.8750
step=1292000 rec=0.011211 dis=0.145364 adv=3.290755 lam=0.0001 accD=0.9688
step=1292800 rec=0.011376 dis=0.148103 adv=3.689202 lam=0.0001 accD=0.9688
step=1293600 rec=0.012476 dis=0.205570 adv=3.948976 lam=0.0001 accD=0.9062
step=1294400 rec=0.013810 dis=0.323365 adv=3.629668 lam=0.0001 accD=0.8438
step=1295200 rec=0.011651 dis=0.194467 adv=3.152740 lam=0.0001 accD=0.9688
step=1296000 rec=0.010698 dis=0.234693 adv=3.484340 lam=0.0001 accD=0.9062
step=1296800 rec=0.012207 dis=0.188443 adv=3.975551 lam=0.0001 accD=0.9062
step=1297600 rec=0.013725 dis=0.131087 adv=4.267454 lam=0.0001 accD=0.9375
step=1298400 rec=0.011650 dis=0.266807 adv=3.945718 lam=0.0001 accD=0.8750
step=1299200 rec=0.012962 dis=0.327666 adv=3.452123 lam=0.0001 accD=0.9062
[VAL] epoch=25 val_rec=0.011945 time_min=1.9
step=1300000 rec=0.012612 dis=0.153663 adv=3.876515 lam=0.0001 accD=0.9688
step=1300800 rec=0.012469 dis=0.212599 adv=3.833906 lam=0.0001 accD=0.8750
step=1301600 rec=0.011296 dis=0.259896 adv=3.699114 lam=0.0001 accD=0.9062
step=1302400 rec=0.011407 dis=0.095782 adv=4.097601 lam=0.0001 accD=1.0000
step=1303200 rec=0.012127 dis=0.210772 adv=3.332407 lam=0.0001 accD=0.8750
step=1304000 rec=0.012940 dis=0.225487 adv=3.925521 lam=0.0001 accD=0.8750
step=1304800 rec=0.014145 dis=0.207662 adv=3.875331 lam=0.0001 accD=0.8750
step=1305600 rec=0.015675 dis=0.272522 adv=3.181172 lam=0.0001 accD=0.8750
step=1306400 rec=0.013568 dis=0.257568 adv=3.697252 lam=0.0001 accD=0.8750
step=1307200 rec=0.013293 dis=0.225728 adv=3.686871 lam=0.0001 accD=0.8438
step=1308000 rec=0.011923 dis=0.352819 adv=3.388104 lam=0.0001 accD=0.8438
step=1308800 rec=0.013371 dis=0.163202 adv=3.867321 lam=0.0001 accD=0.9375
step=1309600 rec=0.012883 dis=0.314166 adv=2.831221 lam=0.0001 accD=0.8438
step=1310400 rec=0.012397 dis=0.294809 adv=3.415394 lam=0.0001 accD=0.8438
step=1311200 rec=0.011128 dis=0.363009 adv=3.482480 lam=0.0001 accD=0.8125
step=1312000 rec=0.010985 dis=0.116379 adv=4.732512 lam=0.0001 accD=0.9688
step=1312800 rec=0.011382 dis=0.238874 adv=3.945469 lam=0.0001 accD=0.9062
step=1313600 rec=0.011495 dis=0.247600 adv=3.730550 lam=0.0001 accD=0.8750
step=1314400 rec=0.012723 dis=0.101489 adv=4.256595 lam=0.0001 accD=0.9688
step=1315200 rec=0.013998 dis=0.188395 adv=3.801327 lam=0.0001 accD=0.9062
step=1316000 rec=0.010463 dis=0.233633 adv=3.684005 lam=0.0001 accD=0.9062
step=1316800 rec=0.013072 dis=0.289124 adv=4.118270 lam=0.0001 accD=0.8750
step=1317600 rec=0.012419 dis=0.196931 adv=3.761014 lam=0.0001 accD=0.9062
step=1318400 rec=0.012521 dis=0.133394 adv=4.025083 lam=0.0001 accD=0.9688
step=1319200 rec=0.013548 dis=0.159348 adv=4.173885 lam=0.0001 accD=0.9062
step=1320000 rec=0.012297 dis=0.260880 adv=3.344580 lam=0.0001 accD=0.8750
step=1320800 rec=0.013031 dis=0.098963 adv=3.584907 lam=0.0001 accD=1.0000
step=1321600 rec=0.012975 dis=0.281327 adv=4.304484 lam=0.0001 accD=0.8438
step=1322400 rec=0.010802 dis=0.084079 adv=4.493397 lam=0.0001 accD=0.9688
step=1323200 rec=0.010057 dis=0.325294 adv=3.664523 lam=0.0001 accD=0.8125
step=1324000 rec=0.012533 dis=0.364831 adv=3.745245 lam=0.0001 accD=0.8750
step=1324800 rec=0.012362 dis=0.248857 adv=3.503645 lam=0.0001 accD=0.9375
step=1325600 rec=0.012385 dis=0.328345 adv=4.046263 lam=0.0001 accD=0.9062
step=1326400 rec=0.012131 dis=0.095993 adv=4.211986 lam=0.0001 accD=0.9688
step=1327200 rec=0.011988 dis=0.380934 adv=3.786355 lam=0.0001 accD=0.8438
step=1328000 rec=0.012407 dis=0.446375 adv=3.088848 lam=0.0001 accD=0.8438
step=1328800 rec=0.012243 dis=0.187043 adv=4.366547 lam=0.0001 accD=0.9375
step=1329600 rec=0.012838 dis=0.144483 adv=3.554834 lam=0.0001 accD=0.9688
step=1330400 rec=0.012726 dis=0.229280 adv=3.998993 lam=0.0001 accD=0.9062
step=1331200 rec=0.014174 dis=0.198857 adv=3.355674 lam=0.0001 accD=0.9062
step=1332000 rec=0.011436 dis=0.268684 adv=3.467458 lam=0.0001 accD=0.9062
step=1332800 rec=0.012992 dis=0.461882 adv=3.604899 lam=0.0001 accD=0.8438
step=1333600 rec=0.011883 dis=0.223404 adv=3.837593 lam=0.0001 accD=0.9062
step=1334400 rec=0.011963 dis=0.168083 adv=3.725764 lam=0.0001 accD=0.9688
step=1335200 rec=0.011724 dis=0.140750 adv=3.839870 lam=0.0001 accD=0.9688
step=1336000 rec=0.011516 dis=0.117862 adv=4.432842 lam=0.0001 accD=0.9688
step=1336800 rec=0.011027 dis=0.172752 adv=3.753331 lam=0.0001 accD=0.9688
step=1337600 rec=0.012269 dis=0.259887 adv=3.857965 lam=0.0001 accD=0.9062
step=1338400 rec=0.012434 dis=0.265464 adv=3.233709 lam=0.0001 accD=0.8125
step=1339200 rec=0.012207 dis=0.136406 adv=4.047392 lam=0.0001 accD=0.9375
step=1340000 rec=0.013103 dis=0.316145 adv=3.526960 lam=0.0001 accD=0.8750
step=1340800 rec=0.012436 dis=0.362928 adv=3.417969 lam=0.0001 accD=0.8125
step=1341600 rec=0.011726 dis=0.157342 adv=3.536990 lam=0.0001 accD=0.9062
step=1342400 rec=0.013378 dis=0.092977 adv=3.650663 lam=0.0001 accD=1.0000
step=1343200 rec=0.012599 dis=0.103949 adv=4.382471 lam=0.0001 accD=0.9688
step=1344000 rec=0.016398 dis=0.301358 adv=3.437690 lam=0.0001 accD=0.8750
step=1344800 rec=0.013430 dis=0.158772 adv=3.846875 lam=0.0001 accD=0.9375
step=1345600 rec=0.013643 dis=0.281616 adv=3.869430 lam=0.0001 accD=0.8438
step=1346400 rec=0.014816 dis=0.255389 adv=3.961978 lam=0.0001 accD=0.9062
step=1347200 rec=0.012188 dis=0.260422 adv=3.748960 lam=0.0001 accD=0.8438
step=1348000 rec=0.012082 dis=0.251434 adv=3.239627 lam=0.0001 accD=0.8750
step=1348800 rec=0.013556 dis=0.211458 adv=3.722961 lam=0.0001 accD=0.8750
[VAL] epoch=26 val_rec=0.011878 time_min=1.9
step=1349600 rec=0.013266 dis=0.344170 adv=3.875498 lam=0.0001 accD=0.8750
step=1350400 rec=0.012270 dis=0.183239 adv=4.353688 lam=0.0001 accD=0.9062
step=1351200 rec=0.013644 dis=0.187218 adv=3.766235 lam=0.0001 accD=0.9688
step=1352000 rec=0.014157 dis=0.305561 adv=3.757616 lam=0.0001 accD=0.9062
step=1352800 rec=0.013366 dis=0.221753 adv=4.030941 lam=0.0001 accD=0.8750
step=1353600 rec=0.012926 dis=0.336679 adv=4.440703 lam=0.0001 accD=0.8438
step=1354400 rec=0.013639 dis=0.281565 adv=3.443258 lam=0.0001 accD=0.8750
step=1355200 rec=0.012074 dis=0.248542 adv=3.716709 lam=0.0001 accD=0.9062
step=1356000 rec=0.011700 dis=0.189219 adv=3.505145 lam=0.0001 accD=0.9062
step=1356800 rec=0.013176 dis=0.315458 adv=3.266464 lam=0.0001 accD=0.8438
step=1357600 rec=0.012945 dis=0.357992 adv=3.977386 lam=0.0001 accD=0.8125
step=1358400 rec=0.013354 dis=0.119747 adv=4.105111 lam=0.0001 accD=0.9688
step=1359200 rec=0.014016 dis=0.237819 adv=3.828897 lam=0.0001 accD=0.8750
step=1360000 rec=0.012498 dis=0.495507 adv=3.583564 lam=0.0001 accD=0.7500
step=1360800 rec=0.011173 dis=0.356177 adv=3.247904 lam=0.0001 accD=0.8750
step=1361600 rec=0.010993 dis=0.401380 adv=3.136738 lam=0.0001 accD=0.8750
step=1362400 rec=0.010650 dis=0.313521 adv=3.515377 lam=0.0001 accD=0.8438
step=1363200 rec=0.012703 dis=0.338676 adv=3.267635 lam=0.0001 accD=0.8750
step=1364000 rec=0.011576 dis=0.146610 adv=4.130916 lam=0.0001 accD=0.9688
step=1364800 rec=0.012203 dis=0.155121 adv=3.974476 lam=0.0001 accD=0.9688
step=1365600 rec=0.011675 dis=0.232720 adv=4.129815 lam=0.0001 accD=0.9062
step=1366400 rec=0.011774 dis=0.159391 adv=3.845993 lam=0.0001 accD=0.9062
step=1367200 rec=0.012490 dis=0.181157 adv=3.659097 lam=0.0001 accD=0.9375
step=1368000 rec=0.013252 dis=0.109254 adv=4.397169 lam=0.0001 accD=0.9375
step=1368800 rec=0.010982 dis=0.378414 adv=4.373412 lam=0.0001 accD=0.8125
step=1369600 rec=0.012633 dis=0.167723 adv=3.531427 lam=0.0001 accD=0.9688
step=1370400 rec=0.012148 dis=0.168112 adv=4.143460 lam=0.0001 accD=0.9062
step=1371200 rec=0.011553 dis=0.201838 adv=3.379509 lam=0.0001 accD=0.9062
step=1372000 rec=0.010344 dis=0.155817 adv=3.878742 lam=0.0001 accD=0.9062
step=1372800 rec=0.013576 dis=0.197680 adv=3.909135 lam=0.0001 accD=0.9688
step=1373600 rec=0.014477 dis=0.146045 adv=3.532916 lam=0.0001 accD=0.9375
step=1374400 rec=0.013307 dis=0.253307 adv=3.649921 lam=0.0001 accD=0.8438
step=1375200 rec=0.012187 dis=0.241213 adv=3.288621 lam=0.0001 accD=0.8750
step=1376000 rec=0.011732 dis=0.385733 adv=3.253830 lam=0.0001 accD=0.8438
step=1376800 rec=0.013319 dis=0.119926 adv=3.840664 lam=0.0001 accD=0.9688
step=1377600 rec=0.012468 dis=0.312892 adv=4.183526 lam=0.0001 accD=0.8125
step=1378400 rec=0.012064 dis=0.293157 adv=3.554932 lam=0.0001 accD=0.8750
step=1379200 rec=0.013171 dis=0.228163 adv=4.225946 lam=0.0001 accD=0.8438
step=1380000 rec=0.013195 dis=0.409266 adv=3.847880 lam=0.0001 accD=0.9375
step=1380800 rec=0.011829 dis=0.141979 adv=4.195932 lam=0.0001 accD=0.9688
step=1381600 rec=0.010747 dis=0.331395 adv=3.486607 lam=0.0001 accD=0.8438
step=1382400 rec=0.012943 dis=0.366728 adv=3.876835 lam=0.0001 accD=0.8438
step=1383200 rec=0.013223 dis=0.195437 adv=3.297299 lam=0.0001 accD=0.9062
step=1384000 rec=0.012084 dis=0.182030 adv=3.431906 lam=0.0001 accD=0.9688
step=1384800 rec=0.013359 dis=0.174464 adv=3.868874 lam=0.0001 accD=0.9062
step=1385600 rec=0.013871 dis=0.108266 adv=4.043394 lam=0.0001 accD=0.9688
step=1386400 rec=0.012671 dis=0.398599 adv=3.625052 lam=0.0001 accD=0.7812
step=1387200 rec=0.012884 dis=0.346137 adv=3.374164 lam=0.0001 accD=0.8125
step=1388000 rec=0.011338 dis=0.173489 adv=4.327348 lam=0.0001 accD=0.9062
step=1388800 rec=0.010608 dis=0.112130 adv=3.873283 lam=0.0001 accD=0.9688
step=1389600 rec=0.013051 dis=0.124292 adv=4.045597 lam=0.0001 accD=0.9688
step=1390400 rec=0.012477 dis=0.345622 adv=3.146087 lam=0.0001 accD=0.8750
step=1391200 rec=0.011166 dis=0.197738 adv=3.567161 lam=0.0001 accD=0.9375
step=1392000 rec=0.012416 dis=0.159287 adv=3.706043 lam=0.0001 accD=0.9688
step=1392800 rec=0.012828 dis=0.162437 adv=3.578504 lam=0.0001 accD=0.9375
step=1393600 rec=0.010288 dis=0.154439 adv=3.872814 lam=0.0001 accD=0.9688
step=1394400 rec=0.013253 dis=0.145917 adv=3.607033 lam=0.0001 accD=0.9375
step=1395200 rec=0.011573 dis=0.140424 adv=4.360919 lam=0.0001 accD=0.9688
step=1396000 rec=0.012721 dis=0.380109 adv=3.279307 lam=0.0001 accD=0.8750
step=1396800 rec=0.012571 dis=0.294768 adv=5.057151 lam=0.0001 accD=0.9375
step=1397600 rec=0.011182 dis=0.210334 adv=3.800750 lam=0.0001 accD=0.8750
step=1398400 rec=0.013678 dis=0.107743 adv=3.462909 lam=0.0001 accD=1.0000
step=1399200 rec=0.013067 dis=0.272374 adv=3.727412 lam=0.0001 accD=0.8750
[VAL] epoch=27 val_rec=0.011871 time_min=1.9
step=1400000 rec=0.013252 dis=0.280856 adv=3.396631 lam=0.0001 accD=0.8750
step=1400800 rec=0.012322 dis=0.145538 adv=3.716785 lam=0.0001 accD=0.9688
step=1401600 rec=0.012132 dis=0.099235 adv=4.272305 lam=0.0001 accD=0.9688
step=1402400 rec=0.012156 dis=0.169483 adv=3.785826 lam=0.0001 accD=0.9375
step=1403200 rec=0.013171 dis=0.226379 adv=3.641220 lam=0.0001 accD=0.8438
step=1404000 rec=0.011259 dis=0.141639 adv=3.946383 lam=0.0001 accD=0.9375
step=1404800 rec=0.014977 dis=0.165128 adv=3.349776 lam=0.0001 accD=0.9062
step=1405600 rec=0.011757 dis=0.081533 adv=4.422993 lam=0.0001 accD=1.0000
step=1406400 rec=0.012086 dis=0.251066 adv=3.874163 lam=0.0001 accD=0.8750
step=1407200 rec=0.012305 dis=0.222957 adv=3.902023 lam=0.0001 accD=0.9375
step=1408000 rec=0.013238 dis=0.199494 adv=3.624834 lam=0.0001 accD=0.9062
step=1408800 rec=0.011950 dis=0.228838 adv=4.185684 lam=0.0001 accD=0.8750
step=1409600 rec=0.011174 dis=0.195256 adv=3.674717 lam=0.0001 accD=0.9375
step=1410400 rec=0.012611 dis=0.291770 adv=3.377126 lam=0.0001 accD=0.8750
step=1411200 rec=0.011069 dis=0.262357 adv=3.432272 lam=0.0001 accD=0.9375
step=1412000 rec=0.011664 dis=0.197078 adv=3.581284 lam=0.0001 accD=0.9062
step=1412800 rec=0.011249 dis=0.135592 adv=4.451008 lam=0.0001 accD=0.9062
step=1413600 rec=0.010904 dis=0.130155 adv=4.068346 lam=0.0001 accD=0.9688
step=1414400 rec=0.012094 dis=0.191194 adv=4.317956 lam=0.0001 accD=0.9062
step=1415200 rec=0.011801 dis=0.443356 adv=3.211740 lam=0.0001 accD=0.7812
step=1416000 rec=0.011768 dis=0.216432 adv=3.710796 lam=0.0001 accD=0.8750
step=1416800 rec=0.010900 dis=0.110749 adv=4.036774 lam=0.0001 accD=0.9688
step=1417600 rec=0.011824 dis=0.436349 adv=3.700293 lam=0.0001 accD=0.8125
step=1418400 rec=0.014358 dis=0.620803 adv=3.389866 lam=0.0001 accD=0.7500
step=1419200 rec=0.011143 dis=0.189102 adv=3.489016 lam=0.0001 accD=0.9375
step=1420000 rec=0.012430 dis=0.401076 adv=3.516491 lam=0.0001 accD=0.7812
step=1420800 rec=0.012914 dis=0.339434 adv=3.415992 lam=0.0001 accD=0.8438
step=1421600 rec=0.014776 dis=0.138832 adv=3.700243 lam=0.0001 accD=1.0000
step=1422400 rec=0.014109 dis=0.423980 adv=3.201658 lam=0.0001 accD=0.8438
step=1423200 rec=0.013121 dis=0.223348 adv=4.224247 lam=0.0001 accD=0.9062
step=1424000 rec=0.009671 dis=0.156254 adv=4.150540 lam=0.0001 accD=0.9062
step=1424800 rec=0.011828 dis=0.245311 adv=3.377532 lam=0.0001 accD=0.8750
step=1425600 rec=0.012068 dis=0.165729 adv=4.208344 lam=0.0001 accD=0.9688
step=1426400 rec=0.012748 dis=0.154958 adv=3.554988 lam=0.0001 accD=1.0000
step=1427200 rec=0.011157 dis=0.198360 adv=3.703927 lam=0.0001 accD=0.9062
step=1428000 rec=0.012851 dis=0.271922 adv=3.846755 lam=0.0001 accD=0.9375
step=1428800 rec=0.012459 dis=0.232012 adv=3.535208 lam=0.0001 accD=0.9062
step=1429600 rec=0.014962 dis=0.274878 adv=3.564543 lam=0.0001 accD=0.8750
step=1430400 rec=0.011896 dis=0.388885 adv=3.512908 lam=0.0001 accD=0.7188
step=1431200 rec=0.012685 dis=0.184591 adv=3.572909 lam=0.0001 accD=0.8750
step=1432000 rec=0.010813 dis=0.248146 adv=3.887125 lam=0.0001 accD=0.9375
step=1432800 rec=0.010991 dis=0.125463 adv=3.739177 lam=0.0001 accD=0.9688
step=1433600 rec=0.011953 dis=0.145495 adv=3.859275 lam=0.0001 accD=0.9375
step=1434400 rec=0.011943 dis=0.245499 adv=3.925875 lam=0.0001 accD=0.9375
step=1435200 rec=0.010816 dis=0.117166 adv=3.922759 lam=0.0001 accD=0.9688
step=1436000 rec=0.014006 dis=0.337526 adv=3.577890 lam=0.0001 accD=0.8438
step=1436800 rec=0.011070 dis=0.134669 adv=3.991898 lam=0.0001 accD=0.9375
step=1437600 rec=0.012690 dis=0.262402 adv=3.919667 lam=0.0001 accD=0.8750
step=1438400 rec=0.011743 dis=0.225182 adv=4.716109 lam=0.0001 accD=0.9375
step=1439200 rec=0.012317 dis=0.167461 adv=3.662409 lam=0.0001 accD=0.9375
step=1440000 rec=0.011551 dis=0.466781 adv=3.492680 lam=0.0001 accD=0.7812
step=1440800 rec=0.012656 dis=0.161459 adv=3.981697 lam=0.0001 accD=0.9062
step=1441600 rec=0.011998 dis=0.108015 adv=4.482777 lam=0.0001 accD=0.9688
step=1442400 rec=0.011955 dis=0.324668 adv=4.003162 lam=0.0001 accD=0.8125
step=1443200 rec=0.012379 dis=0.196916 adv=3.839124 lam=0.0001 accD=0.9688
step=1444000 rec=0.011459 dis=0.241109 adv=4.439261 lam=0.0001 accD=0.8750
step=1444800 rec=0.010673 dis=0.346811 adv=3.611107 lam=0.0001 accD=0.8125
step=1445600 rec=0.011995 dis=0.305697 adv=3.598149 lam=0.0001 accD=0.8750
step=1446400 rec=0.013177 dis=0.233108 adv=3.938056 lam=0.0001 accD=0.8438
step=1447200 rec=0.012282 dis=0.180269 adv=3.554138 lam=0.0001 accD=0.9375
step=1448000 rec=0.010748 dis=0.274738 adv=3.329659 lam=0.0001 accD=0.9062
step=1448800 rec=0.012998 dis=0.239267 adv=3.618028 lam=0.0001 accD=0.9062
[VAL] epoch=28 val_rec=0.011559 time_min=2.0
step=1449600 rec=0.011907 dis=0.102177 adv=3.775336 lam=0.0001 accD=1.0000
step=1450400 rec=0.012413 dis=0.235809 adv=3.632696 lam=0.0001 accD=0.8750
step=1451200 rec=0.016855 dis=0.247135 adv=3.803313 lam=0.0001 accD=0.9062
step=1452000 rec=0.012378 dis=0.446125 adv=4.049334 lam=0.0001 accD=0.8125
step=1452800 rec=0.011059 dis=0.321521 adv=3.169568 lam=0.0001 accD=0.8750
step=1453600 rec=0.012327 dis=0.074296 adv=4.216473 lam=0.0001 accD=0.9688
step=1454400 rec=0.013062 dis=0.185286 adv=3.833416 lam=0.0001 accD=0.9062
step=1455200 rec=0.011333 dis=0.238668 adv=3.408250 lam=0.0001 accD=0.8750
step=1456000 rec=0.013111 dis=0.263988 adv=3.432166 lam=0.0001 accD=0.8750
step=1456800 rec=0.010229 dis=0.201259 adv=3.711095 lam=0.0001 accD=0.9062
step=1457600 rec=0.010984 dis=0.134983 adv=3.833995 lam=0.0001 accD=0.9688
step=1458400 rec=0.010344 dis=0.106932 adv=4.293231 lam=0.0001 accD=0.9688
step=1459200 rec=0.012418 dis=0.126488 adv=3.898424 lam=0.0001 accD=0.9375
step=1460000 rec=0.013306 dis=0.363577 adv=3.807866 lam=0.0001 accD=0.8438
step=1460800 rec=0.011475 dis=0.225865 adv=3.637071 lam=0.0001 accD=0.8750
step=1461600 rec=0.012669 dis=0.263573 adv=4.405011 lam=0.0001 accD=0.9375
step=1462400 rec=0.011543 dis=0.190318 adv=4.508504 lam=0.0001 accD=0.9375
step=1463200 rec=0.012235 dis=0.197548 adv=3.392383 lam=0.0001 accD=0.9375
step=1464000 rec=0.013437 dis=0.230382 adv=3.900508 lam=0.0001 accD=0.8750
step=1464800 rec=0.013595 dis=0.191991 adv=3.702725 lam=0.0001 accD=0.9375
step=1465600 rec=0.011789 dis=0.173668 adv=3.905839 lam=0.0001 accD=0.9688
step=1466400 rec=0.010757 dis=0.095196 adv=4.421419 lam=0.0001 accD=0.9688
step=1467200 rec=0.013396 dis=0.254429 adv=3.628528 lam=0.0001 accD=0.9062
step=1468000 rec=0.011660 dis=0.119738 adv=3.777879 lam=0.0001 accD=0.9688
step=1468800 rec=0.010421 dis=0.080172 adv=3.654155 lam=0.0001 accD=1.0000
step=1469600 rec=0.013168 dis=0.361468 adv=3.963022 lam=0.0001 accD=0.8750
step=1470400 rec=0.010812 dis=0.245223 adv=3.390623 lam=0.0001 accD=0.8750
step=1471200 rec=0.011457 dis=0.171125 adv=4.196710 lam=0.0001 accD=0.9062
step=1472000 rec=0.013297 dis=0.094581 adv=3.914656 lam=0.0001 accD=1.0000
step=1472800 rec=0.012978 dis=0.196036 adv=3.962735 lam=0.0001 accD=0.9062
step=1473600 rec=0.014290 dis=0.197421 adv=3.789834 lam=0.0001 accD=0.9375
step=1474400 rec=0.011890 dis=0.105792 adv=3.941437 lam=0.0001 accD=0.9688
step=1475200 rec=0.010696 dis=0.181400 adv=3.654925 lam=0.0001 accD=0.8750
step=1476000 rec=0.011385 dis=0.123920 adv=4.618274 lam=0.0001 accD=0.9375
step=1476800 rec=0.012432 dis=0.146544 adv=3.795483 lam=0.0001 accD=0.9062
step=1477600 rec=0.011092 dis=0.170020 adv=3.979287 lam=0.0001 accD=0.9375
step=1478400 rec=0.011364 dis=0.198129 adv=3.727946 lam=0.0001 accD=0.9375
step=1479200 rec=0.012226 dis=0.329460 adv=3.437538 lam=0.0001 accD=0.8750
step=1480000 rec=0.011500 dis=0.123462 adv=3.629208 lam=0.0001 accD=1.0000
step=1480800 rec=0.011822 dis=0.332634 adv=3.291894 lam=0.0001 accD=0.9062
step=1481600 rec=0.013763 dis=0.139627 adv=4.382985 lam=0.0001 accD=0.9062
step=1482400 rec=0.010879 dis=0.276208 adv=3.768525 lam=0.0001 accD=0.9688
step=1483200 rec=0.012593 dis=0.258813 adv=3.689821 lam=0.0001 accD=0.8750
step=1484000 rec=0.012664 dis=0.316222 adv=4.243266 lam=0.0001 accD=0.8750
step=1484800 rec=0.010578 dis=0.257532 adv=3.537894 lam=0.0001 accD=0.8125
step=1485600 rec=0.011914 dis=0.207011 adv=3.964547 lam=0.0001 accD=0.9062
step=1486400 rec=0.012288 dis=0.159457 adv=4.356740 lam=0.0001 accD=0.8750
step=1487200 rec=0.011298 dis=0.369023 adv=3.466823 lam=0.0001 accD=0.9375
step=1488000 rec=0.012995 dis=0.478776 adv=3.357904 lam=0.0001 accD=0.7812
step=1488800 rec=0.013934 dis=0.224211 adv=4.142212 lam=0.0001 accD=0.8750
step=1489600 rec=0.010653 dis=0.258172 adv=3.885314 lam=0.0001 accD=0.8438
step=1490400 rec=0.012373 dis=0.290377 adv=3.426839 lam=0.0001 accD=0.9062
step=1491200 rec=0.011759 dis=0.078974 adv=4.762476 lam=0.0001 accD=1.0000
step=1492000 rec=0.010639 dis=0.144648 adv=3.779208 lam=0.0001 accD=0.9688
step=1492800 rec=0.010638 dis=0.306574 adv=3.709443 lam=0.0001 accD=0.8438
step=1493600 rec=0.012194 dis=0.163809 adv=4.204826 lam=0.0001 accD=0.9375
step=1494400 rec=0.011530 dis=0.130977 adv=4.078123 lam=0.0001 accD=0.9375
step=1495200 rec=0.012569 dis=0.245850 adv=4.449651 lam=0.0001 accD=0.8750
step=1496000 rec=0.012171 dis=0.139569 adv=4.693911 lam=0.0001 accD=0.9375
step=1496800 rec=0.010397 dis=0.203293 adv=4.260603 lam=0.0001 accD=0.8750
step=1497600 rec=0.012554 dis=0.339105 adv=3.671806 lam=0.0001 accD=0.8125
step=1498400 rec=0.012566 dis=0.197069 adv=3.896549 lam=0.0001 accD=0.9375
step=1499200 rec=0.011105 dis=0.219621 adv=3.726090 lam=0.0001 accD=0.9375
[VAL] epoch=29 val_rec=0.011442 time_min=1.8
step=1500000 rec=0.012053 dis=0.216424 adv=3.954548 lam=0.0001 accD=0.9375
step=1500800 rec=0.012723 dis=0.292139 adv=3.556193 lam=0.0001 accD=0.8438
step=1501600 rec=0.012877 dis=0.200780 adv=4.171155 lam=0.0001 accD=0.9062
step=1502400 rec=0.012464 dis=0.203373 adv=3.808445 lam=0.0001 accD=0.9375
step=1503200 rec=0.013832 dis=0.267680 adv=4.171279 lam=0.0001 accD=0.9062
step=1504000 rec=0.012732 dis=0.197275 adv=4.020352 lam=0.0001 accD=0.9062
step=1504800 rec=0.009794 dis=0.286898 adv=3.725932 lam=0.0001 accD=0.9375
step=1505600 rec=0.012727 dis=0.225127 adv=3.500926 lam=0.0001 accD=0.9375
step=1506400 rec=0.010596 dis=0.109447 adv=4.212640 lam=0.0001 accD=0.9688
step=1507200 rec=0.011586 dis=0.163350 adv=3.771431 lam=0.0001 accD=0.9375
step=1508000 rec=0.013220 dis=0.346535 adv=3.501622 lam=0.0001 accD=0.8750
step=1508800 rec=0.013275 dis=0.136116 adv=4.211999 lam=0.0001 accD=0.9375
step=1509600 rec=0.011511 dis=0.244086 adv=3.668479 lam=0.0001 accD=0.8438
step=1510400 rec=0.010674 dis=0.189158 adv=4.137253 lam=0.0001 accD=0.9375
step=1511200 rec=0.011516 dis=0.196366 adv=4.371929 lam=0.0001 accD=0.8750
step=1512000 rec=0.009822 dis=0.244946 adv=4.028328 lam=0.0001 accD=0.9062
step=1512800 rec=0.012480 dis=0.324356 adv=4.201627 lam=0.0001 accD=0.9062
step=1513600 rec=0.015197 dis=0.199644 adv=3.814617 lam=0.0001 accD=0.9688
step=1514400 rec=0.011299 dis=0.443060 adv=3.867951 lam=0.0001 accD=0.8125
step=1515200 rec=0.011482 dis=0.195000 adv=3.578352 lam=0.0001 accD=0.8750
step=1516000 rec=0.011110 dis=0.738682 adv=2.930767 lam=0.0001 accD=0.6875
step=1516800 rec=0.011888 dis=0.307167 adv=3.579941 lam=0.0001 accD=0.8750
step=1517600 rec=0.013517 dis=0.162796 adv=4.083598 lam=0.0001 accD=0.9375
step=1518400 rec=0.013082 dis=0.178289 adv=3.892057 lam=0.0001 accD=0.9375
step=1519200 rec=0.011819 dis=0.176181 adv=4.020074 lam=0.0001 accD=0.9688
step=1520000 rec=0.013096 dis=0.250875 adv=3.925808 lam=0.0001 accD=0.9062
step=1520800 rec=0.012408 dis=0.349202 adv=3.004071 lam=0.0001 accD=0.8125
step=1521600 rec=0.014660 dis=0.127139 adv=4.036255 lam=0.0001 accD=0.9062
step=1522400 rec=0.011879 dis=0.366663 adv=3.504000 lam=0.0001 accD=0.8750
step=1523200 rec=0.011377 dis=0.459057 adv=3.835431 lam=0.0001 accD=0.8438
step=1524000 rec=0.012198 dis=0.406567 adv=3.631660 lam=0.0001 accD=0.8438
step=1524800 rec=0.011547 dis=0.274922 adv=3.531200 lam=0.0001 accD=0.9062
step=1525600 rec=0.011763 dis=0.211628 adv=4.342041 lam=0.0001 accD=0.8438
step=1526400 rec=0.010207 dis=0.290654 adv=4.217863 lam=0.0001 accD=0.9062
step=1527200 rec=0.010529 dis=0.335547 adv=3.510831 lam=0.0001 accD=0.8438
step=1528000 rec=0.011020 dis=0.253525 adv=3.529564 lam=0.0001 accD=0.9062
step=1528800 rec=0.012635 dis=0.386891 adv=3.475966 lam=0.0001 accD=0.8125
step=1529600 rec=0.012311 dis=0.506245 adv=3.349870 lam=0.0001 accD=0.8125
step=1530400 rec=0.013170 dis=0.158264 adv=4.323631 lam=0.0001 accD=0.8750
step=1531200 rec=0.010907 dis=0.249540 adv=3.963502 lam=0.0001 accD=0.9062
step=1532000 rec=0.012051 dis=0.172167 adv=3.918700 lam=0.0001 accD=0.9375
step=1532800 rec=0.011934 dis=0.261423 adv=4.145138 lam=0.0001 accD=0.8438
step=1533600 rec=0.012128 dis=0.070227 adv=4.578588 lam=0.0001 accD=1.0000
step=1534400 rec=0.012309 dis=0.272463 adv=4.124488 lam=0.0001 accD=0.9375
step=1535200 rec=0.012122 dis=0.210944 adv=3.913966 lam=0.0001 accD=0.9375
step=1536000 rec=0.012988 dis=0.404766 adv=3.726585 lam=0.0001 accD=0.8125
step=1536800 rec=0.011497 dis=0.344582 adv=3.811704 lam=0.0001 accD=0.8438
step=1537600 rec=0.012134 dis=0.171065 adv=3.397262 lam=0.0001 accD=0.9375
step=1538400 rec=0.014439 dis=0.176066 adv=3.849561 lam=0.0001 accD=0.9062
step=1539200 rec=0.011053 dis=0.240349 adv=3.445796 lam=0.0001 accD=0.9062
step=1540000 rec=0.011049 dis=0.149888 adv=4.387758 lam=0.0001 accD=0.9375
step=1540800 rec=0.010030 dis=0.430062 adv=3.169253 lam=0.0001 accD=0.8125
step=1541600 rec=0.011481 dis=0.305724 adv=3.538904 lam=0.0001 accD=0.9062
step=1542400 rec=0.010482 dis=0.236798 adv=3.654644 lam=0.0001 accD=0.9062
step=1543200 rec=0.011660 dis=0.076423 adv=4.403678 lam=0.0001 accD=0.9688
step=1544000 rec=0.013256 dis=0.179622 adv=3.594733 lam=0.0001 accD=0.9375
step=1544800 rec=0.010335 dis=0.336497 adv=3.764235 lam=0.0001 accD=0.8438
step=1545600 rec=0.010673 dis=0.235242 adv=3.991539 lam=0.0001 accD=0.9375
step=1546400 rec=0.012719 dis=0.277700 adv=3.926313 lam=0.0001 accD=0.8750
step=1547200 rec=0.010468 dis=0.268322 adv=3.707603 lam=0.0001 accD=0.9062
step=1548000 rec=0.010678 dis=0.125425 adv=4.394645 lam=0.0001 accD=0.9688
step=1548800 rec=0.012854 dis=0.189561 adv=4.283427 lam=0.0001 accD=0.9375
[VAL] epoch=30 val_rec=0.011397 time_min=1.9
step=1549600 rec=0.012205 dis=0.212047 adv=4.085643 lam=0.0001 accD=0.9062
step=1550400 rec=0.011311 dis=0.225232 adv=4.124734 lam=0.0001 accD=0.9062
step=1551200 rec=0.013686 dis=0.364412 adv=3.564737 lam=0.0001 accD=0.8125
step=1552000 rec=0.014444 dis=0.377781 adv=3.388784 lam=0.0001 accD=0.8125
step=1552800 rec=0.013583 dis=0.164682 adv=4.162474 lam=0.0001 accD=0.9062
step=1553600 rec=0.012279 dis=0.273855 adv=3.992908 lam=0.0001 accD=0.8438
step=1554400 rec=0.012364 dis=0.159020 adv=4.614836 lam=0.0001 accD=0.9688
step=1555200 rec=0.011317 dis=0.331312 adv=3.972613 lam=0.0001 accD=0.8750
step=1556000 rec=0.014261 dis=0.361336 adv=2.938885 lam=0.0001 accD=0.8438
step=1556800 rec=0.011889 dis=0.191058 adv=4.024756 lam=0.0001 accD=0.9688
step=1557600 rec=0.012700 dis=0.332003 adv=3.350572 lam=0.0001 accD=0.8750
step=1558400 rec=0.014102 dis=0.300083 adv=3.274155 lam=0.0001 accD=0.8750
step=1559200 rec=0.011135 dis=0.180654 adv=3.701420 lam=0.0001 accD=0.9062
step=1560000 rec=0.013271 dis=0.133123 adv=4.436269 lam=0.0001 accD=0.9375
step=1560800 rec=0.011122 dis=0.283837 adv=4.111018 lam=0.0001 accD=0.9062
step=1561600 rec=0.010520 dis=0.067460 adv=4.641113 lam=0.0001 accD=1.0000
step=1562400 rec=0.014243 dis=0.327074 adv=3.624206 lam=0.0001 accD=0.8438
step=1563200 rec=0.011774 dis=0.134509 adv=4.139438 lam=0.0001 accD=0.9375
step=1564000 rec=0.012435 dis=0.224081 adv=3.558903 lam=0.0001 accD=0.9375
step=1564800 rec=0.015207 dis=0.068434 adv=4.330438 lam=0.0001 accD=1.0000
step=1565600 rec=0.011131 dis=0.225259 adv=3.778716 lam=0.0001 accD=0.9062
step=1566400 rec=0.010998 dis=0.279750 adv=3.907630 lam=0.0001 accD=0.9062
step=1567200 rec=0.011808 dis=0.282175 adv=3.310207 lam=0.0001 accD=0.8750
step=1568000 rec=0.012622 dis=0.148798 adv=3.820629 lam=0.0001 accD=0.9062
step=1568800 rec=0.013141 dis=0.193211 adv=4.780128 lam=0.0001 accD=0.9375
step=1569600 rec=0.011772 dis=0.129471 adv=4.265129 lam=0.0001 accD=0.9375
step=1570400 rec=0.010677 dis=0.135247 adv=4.137958 lam=0.0001 accD=0.9688
step=1571200 rec=0.011641 dis=0.151338 adv=4.352205 lam=0.0001 accD=0.9062
step=1572000 rec=0.014138 dis=0.140900 adv=3.891362 lam=0.0001 accD=0.9375
step=1572800 rec=0.013101 dis=0.264791 adv=3.541083 lam=0.0001 accD=0.8750
step=1573600 rec=0.012044 dis=0.301380 adv=3.900081 lam=0.0001 accD=0.8438
step=1574400 rec=0.011388 dis=0.209349 adv=3.591150 lam=0.0001 accD=0.9062
step=1575200 rec=0.012467 dis=0.375650 adv=3.313105 lam=0.0001 accD=0.7812
step=1576000 rec=0.013888 dis=0.126554 adv=3.858016 lam=0.0001 accD=0.9688
step=1576800 rec=0.011357 dis=0.164247 adv=3.904128 lam=0.0001 accD=0.9375
step=1577600 rec=0.012119 dis=0.148043 adv=4.404059 lam=0.0001 accD=0.9375
step=1578400 rec=0.013971 dis=0.209036 adv=4.247849 lam=0.0001 accD=0.8750
step=1579200 rec=0.012756 dis=0.230753 adv=3.644795 lam=0.0001 accD=0.9062
step=1580000 rec=0.013405 dis=0.367946 adv=3.071854 lam=0.0001 accD=0.8750
step=1580800 rec=0.010754 dis=0.085588 adv=4.604291 lam=0.0001 accD=1.0000
step=1581600 rec=0.012400 dis=0.158029 adv=3.625113 lam=0.0001 accD=0.9375
step=1582400 rec=0.010791 dis=0.099075 adv=4.342767 lam=0.0001 accD=0.9688
step=1583200 rec=0.011533 dis=0.193894 adv=3.850629 lam=0.0001 accD=0.9375
step=1584000 rec=0.010160 dis=0.088559 adv=4.393560 lam=0.0001 accD=0.9688
step=1584800 rec=0.010735 dis=0.247139 adv=3.859618 lam=0.0001 accD=0.9688
step=1585600 rec=0.012670 dis=0.237161 adv=4.168220 lam=0.0001 accD=0.8750
step=1586400 rec=0.011508 dis=0.356001 adv=3.299933 lam=0.0001 accD=0.8125
step=1587200 rec=0.011028 dis=0.420387 adv=3.580361 lam=0.0001 accD=0.8750
step=1588000 rec=0.012216 dis=0.195230 adv=3.845132 lam=0.0001 accD=0.9062
step=1588800 rec=0.010422 dis=0.296818 adv=3.440217 lam=0.0001 accD=0.8750
step=1589600 rec=0.012063 dis=0.083179 adv=5.048276 lam=0.0001 accD=0.9688
step=1590400 rec=0.011493 dis=0.150620 adv=3.994843 lam=0.0001 accD=0.9375
step=1591200 rec=0.011721 dis=0.229873 adv=4.324225 lam=0.0001 accD=0.9062
step=1592000 rec=0.010824 dis=0.137266 adv=3.808141 lam=0.0001 accD=0.9688
step=1592800 rec=0.012504 dis=0.179518 adv=4.111053 lam=0.0001 accD=0.9062
step=1593600 rec=0.013588 dis=0.175617 adv=4.059154 lam=0.0001 accD=0.9062
step=1594400 rec=0.013791 dis=0.190881 adv=4.001893 lam=0.0001 accD=0.9688
step=1595200 rec=0.011896 dis=0.290099 adv=3.926986 lam=0.0001 accD=0.9062
step=1596000 rec=0.010548 dis=0.318498 adv=3.555195 lam=0.0001 accD=0.8438
step=1596800 rec=0.012863 dis=0.272359 adv=4.218257 lam=0.0001 accD=0.9062
step=1597600 rec=0.011299 dis=0.279460 adv=3.879181 lam=0.0001 accD=0.9062
step=1598400 rec=0.012206 dis=0.182809 adv=3.456851 lam=0.0001 accD=0.9375
step=1599200 rec=0.012891 dis=0.117119 adv=3.914126 lam=0.0001 accD=0.9688
[VAL] epoch=31 val_rec=0.011253 time_min=1.9
step=1600000 rec=0.012311 dis=0.149932 adv=4.208501 lam=0.0001 accD=0.9688
step=1600800 rec=0.013199 dis=0.171471 adv=4.550198 lam=0.0001 accD=0.9688
step=1601600 rec=0.013039 dis=0.267608 adv=3.608470 lam=0.0001 accD=0.8750
step=1602400 rec=0.010181 dis=0.355969 adv=3.303375 lam=0.0001 accD=0.8125
step=1603200 rec=0.010561 dis=0.165576 adv=4.121757 lam=0.0001 accD=0.9062
step=1604000 rec=0.011629 dis=0.246401 adv=3.849032 lam=0.0001 accD=0.8750
step=1604800 rec=0.013647 dis=0.188031 adv=4.075018 lam=0.0001 accD=0.9375
step=1605600 rec=0.012878 dis=0.392317 adv=3.417952 lam=0.0001 accD=0.8125
step=1606400 rec=0.011654 dis=0.104329 adv=3.992106 lam=0.0001 accD=0.9688
step=1607200 rec=0.011601 dis=0.226561 adv=4.388874 lam=0.0001 accD=0.9062
step=1608000 rec=0.011197 dis=0.364260 adv=2.823203 lam=0.0001 accD=0.8750
step=1608800 rec=0.012607 dis=0.120726 adv=4.254928 lam=0.0001 accD=0.9688
step=1609600 rec=0.010183 dis=0.186651 adv=3.705856 lam=0.0001 accD=0.9375
step=1610400 rec=0.012341 dis=0.417387 adv=3.434027 lam=0.0001 accD=0.8125
step=1611200 rec=0.012194 dis=0.216908 adv=3.795675 lam=0.0001 accD=0.8750
step=1612000 rec=0.013324 dis=0.179449 adv=4.314971 lam=0.0001 accD=0.9062
step=1612800 rec=0.010546 dis=0.284127 adv=4.291457 lam=0.0001 accD=0.9375
step=1613600 rec=0.010635 dis=0.324642 adv=3.309626 lam=0.0001 accD=0.9062
step=1614400 rec=0.013362 dis=0.273645 adv=3.641648 lam=0.0001 accD=0.8750
step=1615200 rec=0.011191 dis=0.169640 adv=3.997582 lam=0.0001 accD=0.9375
step=1616000 rec=0.011298 dis=0.250618 adv=4.008170 lam=0.0001 accD=0.8438
step=1616800 rec=0.012520 dis=0.193958 adv=3.784596 lam=0.0001 accD=0.9062
step=1617600 rec=0.012565 dis=0.268851 adv=3.832614 lam=0.0001 accD=0.9375
step=1618400 rec=0.012219 dis=0.150662 adv=4.350319 lam=0.0001 accD=0.9375
step=1619200 rec=0.010743 dis=0.182569 adv=3.809916 lam=0.0001 accD=0.9062
step=1620000 rec=0.010731 dis=0.324558 adv=3.496797 lam=0.0001 accD=0.8750
step=1620800 rec=0.012396 dis=0.198093 adv=3.493260 lam=0.0001 accD=0.9375
step=1621600 rec=0.012173 dis=0.319343 adv=3.336027 lam=0.0001 accD=0.9062
step=1622400 rec=0.012765 dis=0.297996 adv=3.736745 lam=0.0001 accD=0.9062
step=1623200 rec=0.011614 dis=0.117730 adv=4.375740 lam=0.0001 accD=0.9688
step=1624000 rec=0.014469 dis=0.142021 adv=4.305349 lam=0.0001 accD=0.9375
step=1624800 rec=0.011840 dis=0.180713 adv=4.055760 lam=0.0001 accD=0.9062
step=1625600 rec=0.010503 dis=0.446060 adv=3.670454 lam=0.0001 accD=0.7500
step=1626400 rec=0.011573 dis=0.087360 adv=3.979173 lam=0.0001 accD=0.9688
step=1627200 rec=0.010881 dis=0.272526 adv=3.830531 lam=0.0001 accD=0.9062
step=1628000 rec=0.011383 dis=0.292706 adv=3.540253 lam=0.0001 accD=0.8438
step=1628800 rec=0.011493 dis=0.348138 adv=4.013012 lam=0.0001 accD=0.8438
step=1629600 rec=0.010286 dis=0.262518 adv=4.326743 lam=0.0001 accD=0.8750
step=1630400 rec=0.012339 dis=0.129807 adv=4.088148 lam=0.0001 accD=0.9375
step=1631200 rec=0.010556 dis=0.219551 adv=4.447384 lam=0.0001 accD=0.8750
step=1632000 rec=0.012697 dis=0.142048 adv=3.874448 lam=0.0001 accD=0.9688
step=1632800 rec=0.012711 dis=0.222488 adv=4.198522 lam=0.0001 accD=0.9375
step=1633600 rec=0.012901 dis=0.193734 adv=3.325461 lam=0.0001 accD=0.9062
step=1634400 rec=0.012047 dis=0.147816 adv=4.206429 lam=0.0001 accD=0.9688
step=1635200 rec=0.012219 dis=0.189811 adv=3.946274 lam=0.0001 accD=0.9062
step=1636000 rec=0.011134 dis=0.330195 adv=3.817651 lam=0.0001 accD=0.8750
step=1636800 rec=0.012056 dis=0.210269 adv=3.537596 lam=0.0001 accD=0.9062
step=1637600 rec=0.011526 dis=0.225398 adv=3.709083 lam=0.0001 accD=0.9062
step=1638400 rec=0.011890 dis=0.234990 adv=3.884322 lam=0.0001 accD=0.9062
step=1639200 rec=0.011352 dis=0.187145 adv=3.899734 lam=0.0001 accD=0.9375
step=1640000 rec=0.010396 dis=0.278328 adv=3.575152 lam=0.0001 accD=0.8750
step=1640800 rec=0.013523 dis=0.143485 adv=4.104733 lam=0.0001 accD=0.9062
step=1641600 rec=0.011387 dis=0.272676 adv=3.777692 lam=0.0001 accD=0.8438
step=1642400 rec=0.011389 dis=0.330059 adv=3.604234 lam=0.0001 accD=0.9062
step=1643200 rec=0.012079 dis=0.215603 adv=3.795092 lam=0.0001 accD=0.8750
step=1644000 rec=0.010695 dis=0.069331 adv=4.484366 lam=0.0001 accD=1.0000
step=1644800 rec=0.012904 dis=0.379015 adv=3.984181 lam=0.0001 accD=0.8438
step=1645600 rec=0.012293 dis=0.376694 adv=3.685500 lam=0.0001 accD=0.8125
step=1646400 rec=0.012870 dis=0.228958 adv=3.911634 lam=0.0001 accD=0.9375
step=1647200 rec=0.013253 dis=0.256070 adv=3.818016 lam=0.0001 accD=0.9062
step=1648000 rec=0.012365 dis=0.230464 adv=3.847314 lam=0.0001 accD=0.8438
step=1648800 rec=0.012691 dis=0.354842 adv=3.234982 lam=0.0001 accD=0.8750
[VAL] epoch=32 val_rec=0.011436 time_min=2.0
step=1649600 rec=0.012129 dis=0.288593 adv=4.328619 lam=0.0001 accD=0.8750
step=1650400 rec=0.010473 dis=0.265171 adv=3.621546 lam=0.0001 accD=0.9375
step=1651200 rec=0.012326 dis=0.334745 adv=4.101579 lam=0.0001 accD=0.8125
step=1652000 rec=0.012408 dis=0.220747 adv=3.925349 lam=0.0001 accD=0.8750
step=1652800 rec=0.010611 dis=0.076688 adv=4.034569 lam=0.0001 accD=1.0000
step=1653600 rec=0.009235 dis=0.281869 adv=4.215866 lam=0.0001 accD=0.8750
step=1654400 rec=0.013055 dis=0.094471 adv=3.650491 lam=0.0001 accD=1.0000
step=1655200 rec=0.011010 dis=0.139041 adv=4.133012 lam=0.0001 accD=0.9375
step=1656000 rec=0.012935 dis=0.328200 adv=3.614141 lam=0.0001 accD=0.9062
step=1656800 rec=0.014979 dis=0.146712 adv=3.728993 lam=0.0001 accD=0.9375
step=1657600 rec=0.011612 dis=0.359834 adv=3.875810 lam=0.0001 accD=0.8750
step=1658400 rec=0.011252 dis=0.253403 adv=4.162322 lam=0.0001 accD=0.9062
step=1659200 rec=0.010716 dis=0.153074 adv=3.831812 lam=0.0001 accD=0.9688
step=1660000 rec=0.010254 dis=0.264757 adv=3.323315 lam=0.0001 accD=0.8438
step=1660800 rec=0.012105 dis=0.165091 adv=3.592695 lam=0.0001 accD=0.9688
step=1661600 rec=0.013944 dis=0.176355 adv=4.011343 lam=0.0001 accD=0.9688
step=1662400 rec=0.011193 dis=0.470458 adv=3.277235 lam=0.0001 accD=0.8438
step=1663200 rec=0.012767 dis=0.389303 adv=3.497759 lam=0.0001 accD=0.9062
step=1664000 rec=0.011742 dis=0.082197 adv=4.301499 lam=0.0001 accD=1.0000
step=1664800 rec=0.011870 dis=0.265622 adv=3.894895 lam=0.0001 accD=0.9375
step=1665600 rec=0.011676 dis=0.216719 adv=3.549048 lam=0.0001 accD=0.9375
step=1666400 rec=0.013103 dis=0.241176 adv=3.916805 lam=0.0001 accD=0.9062
step=1667200 rec=0.012114 dis=0.274464 adv=3.515090 lam=0.0001 accD=0.8750
step=1668000 rec=0.011357 dis=0.207860 adv=3.531817 lam=0.0001 accD=0.8750
step=1668800 rec=0.011800 dis=0.375484 adv=3.587682 lam=0.0001 accD=0.8438
step=1669600 rec=0.013478 dis=0.285834 adv=3.751384 lam=0.0001 accD=0.8125
step=1670400 rec=0.011633 dis=0.179765 adv=4.380949 lam=0.0001 accD=0.9062
step=1671200 rec=0.010533 dis=0.161630 adv=4.121419 lam=0.0001 accD=0.9062
step=1672000 rec=0.011755 dis=0.161594 adv=3.903471 lam=0.0001 accD=0.9375
step=1672800 rec=0.010348 dis=0.125817 adv=3.775307 lam=0.0001 accD=0.9688
step=1673600 rec=0.010109 dis=0.111215 adv=3.788525 lam=0.0001 accD=1.0000
step=1674400 rec=0.009320 dis=0.302707 adv=3.470586 lam=0.0001 accD=0.8750
step=1675200 rec=0.011280 dis=0.292963 adv=4.191641 lam=0.0001 accD=0.9062
step=1676000 rec=0.011630 dis=0.186521 adv=3.582530 lam=0.0001 accD=0.9375
step=1676800 rec=0.012674 dis=0.179747 adv=4.036969 lam=0.0001 accD=0.9375
step=1677600 rec=0.011570 dis=0.214777 adv=4.023408 lam=0.0001 accD=0.9062
step=1678400 rec=0.011631 dis=0.221777 adv=4.322750 lam=0.0001 accD=0.8750
step=1679200 rec=0.010751 dis=0.228119 adv=3.938941 lam=0.0001 accD=0.9062
step=1680000 rec=0.011547 dis=0.219024 adv=3.639433 lam=0.0001 accD=0.8750
step=1680800 rec=0.012281 dis=0.320336 adv=3.829925 lam=0.0001 accD=0.8750
step=1681600 rec=0.012443 dis=0.173634 adv=4.466794 lam=0.0001 accD=0.9688
step=1682400 rec=0.009867 dis=0.246728 adv=4.208442 lam=0.0001 accD=0.8750
step=1683200 rec=0.010931 dis=0.332848 adv=3.477168 lam=0.0001 accD=0.8750
step=1684000 rec=0.012632 dis=0.167653 adv=3.828304 lam=0.0001 accD=0.9062
step=1684800 rec=0.011831 dis=0.247110 adv=3.368615 lam=0.0001 accD=0.8438
step=1685600 rec=0.013781 dis=0.079238 adv=4.028358 lam=0.0001 accD=1.0000
step=1686400 rec=0.011081 dis=0.137927 adv=3.864362 lam=0.0001 accD=0.9688
step=1687200 rec=0.011593 dis=0.124245 adv=3.894515 lam=0.0001 accD=0.9375
step=1688000 rec=0.010895 dis=0.139061 adv=4.051409 lam=0.0001 accD=0.9688
step=1688800 rec=0.013236 dis=0.238636 adv=3.995490 lam=0.0001 accD=0.8750
step=1689600 rec=0.012475 dis=0.269782 adv=3.767324 lam=0.0001 accD=0.8750
step=1690400 rec=0.013144 dis=0.228636 adv=4.722990 lam=0.0001 accD=0.8750
step=1691200 rec=0.011086 dis=0.117464 adv=3.696383 lam=0.0001 accD=0.9688
step=1692000 rec=0.011233 dis=0.346314 adv=3.543561 lam=0.0001 accD=0.8750
step=1692800 rec=0.010762 dis=0.064532 adv=4.175128 lam=0.0001 accD=0.9688
step=1693600 rec=0.011280 dis=0.351915 adv=3.833744 lam=0.0001 accD=0.8750
step=1694400 rec=0.011950 dis=0.330239 adv=3.493730 lam=0.0001 accD=0.9062
step=1695200 rec=0.010142 dis=0.098161 adv=3.900714 lam=0.0001 accD=1.0000
step=1696000 rec=0.011202 dis=0.206262 adv=4.001302 lam=0.0001 accD=0.9062
step=1696800 rec=0.009848 dis=0.183869 adv=4.003557 lam=0.0001 accD=0.9688
step=1697600 rec=0.010747 dis=0.325220 adv=3.915860 lam=0.0001 accD=0.9062
step=1698400 rec=0.011678 dis=0.247634 adv=3.615592 lam=0.0001 accD=0.8750
step=1699200 rec=0.010627 dis=0.197040 adv=3.598089 lam=0.0001 accD=0.9375
[VAL] epoch=33 val_rec=0.011263 time_min=1.9
step=1700000 rec=0.011484 dis=0.126094 adv=3.868477 lam=0.0001 accD=1.0000
step=1700800 rec=0.009453 dis=0.111219 adv=4.153144 lam=0.0001 accD=0.9688
step=1701600 rec=0.011619 dis=0.134527 adv=3.688503 lam=0.0001 accD=0.9375
step=1702400 rec=0.013741 dis=0.311877 adv=3.244733 lam=0.0001 accD=0.8438
step=1703200 rec=0.011836 dis=0.216596 adv=3.693344 lam=0.0001 accD=0.9375
step=1704000 rec=0.011018 dis=0.200455 adv=3.535779 lam=0.0001 accD=0.9062
step=1704800 rec=0.010467 dis=0.180827 adv=4.167863 lam=0.0001 accD=0.9375
step=1705600 rec=0.012879 dis=0.097056 adv=4.584251 lam=0.0001 accD=0.9688
step=1706400 rec=0.011098 dis=0.186265 adv=3.926827 lam=0.0001 accD=0.9062
step=1707200 rec=0.011805 dis=0.468441 adv=3.553787 lam=0.0001 accD=0.7812
step=1708000 rec=0.009776 dis=0.172668 adv=3.692068 lam=0.0001 accD=0.9375
step=1708800 rec=0.010421 dis=0.125861 adv=4.203259 lam=0.0001 accD=0.9688
step=1709600 rec=0.010265 dis=0.260094 adv=3.684772 lam=0.0001 accD=0.9375
step=1710400 rec=0.010576 dis=0.173547 adv=4.112992 lam=0.0001 accD=0.9375
step=1711200 rec=0.009595 dis=0.106063 adv=4.246550 lam=0.0001 accD=0.9375
step=1712000 rec=0.013815 dis=0.206864 adv=3.585277 lam=0.0001 accD=0.9062
step=1712800 rec=0.011062 dis=0.278558 adv=3.740925 lam=0.0001 accD=0.8750
step=1713600 rec=0.013080 dis=0.161497 adv=4.315011 lam=0.0001 accD=0.9688
step=1714400 rec=0.010603 dis=0.167357 adv=4.156404 lam=0.0001 accD=0.9375
step=1715200 rec=0.012259 dis=0.215047 adv=3.753762 lam=0.0001 accD=0.9062
step=1716000 rec=0.012596 dis=0.375286 adv=3.531827 lam=0.0001 accD=0.8438
step=1716800 rec=0.009987 dis=0.465458 adv=3.286435 lam=0.0001 accD=0.8125
step=1717600 rec=0.011770 dis=0.259125 adv=4.009075 lam=0.0001 accD=0.9062
step=1718400 rec=0.011345 dis=0.290163 adv=3.835457 lam=0.0001 accD=0.8438
step=1719200 rec=0.010828 dis=0.269341 adv=3.787731 lam=0.0001 accD=0.8750
step=1720000 rec=0.011589 dis=0.171382 adv=4.312490 lam=0.0001 accD=0.9375
step=1720800 rec=0.010917 dis=0.119669 adv=4.124431 lam=0.0001 accD=1.0000
step=1721600 rec=0.011776 dis=0.259460 adv=4.388059 lam=0.0001 accD=0.9062
step=1722400 rec=0.010306 dis=0.118979 adv=4.034900 lam=0.0001 accD=0.9688
step=1723200 rec=0.013096 dis=0.205259 adv=4.068666 lam=0.0001 accD=0.9062
step=1724000 rec=0.010099 dis=0.200198 adv=4.368309 lam=0.0001 accD=0.9375
step=1724800 rec=0.009942 dis=0.155658 adv=4.002620 lam=0.0001 accD=0.9375
step=1725600 rec=0.011989 dis=0.341611 adv=3.754164 lam=0.0001 accD=0.8438
step=1726400 rec=0.011057 dis=0.060075 adv=4.729173 lam=0.0001 accD=0.9688
step=1727200 rec=0.010846 dis=0.151672 adv=4.556273 lam=0.0001 accD=0.9062
step=1728000 rec=0.012877 dis=0.380228 adv=3.487111 lam=0.0001 accD=0.8438
step=1728800 rec=0.010600 dis=0.158508 adv=4.121278 lam=0.0001 accD=0.9062
step=1729600 rec=0.012490 dis=0.131541 adv=3.826901 lam=0.0001 accD=0.9375
step=1730400 rec=0.014458 dis=0.162368 adv=4.683117 lam=0.0001 accD=0.8750
step=1731200 rec=0.011640 dis=0.372099 adv=3.892972 lam=0.0001 accD=0.8438
step=1732000 rec=0.013094 dis=0.244120 adv=4.595600 lam=0.0001 accD=0.9062
step=1732800 rec=0.011793 dis=0.233702 adv=3.787381 lam=0.0001 accD=0.9062
step=1733600 rec=0.012527 dis=0.107511 adv=4.038657 lam=0.0001 accD=1.0000
step=1734400 rec=0.012329 dis=0.233768 adv=3.805043 lam=0.0001 accD=0.9062
step=1735200 rec=0.011663 dis=0.080836 adv=4.562694 lam=0.0001 accD=1.0000
step=1736000 rec=0.011242 dis=0.234148 adv=4.210972 lam=0.0001 accD=0.9062
step=1736800 rec=0.009543 dis=0.260597 adv=3.936145 lam=0.0001 accD=0.8750
step=1737600 rec=0.010907 dis=0.133001 adv=4.714318 lam=0.0001 accD=0.9062
step=1738400 rec=0.012401 dis=0.271716 adv=3.883986 lam=0.0001 accD=0.8438
step=1739200 rec=0.010538 dis=0.250255 adv=3.640344 lam=0.0001 accD=0.9062
step=1740000 rec=0.013497 dis=0.358438 adv=3.845146 lam=0.0001 accD=0.8125
step=1740800 rec=0.010851 dis=0.188452 adv=4.106116 lam=0.0001 accD=0.9062
step=1741600 rec=0.011853 dis=0.293515 adv=3.797809 lam=0.0001 accD=0.9062
step=1742400 rec=0.013229 dis=0.490899 adv=3.408096 lam=0.0001 accD=0.7812
step=1743200 rec=0.011908 dis=0.204783 adv=4.308045 lam=0.0001 accD=0.9688
step=1744000 rec=0.011030 dis=0.144199 adv=4.519403 lam=0.0001 accD=0.9062
step=1744800 rec=0.013318 dis=0.509999 adv=3.950361 lam=0.0001 accD=0.7812
step=1745600 rec=0.011349 dis=0.428208 adv=3.270107 lam=0.0001 accD=0.8125
step=1746400 rec=0.011333 dis=0.327312 adv=3.678805 lam=0.0001 accD=0.8750
step=1747200 rec=0.013080 dis=0.310977 adv=4.107320 lam=0.0001 accD=0.8750
step=1748000 rec=0.013674 dis=0.296864 adv=4.027496 lam=0.0001 accD=0.8750
step=1748800 rec=0.010829 dis=0.236784 adv=3.977082 lam=0.0001 accD=0.8750
[VAL] epoch=34 val_rec=0.010848 time_min=2.0
step=1749600 rec=0.012078 dis=0.148635 adv=4.177483 lam=0.0001 accD=0.9375
step=1750400 rec=0.012489 dis=0.151732 adv=4.246418 lam=0.0001 accD=0.9375
step=1751200 rec=0.011624 dis=0.163005 adv=4.431311 lam=0.0001 accD=0.9375
step=1752000 rec=0.009793 dis=0.148207 adv=4.403866 lam=0.0001 accD=0.9375
step=1752800 rec=0.010318 dis=0.272242 adv=3.921856 lam=0.0001 accD=0.8438
step=1753600 rec=0.010521 dis=0.046625 adv=4.603229 lam=0.0001 accD=1.0000
step=1754400 rec=0.010061 dis=0.171814 adv=3.848622 lam=0.0001 accD=0.9688
step=1755200 rec=0.012205 dis=0.129828 adv=4.548942 lam=0.0001 accD=0.9688
step=1756000 rec=0.010538 dis=0.206675 adv=3.846370 lam=0.0001 accD=0.9375
step=1756800 rec=0.011935 dis=0.443299 adv=3.564012 lam=0.0001 accD=0.7500
step=1757600 rec=0.012893 dis=0.115872 adv=3.763851 lam=0.0001 accD=1.0000
step=1758400 rec=0.010976 dis=0.261417 adv=3.572641 lam=0.0001 accD=0.8750
step=1759200 rec=0.011849 dis=0.130836 adv=4.283235 lam=0.0001 accD=0.9375
step=1760000 rec=0.011025 dis=0.085124 adv=4.607024 lam=0.0001 accD=1.0000
step=1760800 rec=0.012182 dis=0.217296 adv=3.862988 lam=0.0001 accD=0.8750
step=1761600 rec=0.011238 dis=0.135522 adv=4.014211 lam=0.0001 accD=0.9375
step=1762400 rec=0.011057 dis=0.214208 adv=3.686124 lam=0.0001 accD=0.9375
step=1763200 rec=0.010217 dis=0.185676 adv=4.075072 lam=0.0001 accD=0.9062
step=1764000 rec=0.011542 dis=0.177719 adv=4.096112 lam=0.0001 accD=0.8750
step=1764800 rec=0.011898 dis=0.152942 adv=4.088287 lam=0.0001 accD=0.8750
step=1765600 rec=0.011448 dis=0.294572 adv=4.152841 lam=0.0001 accD=0.8750
step=1766400 rec=0.012440 dis=0.246631 adv=5.051752 lam=0.0001 accD=0.8750
step=1767200 rec=0.010538 dis=0.286163 adv=3.967828 lam=0.0001 accD=0.9062
step=1768000 rec=0.010519 dis=0.177606 adv=3.749830 lam=0.0001 accD=0.9062
step=1768800 rec=0.011580 dis=0.066834 adv=4.080785 lam=0.0001 accD=1.0000
step=1769600 rec=0.011545 dis=0.098416 adv=3.874380 lam=0.0001 accD=1.0000
step=1770400 rec=0.013250 dis=0.143895 adv=4.497878 lam=0.0001 accD=0.9688
step=1771200 rec=0.010480 dis=0.181900 adv=4.205943 lam=0.0001 accD=0.9375
step=1772000 rec=0.011032 dis=0.270580 adv=4.150832 lam=0.0001 accD=0.9062
step=1772800 rec=0.012507 dis=0.207870 adv=4.155504 lam=0.0001 accD=0.9375
step=1773600 rec=0.013120 dis=0.377432 adv=3.947676 lam=0.0001 accD=0.8125
step=1774400 rec=0.011900 dis=0.168704 adv=4.301704 lam=0.0001 accD=0.9062
step=1775200 rec=0.013156 dis=0.215773 adv=4.418973 lam=0.0001 accD=0.9688
step=1776000 rec=0.011030 dis=0.157050 adv=3.886711 lam=0.0001 accD=0.9062
step=1776800 rec=0.010259 dis=0.370971 adv=3.786432 lam=0.0001 accD=0.8438
step=1777600 rec=0.010246 dis=0.166714 adv=4.679550 lam=0.0001 accD=0.9688
step=1778400 rec=0.011458 dis=0.210957 adv=4.302704 lam=0.0001 accD=0.9375
step=1779200 rec=0.010489 dis=0.266827 adv=4.265250 lam=0.0001 accD=0.8750
step=1780000 rec=0.011915 dis=0.261432 adv=3.429894 lam=0.0001 accD=0.8438
step=1780800 rec=0.011509 dis=0.418248 adv=3.820106 lam=0.0001 accD=0.8438
step=1781600 rec=0.012298 dis=0.154671 adv=4.654961 lam=0.0001 accD=0.9375
step=1782400 rec=0.011556 dis=0.304968 adv=3.831500 lam=0.0001 accD=0.9062
step=1783200 rec=0.011796 dis=0.295793 adv=4.095974 lam=0.0001 accD=0.8125
step=1784000 rec=0.010343 dis=0.140949 adv=4.389862 lam=0.0001 accD=0.9375
step=1784800 rec=0.009119 dis=0.435870 adv=3.272290 lam=0.0001 accD=0.8125
step=1785600 rec=0.010894 dis=0.305718 adv=3.608287 lam=0.0001 accD=0.9062
step=1786400 rec=0.011458 dis=0.257234 adv=3.955845 lam=0.0001 accD=0.9062
step=1787200 rec=0.013069 dis=0.212126 adv=4.503513 lam=0.0001 accD=0.9062
step=1788000 rec=0.011001 dis=0.177251 adv=3.927092 lam=0.0001 accD=0.9062
step=1788800 rec=0.010609 dis=0.343381 adv=4.372708 lam=0.0001 accD=0.9062
step=1789600 rec=0.012345 dis=0.322758 adv=3.558720 lam=0.0001 accD=0.8125
step=1790400 rec=0.009378 dis=0.194601 adv=3.949378 lam=0.0001 accD=0.9375
step=1791200 rec=0.013846 dis=0.152412 adv=4.280098 lam=0.0001 accD=0.9375
step=1792000 rec=0.012466 dis=0.143242 adv=4.314886 lam=0.0001 accD=0.9688
step=1792800 rec=0.010648 dis=0.084102 adv=4.433474 lam=0.0001 accD=0.9688
step=1793600 rec=0.011287 dis=0.220018 adv=3.900312 lam=0.0001 accD=0.8750
step=1794400 rec=0.012223 dis=0.207503 adv=4.954738 lam=0.0001 accD=0.9062
step=1795200 rec=0.010735 dis=0.104028 adv=4.080120 lam=0.0001 accD=0.9375
step=1796000 rec=0.011665 dis=0.226310 adv=3.879439 lam=0.0001 accD=0.9375
step=1796800 rec=0.012861 dis=0.309798 adv=3.601945 lam=0.0001 accD=0.8750
step=1797600 rec=0.011594 dis=0.453927 adv=3.439110 lam=0.0001 accD=0.8125
step=1798400 rec=0.010844 dis=0.175960 adv=4.429286 lam=0.0001 accD=0.9375
step=1799200 rec=0.010216 dis=0.232610 adv=3.767027 lam=0.0001 accD=0.9062
[VAL] epoch=35 val_rec=0.011115 time_min=1.9
step=1800000 rec=0.010715 dis=0.150030 adv=3.967750 lam=0.0001 accD=0.9688
step=1800800 rec=0.011637 dis=0.150573 adv=4.181615 lam=0.0001 accD=0.9375
step=1801600 rec=0.013706 dis=0.185530 adv=4.335676 lam=0.0001 accD=0.9375
step=1802400 rec=0.011214 dis=0.175790 adv=3.981618 lam=0.0001 accD=0.9375
step=1803200 rec=0.010772 dis=0.113329 adv=4.285924 lam=0.0001 accD=1.0000
step=1804000 rec=0.010630 dis=0.263766 adv=3.620332 lam=0.0001 accD=0.8750
step=1804800 rec=0.009785 dis=0.151867 adv=4.078596 lam=0.0001 accD=0.9688
step=1805600 rec=0.009026 dis=0.180168 adv=4.811658 lam=0.0001 accD=0.9375
step=1806400 rec=0.010954 dis=0.387014 adv=4.216999 lam=0.0001 accD=0.8750
step=1807200 rec=0.012400 dis=0.167968 adv=4.194092 lam=0.0001 accD=0.9062
step=1808000 rec=0.011663 dis=0.180084 adv=3.815180 lam=0.0001 accD=0.9062
step=1808800 rec=0.012911 dis=0.212063 adv=3.860794 lam=0.0001 accD=0.9062
step=1809600 rec=0.010794 dis=0.248727 adv=3.556266 lam=0.0001 accD=0.9375
step=1810400 rec=0.011878 dis=0.250972 adv=3.187603 lam=0.0001 accD=0.8750
step=1811200 rec=0.010848 dis=0.254764 adv=3.952454 lam=0.0001 accD=0.9062
step=1812000 rec=0.011071 dis=0.159552 adv=4.359490 lam=0.0001 accD=0.9688
step=1812800 rec=0.011396 dis=0.209393 adv=4.019952 lam=0.0001 accD=0.9375
step=1813600 rec=0.011393 dis=0.389129 adv=3.632861 lam=0.0001 accD=0.8438
step=1814400 rec=0.011426 dis=0.294787 adv=3.486401 lam=0.0001 accD=0.8438
step=1815200 rec=0.011383 dis=0.213979 adv=4.163749 lam=0.0001 accD=0.9688
step=1816000 rec=0.011350 dis=0.364583 adv=4.002659 lam=0.0001 accD=0.8438
step=1816800 rec=0.011647 dis=0.151201 adv=3.911904 lam=0.0001 accD=0.9688
step=1817600 rec=0.011040 dis=0.102480 adv=3.644907 lam=0.0001 accD=1.0000
step=1818400 rec=0.010032 dis=0.083593 adv=4.634269 lam=0.0001 accD=0.9688
step=1819200 rec=0.012661 dis=0.230889 adv=4.549278 lam=0.0001 accD=0.8750
step=1820000 rec=0.009354 dis=0.237659 adv=4.114326 lam=0.0001 accD=0.9062
step=1820800 rec=0.013385 dis=0.255855 adv=3.272079 lam=0.0001 accD=0.9375
step=1821600 rec=0.010481 dis=0.147851 adv=4.552810 lam=0.0001 accD=0.9375
step=1822400 rec=0.011661 dis=0.281302 adv=3.866584 lam=0.0001 accD=0.8750
step=1823200 rec=0.010477 dis=0.367901 adv=3.359113 lam=0.0001 accD=0.8438
step=1824000 rec=0.010467 dis=0.210661 adv=3.977739 lam=0.0001 accD=0.8750
step=1824800 rec=0.010125 dis=0.318908 adv=3.638774 lam=0.0001 accD=0.8750
step=1825600 rec=0.009729 dis=0.312250 adv=3.386491 lam=0.0001 accD=0.9062
step=1826400 rec=0.011363 dis=0.071169 adv=4.146992 lam=0.0001 accD=1.0000
step=1827200 rec=0.011483 dis=0.220532 adv=4.128803 lam=0.0001 accD=0.9062
step=1828000 rec=0.011669 dis=0.196181 adv=3.971317 lam=0.0001 accD=0.9375
step=1828800 rec=0.011794 dis=0.361139 adv=3.668758 lam=0.0001 accD=0.8438
step=1829600 rec=0.011404 dis=0.485684 adv=3.326095 lam=0.0001 accD=0.8125
step=1830400 rec=0.011086 dis=0.124725 adv=4.250433 lam=0.0001 accD=0.9688
step=1831200 rec=0.011571 dis=0.243219 adv=4.479608 lam=0.0001 accD=0.9062
step=1832000 rec=0.010552 dis=0.152750 adv=4.950734 lam=0.0001 accD=0.9375
step=1832800 rec=0.011630 dis=0.314113 adv=4.181373 lam=0.0001 accD=0.9062
step=1833600 rec=0.011587 dis=0.376241 adv=4.411027 lam=0.0001 accD=0.8438
step=1834400 rec=0.011065 dis=0.365222 adv=3.967144 lam=0.0001 accD=0.8438
step=1835200 rec=0.009874 dis=0.205243 adv=3.981188 lam=0.0001 accD=0.9375
step=1836000 rec=0.010359 dis=0.163629 adv=3.776161 lam=0.0001 accD=0.9375
step=1836800 rec=0.011996 dis=0.380652 adv=3.370256 lam=0.0001 accD=0.8750
step=1837600 rec=0.011360 dis=0.254885 adv=4.095858 lam=0.0001 accD=0.9375
step=1838400 rec=0.010457 dis=0.226447 adv=3.741832 lam=0.0001 accD=0.9062
step=1839200 rec=0.013344 dis=0.200386 adv=4.334921 lam=0.0001 accD=0.9062
step=1840000 rec=0.010617 dis=0.162549 adv=4.237307 lam=0.0001 accD=0.8750
step=1840800 rec=0.010622 dis=0.201318 adv=4.208052 lam=0.0001 accD=0.9062
step=1841600 rec=0.011056 dis=0.227341 adv=4.161529 lam=0.0001 accD=0.9062
step=1842400 rec=0.013539 dis=0.116823 adv=4.464047 lam=0.0001 accD=0.9375
step=1843200 rec=0.010221 dis=0.162741 adv=3.982131 lam=0.0001 accD=0.9375
step=1844000 rec=0.011460 dis=0.237814 adv=4.381156 lam=0.0001 accD=0.9062
step=1844800 rec=0.012810 dis=0.167645 adv=4.298104 lam=0.0001 accD=0.9062
step=1845600 rec=0.012455 dis=0.217507 adv=4.215235 lam=0.0001 accD=0.9062
step=1846400 rec=0.011848 dis=0.236883 adv=4.328800 lam=0.0001 accD=0.8438
step=1847200 rec=0.013061 dis=0.140325 adv=4.329397 lam=0.0001 accD=1.0000
step=1848000 rec=0.010330 dis=0.168614 adv=4.649877 lam=0.0001 accD=0.9062
step=1848800 rec=0.013117 dis=0.493322 adv=3.734030 lam=0.0001 accD=0.8438
[VAL] epoch=36 val_rec=0.010979 time_min=2.0
step=1849600 rec=0.012858 dis=0.151478 adv=4.204120 lam=0.0001 accD=0.9688
step=1850400 rec=0.013410 dis=0.153126 adv=4.400748 lam=0.0001 accD=0.9688
step=1851200 rec=0.011435 dis=0.136421 adv=4.212365 lam=0.0001 accD=0.9688
step=1852000 rec=0.010462 dis=0.272958 adv=3.458824 lam=0.0001 accD=0.8750
step=1852800 rec=0.012823 dis=0.275524 adv=3.658093 lam=0.0001 accD=0.8750
step=1853600 rec=0.009237 dis=0.247622 adv=4.393834 lam=0.0001 accD=0.9062
step=1854400 rec=0.011381 dis=0.439311 adv=4.620481 lam=0.0001 accD=0.8438
step=1855200 rec=0.011291 dis=0.271262 adv=3.812222 lam=0.0001 accD=0.8750
step=1856000 rec=0.011090 dis=0.203552 adv=4.785831 lam=0.0001 accD=0.9062
step=1856800 rec=0.010774 dis=0.180992 adv=3.907568 lam=0.0001 accD=0.9375
step=1857600 rec=0.009979 dis=0.258486 adv=3.928594 lam=0.0001 accD=0.9062
step=1858400 rec=0.010568 dis=0.254842 adv=3.666512 lam=0.0001 accD=0.8750
step=1859200 rec=0.010520 dis=0.290758 adv=4.008369 lam=0.0001 accD=0.9062
step=1860000 rec=0.010484 dis=0.199699 adv=4.158270 lam=0.0001 accD=0.9375
step=1860800 rec=0.011839 dis=0.225014 adv=3.933862 lam=0.0001 accD=0.8750
step=1861600 rec=0.010841 dis=0.275024 adv=4.319685 lam=0.0001 accD=0.8125
step=1862400 rec=0.011180 dis=0.176997 adv=3.279570 lam=0.0001 accD=0.9062
step=1863200 rec=0.012014 dis=0.091768 adv=4.374148 lam=0.0001 accD=1.0000
step=1864000 rec=0.012656 dis=0.117590 adv=4.837124 lam=0.0001 accD=0.9375
step=1864800 rec=0.012599 dis=0.168443 adv=4.890855 lam=0.0001 accD=0.9688
step=1865600 rec=0.009709 dis=0.263442 adv=3.825019 lam=0.0001 accD=0.9062
step=1866400 rec=0.012403 dis=0.293921 adv=3.969368 lam=0.0001 accD=0.8438
step=1867200 rec=0.012051 dis=0.501487 adv=3.667796 lam=0.0001 accD=0.8125
step=1868000 rec=0.010969 dis=0.185864 adv=4.335649 lam=0.0001 accD=0.9062
step=1868800 rec=0.010166 dis=0.170072 adv=4.184168 lam=0.0001 accD=0.9375
step=1869600 rec=0.010080 dis=0.159322 adv=4.125267 lam=0.0001 accD=0.9688
step=1870400 rec=0.013357 dis=0.309612 adv=3.444219 lam=0.0001 accD=0.9375
step=1871200 rec=0.010824 dis=0.127343 adv=4.225801 lam=0.0001 accD=0.9688
step=1872000 rec=0.010236 dis=0.299230 adv=4.008174 lam=0.0001 accD=0.8438
step=1872800 rec=0.010834 dis=0.365936 adv=4.380685 lam=0.0001 accD=0.8750
step=1873600 rec=0.011521 dis=0.205532 adv=3.950427 lam=0.0001 accD=0.9375
step=1874400 rec=0.008884 dis=0.137201 adv=3.652194 lam=0.0001 accD=1.0000
step=1875200 rec=0.011664 dis=0.301262 adv=4.283475 lam=0.0001 accD=0.8125
step=1876000 rec=0.011068 dis=0.272459 adv=4.222194 lam=0.0001 accD=0.8438
step=1876800 rec=0.010761 dis=0.392799 adv=3.594105 lam=0.0001 accD=0.8750
step=1877600 rec=0.011666 dis=0.208229 adv=3.998334 lam=0.0001 accD=0.9375
step=1878400 rec=0.011690 dis=0.214642 adv=4.137208 lam=0.0001 accD=0.9375
step=1879200 rec=0.011678 dis=0.262734 adv=3.794391 lam=0.0001 accD=0.9062
step=1880000 rec=0.013229 dis=0.148659 adv=4.113298 lam=0.0001 accD=0.9375
step=1880800 rec=0.012177 dis=0.218560 adv=4.397659 lam=0.0001 accD=0.9375
step=1881600 rec=0.009753 dis=0.194499 adv=3.750169 lam=0.0001 accD=0.8750
step=1882400 rec=0.012423 dis=0.145169 adv=4.483763 lam=0.0001 accD=0.9375
step=1883200 rec=0.011637 dis=0.105753 adv=4.512291 lam=0.0001 accD=0.9688
step=1884000 rec=0.012141 dis=0.300865 adv=3.579428 lam=0.0001 accD=0.8438
step=1884800 rec=0.010783 dis=0.149140 adv=3.851090 lam=0.0001 accD=0.9688
step=1885600 rec=0.011840 dis=0.260707 adv=3.994688 lam=0.0001 accD=0.8750
step=1886400 rec=0.011464 dis=0.118976 adv=4.308041 lam=0.0001 accD=0.9688
step=1887200 rec=0.009965 dis=0.372692 adv=3.492402 lam=0.0001 accD=0.8750
step=1888000 rec=0.014554 dis=0.218938 adv=3.741696 lam=0.0001 accD=0.8750
step=1888800 rec=0.011502 dis=0.167800 adv=4.318686 lam=0.0001 accD=0.9375
step=1889600 rec=0.010260 dis=0.287152 adv=3.950807 lam=0.0001 accD=0.8125
step=1890400 rec=0.010935 dis=0.250953 adv=4.047847 lam=0.0001 accD=0.8750
step=1891200 rec=0.011954 dis=0.081901 adv=5.028402 lam=0.0001 accD=0.9688
step=1892000 rec=0.010615 dis=0.205914 adv=4.349845 lam=0.0001 accD=0.9375
step=1892800 rec=0.012727 dis=0.316853 adv=3.957963 lam=0.0001 accD=0.8438
step=1893600 rec=0.011639 dis=0.193964 adv=4.080430 lam=0.0001 accD=0.8750
step=1894400 rec=0.010612 dis=0.194420 adv=4.339697 lam=0.0001 accD=0.9062
step=1895200 rec=0.010772 dis=0.257356 adv=4.365801 lam=0.0001 accD=0.8750
step=1896000 rec=0.010609 dis=0.118693 adv=4.267573 lam=0.0001 accD=1.0000
step=1896800 rec=0.010053 dis=0.149324 adv=4.708551 lam=0.0001 accD=0.9375
step=1897600 rec=0.011076 dis=0.241438 adv=4.001673 lam=0.0001 accD=0.9062
step=1898400 rec=0.013679 dis=0.219954 adv=3.909361 lam=0.0001 accD=0.9062
step=1899200 rec=0.010912 dis=0.143617 adv=4.451130 lam=0.0001 accD=0.9375
[VAL] epoch=37 val_rec=0.010948 time_min=1.9
step=1900000 rec=0.013299 dis=0.357713 adv=3.661449 lam=0.0001 accD=0.8125
step=1900800 rec=0.011841 dis=0.350092 adv=3.847631 lam=0.0001 accD=0.8438
step=1901600 rec=0.011569 dis=0.266727 adv=3.611697 lam=0.0001 accD=0.8750
step=1902400 rec=0.009262 dis=0.098976 adv=3.994925 lam=0.0001 accD=0.9688
step=1903200 rec=0.011247 dis=0.267923 adv=4.012674 lam=0.0001 accD=0.8750
step=1904000 rec=0.011327 dis=0.177569 adv=4.429077 lam=0.0001 accD=0.9688
step=1904800 rec=0.012911 dis=0.250857 adv=3.585962 lam=0.0001 accD=0.8438
step=1905600 rec=0.010853 dis=0.187656 adv=3.792184 lam=0.0001 accD=0.9062
step=1906400 rec=0.010877 dis=0.142824 adv=4.433695 lam=0.0001 accD=0.9688
step=1907200 rec=0.011893 dis=0.224804 adv=3.835931 lam=0.0001 accD=0.9062
step=1908000 rec=0.011218 dis=0.140022 adv=4.487998 lam=0.0001 accD=0.9375
step=1908800 rec=0.014255 dis=0.176845 adv=4.334427 lam=0.0001 accD=0.9062
step=1909600 rec=0.010497 dis=0.123737 adv=4.234436 lam=0.0001 accD=0.9688
step=1910400 rec=0.011483 dis=0.161057 adv=4.245004 lam=0.0001 accD=0.9375
step=1911200 rec=0.009424 dis=0.307382 adv=4.160909 lam=0.0001 accD=0.8438
step=1912000 rec=0.012327 dis=0.104951 adv=4.319820 lam=0.0001 accD=0.9688
step=1912800 rec=0.010088 dis=0.351070 adv=4.409989 lam=0.0001 accD=0.8750
step=1913600 rec=0.011499 dis=0.146875 adv=4.011678 lam=0.0001 accD=0.9688
step=1914400 rec=0.010168 dis=0.145558 adv=4.302230 lam=0.0001 accD=0.9062
step=1915200 rec=0.011968 dis=0.196337 adv=4.019610 lam=0.0001 accD=0.9375
step=1916000 rec=0.011819 dis=0.212516 adv=4.420734 lam=0.0001 accD=0.9375
step=1916800 rec=0.009360 dis=0.128286 adv=3.862300 lam=0.0001 accD=0.9375
step=1917600 rec=0.009742 dis=0.261995 adv=3.531477 lam=0.0001 accD=0.9062
step=1918400 rec=0.010309 dis=0.271410 adv=3.894444 lam=0.0001 accD=0.8438
step=1919200 rec=0.012430 dis=0.144923 adv=4.159406 lam=0.0001 accD=0.9375
step=1920000 rec=0.009888 dis=0.088421 adv=4.262685 lam=0.0001 accD=0.9688
step=1920800 rec=0.011740 dis=0.214901 adv=4.551666 lam=0.0001 accD=0.9062
step=1921600 rec=0.012596 dis=0.158075 adv=3.977773 lam=0.0001 accD=0.9062
step=1922400 rec=0.009807 dis=0.336024 adv=3.632810 lam=0.0001 accD=0.8125
step=1923200 rec=0.010752 dis=0.230413 adv=4.107297 lam=0.0001 accD=0.9375
step=1924000 rec=0.012159 dis=0.231148 adv=4.143122 lam=0.0001 accD=0.9062
step=1924800 rec=0.011254 dis=0.110301 adv=4.386346 lam=0.0001 accD=0.9688
step=1925600 rec=0.011276 dis=0.134096 adv=3.676323 lam=0.0001 accD=0.9688
step=1926400 rec=0.010288 dis=0.248296 adv=3.930778 lam=0.0001 accD=0.8438
step=1927200 rec=0.010134 dis=0.163657 adv=4.056368 lam=0.0001 accD=0.9688
step=1928000 rec=0.012762 dis=0.422040 adv=3.022986 lam=0.0001 accD=0.8125
step=1928800 rec=0.013157 dis=0.498246 adv=3.646671 lam=0.0001 accD=0.7812
step=1929600 rec=0.012282 dis=0.259854 adv=4.099461 lam=0.0001 accD=0.9062
step=1930400 rec=0.011246 dis=0.186176 adv=3.755177 lam=0.0001 accD=0.8750
step=1931200 rec=0.011496 dis=0.321809 adv=3.810071 lam=0.0001 accD=0.8438
step=1932000 rec=0.011193 dis=0.363670 adv=3.598990 lam=0.0001 accD=0.8125
step=1932800 rec=0.010652 dis=0.201442 adv=3.653042 lam=0.0001 accD=0.9688
step=1933600 rec=0.009572 dis=0.161459 adv=4.252080 lam=0.0001 accD=0.9688
step=1934400 rec=0.010724 dis=0.101912 adv=3.764744 lam=0.0001 accD=1.0000
step=1935200 rec=0.010955 dis=0.271507 adv=3.863789 lam=0.0001 accD=0.9375
step=1936000 rec=0.011047 dis=0.279460 adv=4.163884 lam=0.0001 accD=0.9062
step=1936800 rec=0.010935 dis=0.302543 adv=3.862545 lam=0.0001 accD=0.8125
step=1937600 rec=0.011835 dis=0.277519 adv=3.641437 lam=0.0001 accD=0.8750
step=1938400 rec=0.010707 dis=0.275443 adv=3.626195 lam=0.0001 accD=0.9375
step=1939200 rec=0.013034 dis=0.247793 adv=3.862481 lam=0.0001 accD=0.8438
step=1940000 rec=0.011663 dis=0.275751 adv=3.949493 lam=0.0001 accD=0.9062
step=1940800 rec=0.010318 dis=0.213495 adv=3.865402 lam=0.0001 accD=0.9062
step=1941600 rec=0.010802 dis=0.114721 adv=4.485960 lam=0.0001 accD=1.0000
step=1942400 rec=0.010249 dis=0.216463 adv=3.914347 lam=0.0001 accD=0.9062
step=1943200 rec=0.013480 dis=0.366129 adv=4.005176 lam=0.0001 accD=0.8438
step=1944000 rec=0.012812 dis=0.262625 adv=3.747484 lam=0.0001 accD=0.8438
step=1944800 rec=0.009126 dis=0.222911 adv=3.964864 lam=0.0001 accD=0.9062
step=1945600 rec=0.013226 dis=0.106621 adv=4.872237 lam=0.0001 accD=0.9688
step=1946400 rec=0.011445 dis=0.312352 adv=3.856480 lam=0.0001 accD=0.8750
step=1947200 rec=0.009679 dis=0.059774 adv=4.955938 lam=0.0001 accD=1.0000
step=1948000 rec=0.011499 dis=0.130331 adv=4.601655 lam=0.0001 accD=0.9688
step=1948800 rec=0.009876 dis=0.250419 adv=3.639252 lam=0.0001 accD=0.9062
[VAL] epoch=38 val_rec=0.010809 time_min=1.9
step=1949600 rec=0.010923 dis=0.343163 adv=3.288075 lam=0.0001 accD=0.8125
step=1950400 rec=0.010889 dis=0.362219 adv=3.020734 lam=0.0001 accD=0.8438
step=1951200 rec=0.009904 dis=0.096170 adv=3.876559 lam=0.0001 accD=0.9688
step=1952000 rec=0.010279 dis=0.167566 adv=4.070760 lam=0.0001 accD=0.9375
step=1952800 rec=0.014227 dis=0.206681 adv=3.994796 lam=0.0001 accD=0.9375
step=1953600 rec=0.010178 dis=0.046526 adv=5.010654 lam=0.0001 accD=1.0000
step=1954400 rec=0.011995 dis=0.127899 adv=4.398526 lam=0.0001 accD=0.9688
step=1955200 rec=0.010767 dis=0.306875 adv=3.974319 lam=0.0001 accD=0.7812
step=1956000 rec=0.011891 dis=0.149271 adv=3.512454 lam=0.0001 accD=0.9688
step=1956800 rec=0.012211 dis=0.491472 adv=3.408413 lam=0.0001 accD=0.8438
step=1957600 rec=0.010154 dis=0.097992 adv=4.391009 lam=0.0001 accD=1.0000
step=1958400 rec=0.010887 dis=0.105092 adv=4.503748 lam=0.0001 accD=0.9688
step=1959200 rec=0.011260 dis=0.106405 adv=4.222545 lam=0.0001 accD=0.9375
step=1960000 rec=0.010807 dis=0.344178 adv=3.616181 lam=0.0001 accD=0.9062
step=1960800 rec=0.010368 dis=0.105448 adv=4.141739 lam=0.0001 accD=0.9688
step=1961600 rec=0.011206 dis=0.239938 adv=4.011239 lam=0.0001 accD=0.8750
step=1962400 rec=0.011281 dis=0.174755 adv=3.890236 lam=0.0001 accD=0.9375
step=1963200 rec=0.010455 dis=0.216061 adv=4.079792 lam=0.0001 accD=0.9062
step=1964000 rec=0.010521 dis=0.225472 adv=4.084537 lam=0.0001 accD=0.9375
step=1964800 rec=0.010379 dis=0.100420 adv=4.748782 lam=0.0001 accD=0.9688
step=1965600 rec=0.010680 dis=0.215816 adv=3.824506 lam=0.0001 accD=0.9062
step=1966400 rec=0.012649 dis=0.174521 adv=3.805248 lam=0.0001 accD=0.9375
step=1967200 rec=0.013267 dis=0.103612 adv=4.570061 lam=0.0001 accD=0.9688
step=1968000 rec=0.010043 dis=0.212451 adv=4.282412 lam=0.0001 accD=0.8750
step=1968800 rec=0.011988 dis=0.101854 adv=4.806607 lam=0.0001 accD=0.9688
step=1969600 rec=0.009584 dis=0.220713 adv=3.830335 lam=0.0001 accD=0.9062
step=1970400 rec=0.010023 dis=0.202900 adv=4.189069 lam=0.0001 accD=0.9062
step=1971200 rec=0.012862 dis=0.131963 adv=4.459981 lam=0.0001 accD=0.9688
step=1972000 rec=0.011060 dis=0.245062 adv=4.154135 lam=0.0001 accD=0.8750
step=1972800 rec=0.011823 dis=0.234391 adv=3.930058 lam=0.0001 accD=0.9375
step=1973600 rec=0.012169 dis=0.227578 adv=3.764944 lam=0.0001 accD=0.8750
step=1974400 rec=0.010617 dis=0.113454 adv=4.549819 lam=0.0001 accD=0.9688
step=1975200 rec=0.010136 dis=0.183840 adv=3.749914 lam=0.0001 accD=0.9062
step=1976000 rec=0.012453 dis=0.226454 adv=3.781386 lam=0.0001 accD=0.9062
step=1976800 rec=0.011467 dis=0.365599 adv=3.766189 lam=0.0001 accD=0.8125
step=1977600 rec=0.009839 dis=0.162434 adv=4.054399 lam=0.0001 accD=0.9375
step=1978400 rec=0.010780 dis=0.280290 adv=4.426302 lam=0.0001 accD=0.9062
step=1979200 rec=0.009561 dis=0.300322 adv=3.457561 lam=0.0001 accD=0.8750
step=1980000 rec=0.008961 dis=0.056094 adv=4.821934 lam=0.0001 accD=1.0000
step=1980800 rec=0.010683 dis=0.156684 adv=4.348879 lam=0.0001 accD=0.9062
step=1981600 rec=0.010834 dis=0.270854 adv=3.819564 lam=0.0001 accD=0.8438
step=1982400 rec=0.011782 dis=0.259627 adv=3.540375 lam=0.0001 accD=0.9062
step=1983200 rec=0.010215 dis=0.322756 adv=3.417548 lam=0.0001 accD=0.9062
step=1984000 rec=0.009977 dis=0.172084 adv=3.897415 lam=0.0001 accD=0.9375
step=1984800 rec=0.012516 dis=0.317630 adv=3.390874 lam=0.0001 accD=0.8750
step=1985600 rec=0.013290 dis=0.289800 adv=3.511367 lam=0.0001 accD=0.8750
step=1986400 rec=0.011259 dis=0.254176 adv=4.575843 lam=0.0001 accD=0.8438
step=1987200 rec=0.012407 dis=0.225112 adv=3.843700 lam=0.0001 accD=0.9062
step=1988000 rec=0.012471 dis=0.145915 adv=4.449367 lam=0.0001 accD=0.9375
step=1988800 rec=0.010476 dis=0.256866 adv=4.454165 lam=0.0001 accD=0.8750
step=1989600 rec=0.011440 dis=0.325862 adv=3.698129 lam=0.0001 accD=0.8438
step=1990400 rec=0.011082 dis=0.103177 adv=4.196619 lam=0.0001 accD=0.9688
step=1991200 rec=0.009186 dis=0.262978 adv=4.041218 lam=0.0001 accD=0.9062
step=1992000 rec=0.011434 dis=0.119262 adv=4.447048 lam=0.0001 accD=0.9375
step=1992800 rec=0.010690 dis=0.282602 adv=3.656728 lam=0.0001 accD=0.9062
step=1993600 rec=0.010591 dis=0.224450 adv=4.446684 lam=0.0001 accD=0.9375
step=1994400 rec=0.010280 dis=0.150999 adv=4.612147 lam=0.0001 accD=0.9688
step=1995200 rec=0.010489 dis=0.261175 adv=3.764524 lam=0.0001 accD=0.8750
step=1996000 rec=0.010051 dis=0.218794 adv=3.886096 lam=0.0001 accD=0.8750
step=1996800 rec=0.010378 dis=0.272968 adv=3.931441 lam=0.0001 accD=0.8750
step=1997600 rec=0.012225 dis=0.211795 adv=4.160171 lam=0.0001 accD=0.9375
step=1998400 rec=0.009421 dis=0.335805 adv=3.885049 lam=0.0001 accD=0.8750
step=1999200 rec=0.010956 dis=0.201833 adv=4.295253 lam=0.0001 accD=0.9375
[VAL] epoch=39 val_rec=0.010615 time_min=1.9
step=2000000 rec=0.010341 dis=0.134022 adv=4.272506 lam=0.0001 accD=0.9375
step=2000800 rec=0.012221 dis=0.102550 adv=4.216156 lam=0.0001 accD=1.0000
step=2001600 rec=0.009347 dis=0.178665 adv=3.962153 lam=0.0001 accD=0.9375
step=2002400 rec=0.011307 dis=0.130717 adv=4.132007 lam=0.0001 accD=0.9688
step=2003200 rec=0.012206 dis=0.204628 adv=4.087815 lam=0.0001 accD=0.9062
step=2004000 rec=0.010608 dis=0.286136 adv=3.913465 lam=0.0001 accD=0.8750
step=2004800 rec=0.011729 dis=0.093460 adv=4.239956 lam=0.0001 accD=1.0000
step=2005600 rec=0.011472 dis=0.243066 adv=3.723990 lam=0.0001 accD=0.8750
step=2006400 rec=0.009784 dis=0.167550 adv=4.549967 lam=0.0001 accD=0.9375
step=2007200 rec=0.011218 dis=0.284852 adv=4.490798 lam=0.0001 accD=0.8750
step=2008000 rec=0.010472 dis=0.284202 adv=3.930619 lam=0.0001 accD=0.8750
step=2008800 rec=0.010685 dis=0.312306 adv=3.673586 lam=0.0001 accD=0.8438
step=2009600 rec=0.010996 dis=0.150719 adv=4.234486 lam=0.0001 accD=0.9062
step=2010400 rec=0.009747 dis=0.147328 adv=4.238556 lam=0.0001 accD=0.9688
step=2011200 rec=0.012316 dis=0.292902 adv=3.350946 lam=0.0001 accD=0.8125
step=2012000 rec=0.010128 dis=0.126408 adv=4.271709 lam=0.0001 accD=0.9375
step=2012800 rec=0.010603 dis=0.194383 adv=4.663360 lam=0.0001 accD=0.9062
step=2013600 rec=0.010151 dis=0.405991 adv=3.937748 lam=0.0001 accD=0.7188
step=2014400 rec=0.010214 dis=0.120793 adv=4.982728 lam=0.0001 accD=0.9375
step=2015200 rec=0.011123 dis=0.091226 adv=4.751040 lam=0.0001 accD=0.9375
step=2016000 rec=0.011386 dis=0.186216 adv=4.402008 lam=0.0001 accD=0.9688
step=2016800 rec=0.009745 dis=0.187507 adv=4.449538 lam=0.0001 accD=0.8750
step=2017600 rec=0.010821 dis=0.144876 adv=4.020115 lam=0.0001 accD=0.9062
step=2018400 rec=0.010463 dis=0.277103 adv=3.928568 lam=0.0001 accD=0.8438
step=2019200 rec=0.009754 dis=0.148754 adv=4.571154 lam=0.0001 accD=0.9688
step=2020000 rec=0.009619 dis=0.094528 adv=4.690799 lam=0.0001 accD=0.9688
step=2020800 rec=0.011287 dis=0.239597 adv=4.539285 lam=0.0001 accD=0.9375
step=2021600 rec=0.014147 dis=0.150777 adv=4.513684 lam=0.0001 accD=0.9375
step=2022400 rec=0.011221 dis=0.079212 adv=4.016550 lam=0.0001 accD=1.0000
step=2023200 rec=0.010181 dis=0.208262 adv=4.076444 lam=0.0001 accD=0.9375
step=2024000 rec=0.010893 dis=0.231165 adv=3.844790 lam=0.0001 accD=0.9062
step=2024800 rec=0.010210 dis=0.213615 adv=4.646769 lam=0.0001 accD=0.9062
step=2025600 rec=0.011166 dis=0.307872 adv=4.118947 lam=0.0001 accD=0.8125
step=2026400 rec=0.011486 dis=0.192984 adv=3.915132 lam=0.0001 accD=0.9375
step=2027200 rec=0.010530 dis=0.174362 adv=4.426669 lam=0.0001 accD=0.9375
step=2028000 rec=0.012105 dis=0.210024 adv=3.916374 lam=0.0001 accD=0.9062
step=2028800 rec=0.011077 dis=0.233984 adv=4.080289 lam=0.0001 accD=0.9375
step=2029600 rec=0.012113 dis=0.235110 adv=4.519918 lam=0.0001 accD=0.9375
step=2030400 rec=0.010651 dis=0.208044 adv=3.869074 lam=0.0001 accD=0.9375
step=2031200 rec=0.010347 dis=0.228516 adv=3.538826 lam=0.0001 accD=0.9062
step=2032000 rec=0.009676 dis=0.360265 adv=3.824888 lam=0.0001 accD=0.8750
step=2032800 rec=0.011242 dis=0.293075 adv=4.306981 lam=0.0001 accD=0.8438
step=2033600 rec=0.009207 dis=0.201545 adv=3.980786 lam=0.0001 accD=0.9062
step=2034400 rec=0.010938 dis=0.106176 adv=5.093938 lam=0.0001 accD=1.0000
step=2035200 rec=0.010058 dis=0.274766 adv=3.345386 lam=0.0001 accD=0.8438
step=2036000 rec=0.009363 dis=0.237237 adv=4.466532 lam=0.0001 accD=0.9375
step=2036800 rec=0.010338 dis=0.152859 adv=4.549315 lam=0.0001 accD=0.9688
step=2037600 rec=0.011838 dis=0.262641 adv=4.353172 lam=0.0001 accD=0.8750
step=2038400 rec=0.011330 dis=0.446050 adv=3.399100 lam=0.0001 accD=0.8438
step=2039200 rec=0.009110 dis=0.152586 adv=4.571507 lam=0.0001 accD=0.9375
step=2040000 rec=0.012164 dis=0.200624 adv=3.971927 lam=0.0001 accD=0.9062
step=2040800 rec=0.009457 dis=0.111297 adv=4.306282 lam=0.0001 accD=0.9688
step=2041600 rec=0.012341 dis=0.253557 adv=4.105067 lam=0.0001 accD=0.8750
step=2042400 rec=0.008950 dis=0.304089 adv=3.742991 lam=0.0001 accD=0.8750
step=2043200 rec=0.011751 dis=0.219907 adv=4.036997 lam=0.0001 accD=0.9062
step=2044000 rec=0.014172 dis=0.212817 adv=4.665496 lam=0.0001 accD=0.9062
step=2044800 rec=0.010491 dis=0.304842 adv=4.499834 lam=0.0001 accD=0.8750
step=2045600 rec=0.010920 dis=0.061234 adv=4.807028 lam=0.0001 accD=1.0000
step=2046400 rec=0.011424 dis=0.262117 adv=4.204470 lam=0.0001 accD=0.8750
step=2047200 rec=0.009444 dis=0.213186 adv=4.011234 lam=0.0001 accD=0.9062
step=2048000 rec=0.010921 dis=0.243770 adv=3.786530 lam=0.0001 accD=0.9375
step=2048800 rec=0.010489 dis=0.160236 adv=4.562972 lam=0.0001 accD=0.9688
[VAL] epoch=40 val_rec=0.011027 time_min=1.9
step=2049600 rec=0.010400 dis=0.174534 adv=3.897707 lam=0.0001 accD=0.8750
step=2050400 rec=0.011314 dis=0.143043 adv=4.725651 lam=0.0001 accD=0.9688
step=2051200 rec=0.012637 dis=0.210026 adv=3.863553 lam=0.0001 accD=0.8750
step=2052000 rec=0.009346 dis=0.242731 adv=4.052813 lam=0.0001 accD=0.9062
step=2052800 rec=0.010113 dis=0.350819 adv=4.166947 lam=0.0001 accD=0.9375
step=2053600 rec=0.010277 dis=0.187541 adv=4.318131 lam=0.0001 accD=0.8750
step=2054400 rec=0.011092 dis=0.223963 adv=3.621582 lam=0.0001 accD=0.9062
step=2055200 rec=0.010288 dis=0.119201 adv=3.890834 lam=0.0001 accD=0.9688
step=2056000 rec=0.010356 dis=0.284121 adv=3.211076 lam=0.0001 accD=0.9062
step=2056800 rec=0.011323 dis=0.140556 adv=4.615288 lam=0.0001 accD=0.9375
step=2057600 rec=0.011670 dis=0.347105 adv=3.398724 lam=0.0001 accD=0.8438
step=2058400 rec=0.010391 dis=0.242543 adv=4.317454 lam=0.0001 accD=0.8750
step=2059200 rec=0.010889 dis=0.297359 adv=3.931753 lam=0.0001 accD=0.9062
step=2060000 rec=0.009875 dis=0.140084 adv=3.752592 lam=0.0001 accD=0.9688
step=2060800 rec=0.012465 dis=0.090613 adv=3.851836 lam=0.0001 accD=1.0000
step=2061600 rec=0.010017 dis=0.272583 adv=4.075984 lam=0.0001 accD=0.8750
step=2062400 rec=0.013788 dis=0.142765 adv=4.052359 lam=0.0001 accD=0.9375
step=2063200 rec=0.010050 dis=0.095275 adv=4.497954 lam=0.0001 accD=1.0000
step=2064000 rec=0.010197 dis=0.126901 adv=4.879589 lam=0.0001 accD=0.9688
step=2064800 rec=0.013711 dis=0.152145 adv=4.427552 lam=0.0001 accD=0.9062
step=2065600 rec=0.011474 dis=0.287410 adv=3.892388 lam=0.0001 accD=0.8438
step=2066400 rec=0.012840 dis=0.140662 adv=4.097220 lam=0.0001 accD=0.9375
step=2067200 rec=0.011116 dis=0.150670 adv=4.810659 lam=0.0001 accD=0.9062
step=2068000 rec=0.010843 dis=0.334432 adv=3.759180 lam=0.0001 accD=0.9062
step=2068800 rec=0.011240 dis=0.355278 adv=4.251274 lam=0.0001 accD=0.7812
step=2069600 rec=0.010166 dis=0.262034 adv=4.014455 lam=0.0001 accD=0.8750
step=2070400 rec=0.010693 dis=0.292646 adv=4.528807 lam=0.0001 accD=0.8750
step=2071200 rec=0.011265 dis=0.213992 adv=3.981926 lam=0.0001 accD=0.9062
step=2072000 rec=0.010677 dis=0.127029 adv=4.554455 lam=0.0001 accD=0.9375
step=2072800 rec=0.011419 dis=0.227811 adv=3.505563 lam=0.0001 accD=0.9062
step=2073600 rec=0.012035 dis=0.097145 adv=4.990435 lam=0.0001 accD=0.9375
step=2074400 rec=0.009059 dis=0.102507 adv=4.221319 lam=0.0001 accD=1.0000
step=2075200 rec=0.011010 dis=0.144511 adv=4.295969 lam=0.0001 accD=0.9688
step=2076000 rec=0.009474 dis=0.287918 adv=4.044528 lam=0.0001 accD=0.8750
step=2076800 rec=0.011613 dis=0.089352 adv=4.160926 lam=0.0001 accD=1.0000
step=2077600 rec=0.012279 dis=0.347056 adv=3.969738 lam=0.0001 accD=0.8438
step=2078400 rec=0.010753 dis=0.121266 adv=4.090777 lam=0.0001 accD=0.9688
step=2079200 rec=0.010510 dis=0.288938 adv=3.865975 lam=0.0001 accD=0.8750
step=2080000 rec=0.012828 dis=0.082468 adv=4.761420 lam=0.0001 accD=1.0000
step=2080800 rec=0.010881 dis=0.094060 adv=3.997654 lam=0.0001 accD=1.0000
step=2081600 rec=0.009707 dis=0.439758 adv=4.340086 lam=0.0001 accD=0.7812
step=2082400 rec=0.010687 dis=0.066553 adv=4.820068 lam=0.0001 accD=1.0000
step=2083200 rec=0.010763 dis=0.168181 adv=4.466795 lam=0.0001 accD=0.9062
step=2084000 rec=0.012548 dis=0.360388 adv=3.604853 lam=0.0001 accD=0.8750
step=2084800 rec=0.009512 dis=0.107338 adv=4.695885 lam=0.0001 accD=0.9688
step=2085600 rec=0.011939 dis=0.137193 adv=4.898087 lam=0.0001 accD=0.9688
step=2086400 rec=0.009870 dis=0.090522 adv=3.572473 lam=0.0001 accD=1.0000
step=2087200 rec=0.009854 dis=0.130133 adv=4.203127 lam=0.0001 accD=0.9688
step=2088000 rec=0.009428 dis=0.177146 adv=4.349328 lam=0.0001 accD=0.9375
step=2088800 rec=0.011346 dis=0.192023 adv=3.754602 lam=0.0001 accD=0.8750
step=2089600 rec=0.010037 dis=0.222785 adv=4.013464 lam=0.0001 accD=0.8750
step=2090400 rec=0.012318 dis=0.412835 adv=3.575925 lam=0.0001 accD=0.8438
step=2091200 rec=0.010348 dis=0.224421 adv=4.397513 lam=0.0001 accD=0.9062
step=2092000 rec=0.009725 dis=0.193954 adv=3.827276 lam=0.0001 accD=0.9062
step=2092800 rec=0.010626 dis=0.274754 adv=3.808968 lam=0.0001 accD=0.9062
step=2093600 rec=0.011724 dis=0.263216 adv=4.060468 lam=0.0001 accD=0.8750
step=2094400 rec=0.010458 dis=0.216593 adv=4.776614 lam=0.0001 accD=0.9688
step=2095200 rec=0.009900 dis=0.143369 adv=4.738753 lam=0.0001 accD=0.9688
step=2096000 rec=0.011881 dis=0.204141 adv=4.325973 lam=0.0001 accD=0.9062
step=2096800 rec=0.011340 dis=0.441980 adv=3.344254 lam=0.0001 accD=0.8125
step=2097600 rec=0.010457 dis=0.172961 adv=4.059092 lam=0.0001 accD=0.9062
step=2098400 rec=0.010365 dis=0.182505 adv=4.467078 lam=0.0001 accD=0.9062
step=2099200 rec=0.011094 dis=0.127020 adv=4.100753 lam=0.0001 accD=0.9688
[VAL] epoch=41 val_rec=0.010388 time_min=1.9
step=2100000 rec=0.009751 dis=0.235467 adv=3.874571 lam=0.0001 accD=0.9688
step=2100800 rec=0.012178 dis=0.219918 adv=4.191734 lam=0.0001 accD=0.9062
step=2101600 rec=0.010264 dis=0.183187 adv=3.930162 lam=0.0001 accD=0.9375
step=2102400 rec=0.009360 dis=0.244410 adv=4.257612 lam=0.0001 accD=0.8750
step=2103200 rec=0.010882 dis=0.283931 adv=3.609081 lam=0.0001 accD=0.8750
step=2104000 rec=0.012008 dis=0.304490 adv=4.250913 lam=0.0001 accD=0.9062
step=2104800 rec=0.011753 dis=0.208518 adv=3.836973 lam=0.0001 accD=0.9375
step=2105600 rec=0.010690 dis=0.324393 adv=3.478441 lam=0.0001 accD=0.8438
step=2106400 rec=0.011384 dis=0.212165 adv=4.161002 lam=0.0001 accD=0.9062
step=2107200 rec=0.010637 dis=0.264099 adv=4.053813 lam=0.0001 accD=0.8750
step=2108000 rec=0.011259 dis=0.152356 adv=4.006647 lam=0.0001 accD=0.8750
step=2108800 rec=0.009679 dis=0.053273 adv=4.580750 lam=0.0001 accD=1.0000
step=2109600 rec=0.010882 dis=0.309805 adv=4.322103 lam=0.0001 accD=0.9375
step=2110400 rec=0.010890 dis=0.249945 adv=4.083478 lam=0.0001 accD=0.9062
step=2111200 rec=0.009310 dis=0.260805 adv=4.006628 lam=0.0001 accD=0.8750
step=2112000 rec=0.009993 dis=0.250899 adv=4.385552 lam=0.0001 accD=0.9375
step=2112800 rec=0.010144 dis=0.201112 adv=3.963268 lam=0.0001 accD=0.8750
step=2113600 rec=0.011646 dis=0.077538 adv=4.250351 lam=0.0001 accD=1.0000
step=2114400 rec=0.011190 dis=0.224820 adv=4.052826 lam=0.0001 accD=0.9062
step=2115200 rec=0.010353 dis=0.234202 adv=3.961065 lam=0.0001 accD=0.9062
step=2116000 rec=0.010588 dis=0.144595 adv=3.634800 lam=0.0001 accD=0.9688
step=2116800 rec=0.008881 dis=0.149212 adv=3.977946 lam=0.0001 accD=0.9375
step=2117600 rec=0.013679 dis=0.248856 adv=3.509680 lam=0.0001 accD=0.8750
step=2118400 rec=0.009187 dis=0.214630 adv=4.339890 lam=0.0001 accD=0.8750
step=2119200 rec=0.009971 dis=0.108935 adv=4.137411 lam=0.0001 accD=0.9688
step=2120000 rec=0.009594 dis=0.212331 adv=3.919697 lam=0.0001 accD=0.9062
step=2120800 rec=0.011323 dis=0.245411 adv=3.835282 lam=0.0001 accD=0.8750
step=2121600 rec=0.011009 dis=0.093821 adv=4.507379 lam=0.0001 accD=0.9688
step=2122400 rec=0.011510 dis=0.239075 adv=4.226519 lam=0.0001 accD=0.8750
step=2123200 rec=0.011131 dis=0.153663 adv=4.381267 lam=0.0001 accD=0.9688
step=2124000 rec=0.010454 dis=0.293440 adv=3.911154 lam=0.0001 accD=0.9062
step=2124800 rec=0.010297 dis=0.161026 adv=4.116694 lam=0.0001 accD=0.9375
step=2125600 rec=0.010241 dis=0.213622 adv=4.019975 lam=0.0001 accD=0.9062
step=2126400 rec=0.010739 dis=0.203843 adv=4.597968 lam=0.0001 accD=0.9062
step=2127200 rec=0.009898 dis=0.162581 adv=4.381895 lam=0.0001 accD=0.9062
step=2128000 rec=0.012659 dis=0.296641 adv=4.219931 lam=0.0001 accD=0.9062
step=2128800 rec=0.010258 dis=0.214401 adv=4.646237 lam=0.0001 accD=0.9375
step=2129600 rec=0.012004 dis=0.256114 adv=3.978142 lam=0.0001 accD=0.8438
step=2130400 rec=0.010636 dis=0.269422 adv=4.204635 lam=0.0001 accD=0.8750
step=2131200 rec=0.011207 dis=0.218848 adv=4.359667 lam=0.0001 accD=0.9062
step=2132000 rec=0.009990 dis=0.231808 adv=3.836334 lam=0.0001 accD=0.9062
step=2132800 rec=0.011175 dis=0.179651 adv=4.134429 lam=0.0001 accD=0.9375
step=2133600 rec=0.010390 dis=0.173199 adv=4.381049 lam=0.0001 accD=0.9688
step=2134400 rec=0.010664 dis=0.281051 adv=3.729042 lam=0.0001 accD=0.8438
step=2135200 rec=0.010424 dis=0.293577 adv=3.721801 lam=0.0001 accD=0.8750
step=2136000 rec=0.009638 dis=0.198117 adv=3.706365 lam=0.0001 accD=0.9062
step=2136800 rec=0.010764 dis=0.092093 adv=4.196877 lam=0.0001 accD=0.9688
step=2137600 rec=0.009036 dis=0.161560 adv=3.915056 lam=0.0001 accD=0.9375
step=2138400 rec=0.009775 dis=0.263103 adv=4.293344 lam=0.0001 accD=0.8438
step=2139200 rec=0.011332 dis=0.264353 adv=4.434074 lam=0.0001 accD=0.8750
step=2140000 rec=0.008899 dis=0.068529 adv=4.695631 lam=0.0001 accD=1.0000
step=2140800 rec=0.012305 dis=0.179257 adv=4.347970 lam=0.0001 accD=0.9375
step=2141600 rec=0.010886 dis=0.218206 adv=4.334140 lam=0.0001 accD=0.8750
step=2142400 rec=0.011997 dis=0.287688 adv=3.646851 lam=0.0001 accD=0.8438
step=2143200 rec=0.010362 dis=0.278676 adv=4.129526 lam=0.0001 accD=0.8750
step=2144000 rec=0.011727 dis=0.291732 adv=3.866183 lam=0.0001 accD=0.8750
step=2144800 rec=0.011923 dis=0.106891 adv=4.865120 lam=0.0001 accD=0.9688
step=2145600 rec=0.009094 dis=0.150770 adv=4.402957 lam=0.0001 accD=0.9375
step=2146400 rec=0.010434 dis=0.297951 adv=4.269947 lam=0.0001 accD=0.8438
step=2147200 rec=0.011126 dis=0.191779 adv=3.949959 lam=0.0001 accD=0.9062
step=2148000 rec=0.010270 dis=0.180821 adv=4.652453 lam=0.0001 accD=0.9375
step=2148800 rec=0.009949 dis=0.275827 adv=4.171311 lam=0.0001 accD=0.9375
[VAL] epoch=42 val_rec=0.010279 time_min=1.9
step=2149600 rec=0.010157 dis=0.087809 adv=3.852172 lam=0.0001 accD=1.0000
step=2150400 rec=0.009582 dis=0.117040 adv=4.162468 lam=0.0001 accD=1.0000
step=2151200 rec=0.010523 dis=0.170078 adv=3.546622 lam=0.0001 accD=0.9375
step=2152000 rec=0.011479 dis=0.146353 adv=4.349033 lam=0.0001 accD=0.9688
step=2152800 rec=0.011214 dis=0.126135 adv=4.234350 lam=0.0001 accD=0.9375
step=2153600 rec=0.009579 dis=0.263309 adv=4.130639 lam=0.0001 accD=0.8750
step=2154400 rec=0.010059 dis=0.251481 adv=3.874247 lam=0.0001 accD=0.8438
step=2155200 rec=0.011243 dis=0.222617 adv=4.731238 lam=0.0001 accD=0.9062
step=2156000 rec=0.010427 dis=0.148311 adv=4.286701 lam=0.0001 accD=0.9688
step=2156800 rec=0.011052 dis=0.149967 adv=4.141424 lam=0.0001 accD=0.9375
step=2157600 rec=0.010781 dis=0.195442 adv=4.328844 lam=0.0001 accD=0.9062
step=2158400 rec=0.011134 dis=0.102773 adv=4.271637 lam=0.0001 accD=0.9688
step=2159200 rec=0.009758 dis=0.213885 adv=3.947462 lam=0.0001 accD=0.8750
step=2160000 rec=0.010112 dis=0.268545 adv=3.866278 lam=0.0001 accD=0.8750
step=2160800 rec=0.010788 dis=0.066681 adv=4.679896 lam=0.0001 accD=1.0000
step=2161600 rec=0.011167 dis=0.162811 adv=4.116586 lam=0.0001 accD=0.9375
step=2162400 rec=0.009782 dis=0.098138 adv=3.940794 lam=0.0001 accD=1.0000
step=2163200 rec=0.011374 dis=0.373739 adv=4.116878 lam=0.0001 accD=0.8438
step=2164000 rec=0.011391 dis=0.097713 adv=4.493775 lam=0.0001 accD=0.9688
step=2164800 rec=0.011234 dis=0.272550 adv=3.769944 lam=0.0001 accD=0.9375
step=2165600 rec=0.010572 dis=0.283035 adv=3.998879 lam=0.0001 accD=0.8438
step=2166400 rec=0.009689 dis=0.190469 adv=4.373348 lam=0.0001 accD=0.9062
step=2167200 rec=0.010274 dis=0.135049 adv=4.446300 lam=0.0001 accD=0.9375
step=2168000 rec=0.009710 dis=0.129211 adv=4.317001 lam=0.0001 accD=0.9375
step=2168800 rec=0.010375 dis=0.205040 adv=3.870641 lam=0.0001 accD=0.8750
step=2169600 rec=0.011639 dis=0.394998 adv=3.795411 lam=0.0001 accD=0.8750
step=2170400 rec=0.009752 dis=0.147020 adv=4.535124 lam=0.0001 accD=0.9375
step=2171200 rec=0.010297 dis=0.115255 adv=4.860166 lam=0.0001 accD=0.9375
step=2172000 rec=0.012011 dis=0.229693 adv=3.774271 lam=0.0001 accD=0.8750
step=2172800 rec=0.011525 dis=0.269989 adv=4.261274 lam=0.0001 accD=0.8750
step=2173600 rec=0.013184 dis=0.079222 adv=5.112577 lam=0.0001 accD=0.9375
step=2174400 rec=0.013318 dis=0.068837 adv=4.255129 lam=0.0001 accD=0.9688
step=2175200 rec=0.011243 dis=0.119658 adv=4.584605 lam=0.0001 accD=0.9688
step=2176000 rec=0.012242 dis=0.238414 adv=3.797237 lam=0.0001 accD=0.9062
step=2176800 rec=0.009176 dis=0.293177 adv=3.680003 lam=0.0001 accD=0.8750
step=2177600 rec=0.009148 dis=0.054392 adv=4.546579 lam=0.0001 accD=1.0000
step=2178400 rec=0.010452 dis=0.348884 adv=3.738490 lam=0.0001 accD=0.8438
step=2179200 rec=0.011156 dis=0.371817 adv=3.950028 lam=0.0001 accD=0.8750
step=2180000 rec=0.010860 dis=0.212506 adv=4.331920 lam=0.0001 accD=0.9062
step=2180800 rec=0.009959 dis=0.179359 adv=4.196141 lam=0.0001 accD=0.9375
step=2181600 rec=0.010859 dis=0.143951 adv=4.722597 lam=0.0001 accD=0.9375
step=2182400 rec=0.012012 dis=0.092374 adv=4.382367 lam=0.0001 accD=0.9688
step=2183200 rec=0.010135 dis=0.163923 adv=3.975767 lam=0.0001 accD=0.9375
step=2184000 rec=0.008108 dis=0.159357 adv=4.114631 lam=0.0001 accD=0.9062
step=2184800 rec=0.010458 dis=0.233582 adv=4.873123 lam=0.0001 accD=0.8750
step=2185600 rec=0.012315 dis=0.289585 adv=3.602434 lam=0.0001 accD=0.8750
step=2186400 rec=0.010872 dis=0.255501 adv=4.541343 lam=0.0001 accD=0.9375
step=2187200 rec=0.010465 dis=0.377347 adv=3.204032 lam=0.0001 accD=0.8438
step=2188000 rec=0.011313 dis=0.092538 adv=4.588909 lam=0.0001 accD=0.9375
step=2188800 rec=0.011136 dis=0.179933 adv=3.895844 lam=0.0001 accD=0.9375
step=2189600 rec=0.010969 dis=0.292332 adv=4.405428 lam=0.0001 accD=0.8438
step=2190400 rec=0.011075 dis=0.174388 adv=4.174799 lam=0.0001 accD=0.9375
step=2191200 rec=0.010690 dis=0.135941 adv=3.889893 lam=0.0001 accD=0.9688
step=2192000 rec=0.010194 dis=0.211248 adv=4.206468 lam=0.0001 accD=0.9062
step=2192800 rec=0.011130 dis=0.189345 adv=4.017742 lam=0.0001 accD=0.9062
step=2193600 rec=0.010888 dis=0.171934 adv=4.104677 lam=0.0001 accD=0.9062
step=2194400 rec=0.012028 dis=0.362322 adv=3.647185 lam=0.0001 accD=0.8125
step=2195200 rec=0.010173 dis=0.140412 adv=4.102826 lam=0.0001 accD=0.9688
step=2196000 rec=0.010866 dis=0.250787 adv=5.083729 lam=0.0001 accD=0.9375
step=2196800 rec=0.009779 dis=0.176382 adv=4.054873 lam=0.0001 accD=0.9688
step=2197600 rec=0.009896 dis=0.390686 adv=3.803827 lam=0.0001 accD=0.8438
step=2198400 rec=0.009294 dis=0.228521 adv=4.313611 lam=0.0001 accD=0.9062
step=2199200 rec=0.011560 dis=0.125320 adv=4.803111 lam=0.0001 accD=0.9375
[VAL] epoch=43 val_rec=0.010321 time_min=2.0
step=2200000 rec=0.009370 dis=0.056883 adv=4.721222 lam=0.0001 accD=1.0000
step=2200800 rec=0.010873 dis=0.100553 adv=4.734010 lam=0.0001 accD=0.9688
step=2201600 rec=0.011870 dis=0.301603 adv=4.208294 lam=0.0001 accD=0.8438
step=2202400 rec=0.010083 dis=0.295624 adv=4.097860 lam=0.0001 accD=0.9375
step=2203200 rec=0.010389 dis=0.148517 adv=3.962141 lam=0.0001 accD=0.9688
step=2204000 rec=0.009143 dis=0.057775 adv=4.871799 lam=0.0001 accD=1.0000
step=2204800 rec=0.011939 dis=0.342199 adv=4.043448 lam=0.0001 accD=0.8438
step=2205600 rec=0.013076 dis=0.181804 adv=4.059815 lam=0.0001 accD=0.9375
step=2206400 rec=0.011357 dis=0.141017 adv=4.987218 lam=0.0001 accD=0.9375
step=2207200 rec=0.010261 dis=0.111480 adv=4.294745 lam=0.0001 accD=0.9375
step=2208000 rec=0.009060 dis=0.293180 adv=4.042411 lam=0.0001 accD=0.8750
step=2208800 rec=0.011479 dis=0.104185 adv=4.305281 lam=0.0001 accD=0.9688
step=2209600 rec=0.010646 dis=0.301328 adv=3.667429 lam=0.0001 accD=0.8750
step=2210400 rec=0.009903 dis=0.192038 adv=4.600956 lam=0.0001 accD=0.9062
step=2211200 rec=0.009970 dis=0.295392 adv=4.257737 lam=0.0001 accD=0.8750
step=2212000 rec=0.010893 dis=0.294308 adv=3.927535 lam=0.0001 accD=0.9062
step=2212800 rec=0.010071 dis=0.131529 adv=4.501693 lam=0.0001 accD=0.9375
step=2213600 rec=0.011442 dis=0.371748 adv=4.003798 lam=0.0001 accD=0.8125
step=2214400 rec=0.009876 dis=0.150098 adv=3.981484 lam=0.0001 accD=1.0000
step=2215200 rec=0.009402 dis=0.164774 adv=3.715384 lam=0.0001 accD=0.9688
step=2216000 rec=0.009114 dis=0.267428 adv=3.491094 lam=0.0001 accD=0.8750
step=2216800 rec=0.010032 dis=0.217471 adv=3.907697 lam=0.0001 accD=0.9375
step=2217600 rec=0.010637 dis=0.189988 adv=4.439556 lam=0.0001 accD=0.9062
step=2218400 rec=0.011829 dis=0.194228 adv=4.535039 lam=0.0001 accD=0.9688
step=2219200 rec=0.010651 dis=0.373294 adv=4.153843 lam=0.0001 accD=0.8438
step=2220000 rec=0.010140 dis=0.152497 adv=4.680999 lam=0.0001 accD=0.9375
step=2220800 rec=0.010707 dis=0.403256 adv=3.977976 lam=0.0001 accD=0.7812
step=2221600 rec=0.009727 dis=0.132836 adv=4.407785 lam=0.0001 accD=0.9688
step=2222400 rec=0.010574 dis=0.098915 adv=3.751933 lam=0.0001 accD=0.9688
step=2223200 rec=0.010724 dis=0.374063 adv=3.924266 lam=0.0001 accD=0.8750
step=2224000 rec=0.010235 dis=0.209583 adv=4.375859 lam=0.0001 accD=0.9062
step=2224800 rec=0.010967 dis=0.201754 adv=3.899020 lam=0.0001 accD=0.8750
step=2225600 rec=0.011744 dis=0.286764 adv=3.732500 lam=0.0001 accD=0.9375
step=2226400 rec=0.010671 dis=0.316066 adv=4.041124 lam=0.0001 accD=0.8750
step=2227200 rec=0.013927 dis=0.174840 adv=3.917876 lam=0.0001 accD=0.9062
step=2228000 rec=0.011305 dis=0.226221 adv=4.145335 lam=0.0001 accD=0.8438
step=2228800 rec=0.010213 dis=0.320707 adv=3.345804 lam=0.0001 accD=0.8438
step=2229600 rec=0.009674 dis=0.299850 adv=3.770739 lam=0.0001 accD=0.8438
step=2230400 rec=0.010786 dis=0.228303 adv=4.296763 lam=0.0001 accD=0.9375
step=2231200 rec=0.011971 dis=0.108765 adv=4.682614 lam=0.0001 accD=0.9688
step=2232000 rec=0.011277 dis=0.096763 adv=4.305893 lam=0.0001 accD=1.0000
step=2232800 rec=0.010124 dis=0.104948 adv=4.560931 lam=0.0001 accD=0.9688
step=2233600 rec=0.010553 dis=0.384895 adv=4.069830 lam=0.0001 accD=0.9062
step=2234400 rec=0.009982 dis=0.130233 adv=4.519176 lam=0.0001 accD=0.9375
step=2235200 rec=0.011142 dis=0.279619 adv=5.179517 lam=0.0001 accD=0.9375
step=2236000 rec=0.011309 dis=0.131489 adv=5.019905 lam=0.0001 accD=0.9688
step=2236800 rec=0.010195 dis=0.195289 adv=4.312530 lam=0.0001 accD=0.8750
step=2237600 rec=0.010329 dis=0.342731 adv=3.589304 lam=0.0001 accD=0.8750
step=2238400 rec=0.010667 dis=0.320410 adv=4.188672 lam=0.0001 accD=0.8438
step=2239200 rec=0.011026 dis=0.183067 adv=3.621617 lam=0.0001 accD=0.9062
step=2240000 rec=0.011025 dis=0.187898 adv=3.999056 lam=0.0001 accD=0.9062
step=2240800 rec=0.013507 dis=0.153144 adv=4.198457 lam=0.0001 accD=0.9375
step=2241600 rec=0.010876 dis=0.222070 adv=4.113097 lam=0.0001 accD=0.8750
step=2242400 rec=0.012914 dis=0.130404 adv=5.033628 lam=0.0001 accD=0.9375
step=2243200 rec=0.011756 dis=0.367785 adv=3.953146 lam=0.0001 accD=0.7812
step=2244000 rec=0.009729 dis=0.125839 adv=3.947152 lam=0.0001 accD=0.9688
step=2244800 rec=0.010149 dis=0.187176 adv=4.349703 lam=0.0001 accD=0.9375
step=2245600 rec=0.010610 dis=0.168424 adv=3.952909 lam=0.0001 accD=0.9688
step=2246400 rec=0.011051 dis=0.370937 adv=3.647049 lam=0.0001 accD=0.8438
step=2247200 rec=0.012508 dis=0.318116 adv=4.565596 lam=0.0001 accD=0.8750
step=2248000 rec=0.010189 dis=0.283008 adv=3.697605 lam=0.0001 accD=0.8438
step=2248800 rec=0.012375 dis=0.185694 adv=3.484328 lam=0.0001 accD=0.9375
[VAL] epoch=44 val_rec=0.010183 time_min=1.9
step=2249600 rec=0.010436 dis=0.163977 adv=4.019766 lam=0.0001 accD=0.9375
step=2250400 rec=0.010381 dis=0.167432 adv=4.480074 lam=0.0001 accD=0.8750
step=2251200 rec=0.011752 dis=0.146551 adv=4.126687 lam=0.0001 accD=0.9688
step=2252000 rec=0.011058 dis=0.139926 adv=3.803863 lam=0.0001 accD=0.9375
step=2252800 rec=0.009981 dis=0.248293 adv=3.972565 lam=0.0001 accD=0.8750
step=2253600 rec=0.009959 dis=0.268910 adv=4.002715 lam=0.0001 accD=0.8750
step=2254400 rec=0.011762 dis=0.180367 adv=4.666067 lam=0.0001 accD=0.9375
step=2255200 rec=0.010933 dis=0.306513 adv=3.523927 lam=0.0001 accD=0.8438
step=2256000 rec=0.009942 dis=0.187104 adv=4.253761 lam=0.0001 accD=0.9062
step=2256800 rec=0.010244 dis=0.194260 adv=4.632607 lam=0.0001 accD=0.9062
step=2257600 rec=0.011007 dis=0.142703 adv=3.751557 lam=0.0001 accD=0.9375
step=2258400 rec=0.010816 dis=0.165494 adv=3.893091 lam=0.0001 accD=0.9375
step=2259200 rec=0.010912 dis=0.158781 adv=3.862169 lam=0.0001 accD=0.9688
step=2260000 rec=0.009304 dis=0.102243 adv=4.143507 lam=0.0001 accD=0.9688
step=2260800 rec=0.011418 dis=0.141016 adv=4.131345 lam=0.0001 accD=0.9688
step=2261600 rec=0.009339 dis=0.236632 adv=4.409678 lam=0.0001 accD=0.9375
step=2262400 rec=0.009664 dis=0.145440 adv=3.890782 lam=0.0001 accD=0.9375
step=2263200 rec=0.011726 dis=0.145505 adv=4.358660 lam=0.0001 accD=0.9375
step=2264000 rec=0.012034 dis=0.270807 adv=4.036862 lam=0.0001 accD=0.8438
step=2264800 rec=0.009550 dis=0.139649 adv=4.707994 lam=0.0001 accD=0.9688
step=2265600 rec=0.009932 dis=0.230159 adv=3.833774 lam=0.0001 accD=0.9375
step=2266400 rec=0.009701 dis=0.200163 adv=4.189810 lam=0.0001 accD=0.8750
step=2267200 rec=0.011565 dis=0.239671 adv=3.798613 lam=0.0001 accD=0.8750
step=2268000 rec=0.009540 dis=0.144512 adv=4.192142 lam=0.0001 accD=0.9375
step=2268800 rec=0.012490 dis=0.082839 adv=5.083194 lam=0.0001 accD=0.9688
step=2269600 rec=0.010083 dis=0.209220 adv=4.521360 lam=0.0001 accD=0.9062
step=2270400 rec=0.011067 dis=0.061665 adv=4.076514 lam=0.0001 accD=1.0000
step=2271200 rec=0.012638 dis=0.355136 adv=4.289483 lam=0.0001 accD=0.8438
step=2272000 rec=0.010447 dis=0.111742 adv=4.447734 lam=0.0001 accD=0.9688
step=2272800 rec=0.009130 dis=0.164713 adv=3.734921 lam=0.0001 accD=0.9688
step=2273600 rec=0.011757 dis=0.197763 adv=3.420735 lam=0.0001 accD=0.9375
step=2274400 rec=0.011436 dis=0.275701 adv=4.240964 lam=0.0001 accD=0.8125
step=2275200 rec=0.009451 dis=0.229701 adv=4.315868 lam=0.0001 accD=0.9375
step=2276000 rec=0.010638 dis=0.195494 adv=3.908993 lam=0.0001 accD=0.8750
step=2276800 rec=0.008605 dis=0.183372 adv=4.082644 lam=0.0001 accD=0.9062
step=2277600 rec=0.010117 dis=0.259673 adv=4.745473 lam=0.0001 accD=0.9375
step=2278400 rec=0.009587 dis=0.199366 adv=3.771892 lam=0.0001 accD=0.9062
step=2279200 rec=0.009937 dis=0.206941 adv=4.005601 lam=0.0001 accD=0.9375
step=2280000 rec=0.010758 dis=0.326938 adv=3.879853 lam=0.0001 accD=0.8438
step=2280800 rec=0.010144 dis=0.180988 adv=4.657583 lam=0.0001 accD=0.9375
step=2281600 rec=0.011013 dis=0.089733 adv=4.309781 lam=0.0001 accD=0.9688
step=2282400 rec=0.012076 dis=0.113472 adv=5.064720 lam=0.0001 accD=0.9375
step=2283200 rec=0.010847 dis=0.096735 adv=4.341843 lam=0.0001 accD=0.9688
step=2284000 rec=0.010617 dis=0.157618 adv=4.779315 lam=0.0001 accD=0.9688
step=2284800 rec=0.009363 dis=0.167686 adv=4.085947 lam=0.0001 accD=0.9062
step=2285600 rec=0.011139 dis=0.223647 adv=3.854681 lam=0.0001 accD=0.8750
step=2286400 rec=0.011041 dis=0.257975 adv=3.966386 lam=0.0001 accD=0.8438
step=2287200 rec=0.010446 dis=0.288900 adv=4.561310 lam=0.0001 accD=0.9062
step=2288000 rec=0.010050 dis=0.270272 adv=4.042744 lam=0.0001 accD=0.8750
step=2288800 rec=0.010620 dis=0.229545 adv=4.010978 lam=0.0001 accD=0.9062
step=2289600 rec=0.009500 dis=0.107862 adv=4.196738 lam=0.0001 accD=0.9688
step=2290400 rec=0.011056 dis=0.092130 adv=4.877337 lam=0.0001 accD=0.9688
step=2291200 rec=0.010600 dis=0.394503 adv=3.404126 lam=0.0001 accD=0.8125
step=2292000 rec=0.009643 dis=0.265932 adv=4.488251 lam=0.0001 accD=0.8750
step=2292800 rec=0.010064 dis=0.194838 adv=4.202648 lam=0.0001 accD=0.8750
step=2293600 rec=0.010352 dis=0.140589 adv=4.095440 lam=0.0001 accD=0.9375
step=2294400 rec=0.010847 dis=0.157483 adv=3.981663 lam=0.0001 accD=0.9375
step=2295200 rec=0.008448 dis=0.277884 adv=4.158299 lam=0.0001 accD=0.9375
step=2296000 rec=0.011523 dis=0.166496 adv=3.826282 lam=0.0001 accD=0.8750
step=2296800 rec=0.010867 dis=0.071431 adv=4.688612 lam=0.0001 accD=1.0000
step=2297600 rec=0.011017 dis=0.164691 adv=4.243559 lam=0.0001 accD=0.9062
step=2298400 rec=0.011302 dis=0.184790 adv=4.490713 lam=0.0001 accD=0.8750
step=2299200 rec=0.011823 dis=0.261885 adv=3.774140 lam=0.0001 accD=0.9062
[VAL] epoch=45 val_rec=0.010365 time_min=1.9
step=2300000 rec=0.011573 dis=0.533077 adv=3.779898 lam=0.0001 accD=0.8438
step=2300800 rec=0.008782 dis=0.136547 adv=4.331972 lam=0.0001 accD=0.9375
step=2301600 rec=0.012484 dis=0.257747 adv=4.172347 lam=0.0001 accD=0.9375
step=2302400 rec=0.011497 dis=0.203190 adv=4.307971 lam=0.0001 accD=0.9062
step=2303200 rec=0.011252 dis=0.179157 adv=4.175175 lam=0.0001 accD=0.9375
step=2304000 rec=0.010296 dis=0.212125 adv=3.746472 lam=0.0001 accD=0.9062
step=2304800 rec=0.010504 dis=0.356094 adv=3.610158 lam=0.0001 accD=0.8125
step=2305600 rec=0.011157 dis=0.116524 adv=4.479011 lam=0.0001 accD=0.9688
step=2306400 rec=0.011155 dis=0.202764 adv=4.286030 lam=0.0001 accD=0.9062
step=2307200 rec=0.013143 dis=0.063047 adv=4.839028 lam=0.0001 accD=1.0000
step=2308000 rec=0.009823 dis=0.269341 adv=3.762483 lam=0.0001 accD=0.8438
step=2308800 rec=0.011628 dis=0.130866 adv=4.400383 lam=0.0001 accD=0.9375
step=2309600 rec=0.011186 dis=0.302170 adv=4.078897 lam=0.0001 accD=0.9062
step=2310400 rec=0.009834 dis=0.123995 adv=4.103871 lam=0.0001 accD=0.9688
step=2311200 rec=0.009578 dis=0.186755 adv=4.169084 lam=0.0001 accD=0.9062
step=2312000 rec=0.010236 dis=0.129862 adv=4.245550 lam=0.0001 accD=0.9375
step=2312800 rec=0.010147 dis=0.146034 adv=4.216649 lam=0.0001 accD=0.9375
step=2313600 rec=0.012357 dis=0.411985 adv=3.759235 lam=0.0001 accD=0.8125
step=2314400 rec=0.011822 dis=0.339822 adv=4.103345 lam=0.0001 accD=0.9062
step=2315200 rec=0.009067 dis=0.117859 adv=4.449376 lam=0.0001 accD=1.0000
step=2316000 rec=0.010053 dis=0.138807 adv=4.950796 lam=0.0001 accD=0.9688
step=2316800 rec=0.010892 dis=0.359625 adv=4.035069 lam=0.0001 accD=0.8750
step=2317600 rec=0.009613 dis=0.255589 adv=3.862820 lam=0.0001 accD=0.9375
step=2318400 rec=0.010861 dis=0.269354 adv=4.728826 lam=0.0001 accD=0.9375
step=2319200 rec=0.009747 dis=0.195620 adv=4.612062 lam=0.0001 accD=0.8750
step=2320000 rec=0.009528 dis=0.237655 adv=4.214650 lam=0.0001 accD=0.8750
step=2320800 rec=0.012159 dis=0.193122 adv=4.029036 lam=0.0001 accD=0.9375
step=2321600 rec=0.010043 dis=0.104791 adv=4.138259 lam=0.0001 accD=0.9688
step=2322400 rec=0.011741 dis=0.175730 adv=4.467491 lam=0.0001 accD=0.9375
step=2323200 rec=0.011157 dis=0.198592 adv=3.970662 lam=0.0001 accD=0.9062
step=2324000 rec=0.010675 dis=0.214821 adv=4.347251 lam=0.0001 accD=0.9062
step=2324800 rec=0.009930 dis=0.236973 adv=3.758006 lam=0.0001 accD=0.9062
step=2325600 rec=0.011479 dis=0.247281 adv=4.228136 lam=0.0001 accD=0.8125
step=2326400 rec=0.010322 dis=0.203792 adv=3.938087 lam=0.0001 accD=0.8750
step=2327200 rec=0.012039 dis=0.301792 adv=3.771216 lam=0.0001 accD=0.8125
step=2328000 rec=0.009643 dis=0.134620 adv=4.521209 lam=0.0001 accD=0.9688
step=2328800 rec=0.009302 dis=0.176338 adv=4.327988 lam=0.0001 accD=0.9062
step=2329600 rec=0.011282 dis=0.117058 adv=4.431164 lam=0.0001 accD=0.9375
step=2330400 rec=0.009270 dis=0.128209 adv=4.404001 lam=0.0001 accD=0.9688
step=2331200 rec=0.009376 dis=0.146511 adv=3.941254 lam=0.0001 accD=0.9688
step=2332000 rec=0.010344 dis=0.158797 adv=4.624570 lam=0.0001 accD=0.9062
step=2332800 rec=0.010637 dis=0.089371 adv=4.802266 lam=0.0001 accD=0.9688
step=2333600 rec=0.011144 dis=0.135529 adv=4.427108 lam=0.0001 accD=0.9688
step=2334400 rec=0.009053 dis=0.107013 adv=4.567050 lam=0.0001 accD=0.9375
step=2335200 rec=0.008246 dis=0.078422 adv=5.564473 lam=0.0001 accD=0.9688
step=2336000 rec=0.011806 dis=0.274765 adv=4.452703 lam=0.0001 accD=0.8750
step=2336800 rec=0.010653 dis=0.158699 adv=3.974294 lam=0.0001 accD=0.9375
step=2337600 rec=0.012070 dis=0.200542 adv=4.256279 lam=0.0001 accD=0.9062
step=2338400 rec=0.009329 dis=0.231227 adv=3.928115 lam=0.0001 accD=0.8750
step=2339200 rec=0.010478 dis=0.230358 adv=3.494845 lam=0.0001 accD=0.9688
step=2340000 rec=0.010842 dis=0.218883 adv=4.368875 lam=0.0001 accD=0.8750
step=2340800 rec=0.011906 dis=0.204991 adv=4.437126 lam=0.0001 accD=0.9062
step=2341600 rec=0.009580 dis=0.247432 adv=4.377597 lam=0.0001 accD=0.8438
step=2342400 rec=0.009623 dis=0.166702 adv=4.014711 lam=0.0001 accD=0.9062
step=2343200 rec=0.011907 dis=0.236209 adv=3.667210 lam=0.0001 accD=0.8750
step=2344000 rec=0.011188 dis=0.152247 adv=4.054496 lam=0.0001 accD=0.9062
step=2344800 rec=0.009363 dis=0.164833 adv=4.050587 lam=0.0001 accD=0.9375
step=2345600 rec=0.011564 dis=0.148278 adv=4.513912 lam=0.0001 accD=0.9688
step=2346400 rec=0.011731 dis=0.071701 adv=4.778526 lam=0.0001 accD=1.0000
step=2347200 rec=0.011007 dis=0.499400 adv=3.536127 lam=0.0001 accD=0.6875
step=2348000 rec=0.008759 dis=0.204919 adv=4.430461 lam=0.0001 accD=0.8438
step=2348800 rec=0.009921 dis=0.272658 adv=4.178529 lam=0.0001 accD=0.8750
[VAL] epoch=46 val_rec=0.010089 time_min=1.9
step=2349600 rec=0.012509 dis=0.332865 adv=3.541935 lam=0.0001 accD=0.7500
step=2350400 rec=0.010388 dis=0.109206 adv=4.574043 lam=0.0001 accD=0.9375
step=2351200 rec=0.010412 dis=0.143980 adv=4.213431 lam=0.0001 accD=0.9688
step=2352000 rec=0.009923 dis=0.123335 adv=4.645970 lam=0.0001 accD=0.9375
step=2352800 rec=0.011254 dis=0.342228 adv=3.866769 lam=0.0001 accD=0.8750
step=2353600 rec=0.010505 dis=0.313096 adv=3.866240 lam=0.0001 accD=0.7500
step=2354400 rec=0.010047 dis=0.247737 adv=4.470221 lam=0.0001 accD=0.9688
step=2355200 rec=0.012058 dis=0.111216 adv=4.392267 lam=0.0001 accD=0.9688
step=2356000 rec=0.010956 dis=0.378241 adv=4.151324 lam=0.0001 accD=0.9375
step=2356800 rec=0.008950 dis=0.286234 adv=4.115623 lam=0.0001 accD=0.8750
step=2357600 rec=0.009672 dis=0.138787 adv=4.471943 lam=0.0001 accD=0.9375
step=2358400 rec=0.012459 dis=0.184698 adv=4.221240 lam=0.0001 accD=0.9062
step=2359200 rec=0.009760 dis=0.193521 adv=4.783271 lam=0.0001 accD=0.8750
step=2360000 rec=0.012174 dis=0.169926 adv=3.880083 lam=0.0001 accD=0.9375
step=2360800 rec=0.008883 dis=0.114036 adv=3.982986 lam=0.0001 accD=0.9688
step=2361600 rec=0.011956 dis=0.116431 adv=4.189214 lam=0.0001 accD=1.0000
step=2362400 rec=0.011214 dis=0.193224 adv=3.999870 lam=0.0001 accD=0.9375
step=2363200 rec=0.011336 dis=0.195327 adv=4.282634 lam=0.0001 accD=0.9062
step=2364000 rec=0.011567 dis=0.276366 adv=3.644682 lam=0.0001 accD=0.9375
step=2364800 rec=0.010488 dis=0.199066 adv=4.439020 lam=0.0001 accD=0.9062
step=2365600 rec=0.011272 dis=0.124678 adv=4.662607 lam=0.0001 accD=0.9688
step=2366400 rec=0.010194 dis=0.269316 adv=4.408763 lam=0.0001 accD=0.8438
step=2367200 rec=0.009633 dis=0.286499 adv=3.461885 lam=0.0001 accD=0.9062
step=2368000 rec=0.009871 dis=0.154884 adv=4.596225 lam=0.0001 accD=0.9375
step=2368800 rec=0.010737 dis=0.160943 adv=4.137833 lam=0.0001 accD=0.9062
step=2369600 rec=0.009283 dis=0.362600 adv=3.838228 lam=0.0001 accD=0.8438
step=2370400 rec=0.010880 dis=0.189228 adv=4.286524 lam=0.0001 accD=0.9375
step=2371200 rec=0.011329 dis=0.171562 adv=4.334334 lam=0.0001 accD=0.9062
step=2372000 rec=0.009383 dis=0.113080 adv=4.675408 lam=0.0001 accD=0.9688
step=2372800 rec=0.010329 dis=0.227974 adv=4.443314 lam=0.0001 accD=0.9688
step=2373600 rec=0.010617 dis=0.130488 adv=4.225163 lam=0.0001 accD=0.9375
step=2374400 rec=0.009651 dis=0.092372 adv=4.675274 lam=0.0001 accD=0.9688
step=2375200 rec=0.012506 dis=0.245432 adv=3.868024 lam=0.0001 accD=0.9375
step=2376000 rec=0.011706 dis=0.206653 adv=4.620667 lam=0.0001 accD=0.8438
step=2376800 rec=0.009184 dis=0.190408 adv=3.908760 lam=0.0001 accD=0.9062
step=2377600 rec=0.010201 dis=0.123029 adv=4.575325 lam=0.0001 accD=0.9688
step=2378400 rec=0.011011 dis=0.165947 adv=4.127447 lam=0.0001 accD=0.9375
step=2379200 rec=0.009687 dis=0.126600 adv=3.889579 lam=0.0001 accD=0.9688
step=2380000 rec=0.013733 dis=0.275817 adv=4.497934 lam=0.0001 accD=0.9062
step=2380800 rec=0.013286 dis=0.085945 adv=4.793878 lam=0.0001 accD=0.9688
step=2381600 rec=0.009431 dis=0.366944 adv=4.891314 lam=0.0001 accD=0.8750
step=2382400 rec=0.011086 dis=0.186308 adv=3.920737 lam=0.0001 accD=0.9062
step=2383200 rec=0.011700 dis=0.262177 adv=3.437896 lam=0.0001 accD=0.9062
step=2384000 rec=0.010876 dis=0.326883 adv=4.750107 lam=0.0001 accD=0.9062
step=2384800 rec=0.012144 dis=0.166810 adv=4.888322 lam=0.0001 accD=0.9062
step=2385600 rec=0.011575 dis=0.115636 adv=4.159520 lam=0.0001 accD=0.9688
step=2386400 rec=0.009661 dis=0.290029 adv=3.743924 lam=0.0001 accD=0.9062
step=2387200 rec=0.011381 dis=0.212988 adv=3.529296 lam=0.0001 accD=0.9375
step=2388000 rec=0.009395 dis=0.364011 adv=4.347826 lam=0.0001 accD=0.8125
step=2388800 rec=0.010175 dis=0.248377 adv=4.663661 lam=0.0001 accD=0.8750
step=2389600 rec=0.009193 dis=0.257804 adv=4.280895 lam=0.0001 accD=0.9375
step=2390400 rec=0.010835 dis=0.298430 adv=3.647779 lam=0.0001 accD=0.8750
step=2391200 rec=0.010889 dis=0.099645 adv=4.188441 lam=0.0001 accD=1.0000
step=2392000 rec=0.012233 dis=0.253061 adv=4.197690 lam=0.0001 accD=0.9375
step=2392800 rec=0.010753 dis=0.138356 adv=4.425771 lam=0.0001 accD=0.9375
step=2393600 rec=0.010496 dis=0.167049 adv=5.121262 lam=0.0001 accD=0.9062
step=2394400 rec=0.011113 dis=0.287885 adv=4.323129 lam=0.0001 accD=0.8438
step=2395200 rec=0.009919 dis=0.396887 adv=3.720244 lam=0.0001 accD=0.8438
step=2396000 rec=0.009350 dis=0.104668 adv=4.249528 lam=0.0001 accD=0.9688
step=2396800 rec=0.009085 dis=0.097144 adv=4.771920 lam=0.0001 accD=0.9688
step=2397600 rec=0.011102 dis=0.167590 adv=4.573604 lam=0.0001 accD=0.9375
step=2398400 rec=0.011896 dis=0.125789 adv=4.100780 lam=0.0001 accD=0.9688
step=2399200 rec=0.010191 dis=0.218073 adv=3.880781 lam=0.0001 accD=0.8438
[VAL] epoch=47 val_rec=0.010079 time_min=1.9
step=2400000 rec=0.009085 dis=0.190539 adv=3.986134 lam=0.0001 accD=0.9062
step=2400800 rec=0.010235 dis=0.111256 adv=4.485363 lam=0.0001 accD=0.9375
step=2401600 rec=0.008737 dis=0.246142 adv=4.100867 lam=0.0001 accD=0.8750
step=2402400 rec=0.010014 dis=0.214829 adv=3.837737 lam=0.0001 accD=0.9375
step=2403200 rec=0.010257 dis=0.186848 adv=4.633249 lam=0.0001 accD=0.9062
step=2404000 rec=0.009912 dis=0.159706 adv=3.584527 lam=0.0001 accD=0.9688
step=2404800 rec=0.011225 dis=0.241711 adv=4.115705 lam=0.0001 accD=0.8438
step=2405600 rec=0.011629 dis=0.090351 adv=4.900195 lam=0.0001 accD=1.0000
step=2406400 rec=0.010316 dis=0.192029 adv=4.482935 lam=0.0001 accD=0.9375
step=2407200 rec=0.009210 dis=0.105261 adv=5.399137 lam=0.0001 accD=0.9375
step=2408000 rec=0.011209 dis=0.137697 adv=4.649494 lam=0.0001 accD=0.9688
step=2408800 rec=0.011219 dis=0.217162 adv=3.801433 lam=0.0001 accD=0.9375
step=2409600 rec=0.010536 dis=0.124324 adv=4.494461 lam=0.0001 accD=0.9375
step=2410400 rec=0.012464 dis=0.124829 adv=5.085454 lam=0.0001 accD=0.9688
step=2411200 rec=0.009387 dis=0.245121 adv=4.575185 lam=0.0001 accD=0.8750
step=2412000 rec=0.011340 dis=0.245685 adv=4.856694 lam=0.0001 accD=0.8750
step=2412800 rec=0.011118 dis=0.321887 adv=4.636871 lam=0.0001 accD=0.9062
step=2413600 rec=0.011173 dis=0.120207 adv=4.462658 lam=0.0001 accD=0.9688
step=2414400 rec=0.010505 dis=0.062847 adv=4.604211 lam=0.0001 accD=1.0000
step=2415200 rec=0.009716 dis=0.295787 adv=4.513830 lam=0.0001 accD=0.9375
step=2416000 rec=0.012343 dis=0.094321 adv=4.583499 lam=0.0001 accD=0.9688
step=2416800 rec=0.010522 dis=0.186653 adv=4.321371 lam=0.0001 accD=0.9375
step=2417600 rec=0.011447 dis=0.120798 adv=4.034251 lam=0.0001 accD=0.9688
step=2418400 rec=0.010588 dis=0.278981 adv=4.081095 lam=0.0001 accD=0.8750
step=2419200 rec=0.010162 dis=0.184242 adv=4.025886 lam=0.0001 accD=0.9062
step=2420000 rec=0.009334 dis=0.245333 adv=4.215902 lam=0.0001 accD=0.9062
step=2420800 rec=0.010466 dis=0.162121 adv=4.813010 lam=0.0001 accD=0.9062
step=2421600 rec=0.012181 dis=0.187710 adv=4.121898 lam=0.0001 accD=0.9375
step=2422400 rec=0.013417 dis=0.156547 adv=4.262577 lam=0.0001 accD=0.9375
step=2423200 rec=0.009400 dis=0.073106 adv=5.011663 lam=0.0001 accD=0.9688
step=2424000 rec=0.009712 dis=0.221375 adv=4.178166 lam=0.0001 accD=0.9375
step=2424800 rec=0.012038 dis=0.251616 adv=4.232385 lam=0.0001 accD=0.9062
step=2425600 rec=0.011678 dis=0.218023 adv=4.755204 lam=0.0001 accD=0.8750
step=2426400 rec=0.010349 dis=0.128346 adv=3.419882 lam=0.0001 accD=0.9688
step=2427200 rec=0.011905 dis=0.280911 adv=4.291728 lam=0.0001 accD=0.8438
step=2428000 rec=0.010722 dis=0.258661 adv=3.925741 lam=0.0001 accD=0.8750
step=2428800 rec=0.009255 dis=0.116006 adv=4.272592 lam=0.0001 accD=0.9688
step=2429600 rec=0.009442 dis=0.113411 adv=3.811270 lam=0.0001 accD=1.0000
step=2430400 rec=0.011836 dis=0.235606 adv=4.806481 lam=0.0001 accD=0.9062
step=2431200 rec=0.010366 dis=0.288147 adv=3.951953 lam=0.0001 accD=0.9688
step=2432000 rec=0.011471 dis=0.055315 adv=4.708051 lam=0.0001 accD=1.0000
step=2432800 rec=0.011014 dis=0.074404 adv=4.953410 lam=0.0001 accD=0.9688
step=2433600 rec=0.010770 dis=0.191687 adv=4.195709 lam=0.0001 accD=0.9375
step=2434400 rec=0.010279 dis=0.099085 adv=4.531497 lam=0.0001 accD=0.9688
step=2435200 rec=0.010311 dis=0.139534 adv=4.831948 lam=0.0001 accD=0.9375
step=2436000 rec=0.012416 dis=0.113807 adv=4.986471 lam=0.0001 accD=0.9375
step=2436800 rec=0.009129 dis=0.332943 adv=4.972943 lam=0.0001 accD=0.8125
step=2437600 rec=0.010784 dis=0.156138 adv=4.317214 lam=0.0001 accD=0.9375
step=2438400 rec=0.010288 dis=0.214411 adv=4.522842 lam=0.0001 accD=0.9062
step=2439200 rec=0.010926 dis=0.153671 adv=4.290885 lam=0.0001 accD=0.9062
step=2440000 rec=0.010063 dis=0.245444 adv=4.436664 lam=0.0001 accD=0.8750
step=2440800 rec=0.010083 dis=0.156734 adv=4.365658 lam=0.0001 accD=0.9375
step=2441600 rec=0.011181 dis=0.383870 adv=4.150068 lam=0.0001 accD=0.7812
step=2442400 rec=0.010081 dis=0.203762 adv=4.055081 lam=0.0001 accD=0.9375
step=2443200 rec=0.009059 dis=0.280383 adv=3.770817 lam=0.0001 accD=0.8750
step=2444000 rec=0.010713 dis=0.188211 adv=4.448318 lam=0.0001 accD=0.8750
step=2444800 rec=0.010009 dis=0.203674 adv=4.303395 lam=0.0001 accD=0.9062
step=2445600 rec=0.009895 dis=0.196658 adv=4.093920 lam=0.0001 accD=0.9062
step=2446400 rec=0.011160 dis=0.148095 adv=4.083287 lam=0.0001 accD=0.9375
step=2447200 rec=0.010256 dis=0.395063 adv=3.784860 lam=0.0001 accD=0.8750
step=2448000 rec=0.010005 dis=0.289640 adv=4.185719 lam=0.0001 accD=0.9062
step=2448800 rec=0.009724 dis=0.327999 adv=3.642819 lam=0.0001 accD=0.8438
[VAL] epoch=48 val_rec=0.009939 time_min=1.9
step=2449600 rec=0.010358 dis=0.340243 adv=3.852540 lam=0.0001 accD=0.7812
step=2450400 rec=0.009081 dis=0.272293 adv=3.859384 lam=0.0001 accD=0.8750
step=2451200 rec=0.009831 dis=0.090172 adv=4.637259 lam=0.0001 accD=0.9688
step=2452000 rec=0.010989 dis=0.235949 adv=4.207948 lam=0.0001 accD=0.8438
step=2452800 rec=0.009943 dis=0.221027 adv=3.667572 lam=0.0001 accD=0.9062
step=2453600 rec=0.011007 dis=0.110170 adv=4.486614 lam=0.0001 accD=0.9688
step=2454400 rec=0.008842 dis=0.192284 adv=3.461831 lam=0.0001 accD=0.9375
step=2455200 rec=0.009624 dis=0.218559 adv=3.787712 lam=0.0001 accD=0.9062
step=2456000 rec=0.009388 dis=0.171796 adv=4.457014 lam=0.0001 accD=0.9375
step=2456800 rec=0.010189 dis=0.250875 adv=4.018524 lam=0.0001 accD=0.9062
step=2457600 rec=0.010062 dis=0.179274 adv=4.149185 lam=0.0001 accD=0.9375
step=2458400 rec=0.010189 dis=0.197022 adv=4.155005 lam=0.0001 accD=0.9062
step=2459200 rec=0.011756 dis=0.292230 adv=4.323478 lam=0.0001 accD=0.9062
step=2460000 rec=0.010002 dis=0.157500 adv=4.016333 lam=0.0001 accD=0.9062
step=2460800 rec=0.010489 dis=0.162440 adv=4.628717 lam=0.0001 accD=0.9375
step=2461600 rec=0.009628 dis=0.352350 adv=4.310182 lam=0.0001 accD=0.8750
step=2462400 rec=0.010397 dis=0.178932 adv=4.446146 lam=0.0001 accD=0.9062
step=2463200 rec=0.011084 dis=0.204031 adv=4.297032 lam=0.0001 accD=0.9688
step=2464000 rec=0.012132 dis=0.126231 adv=4.585558 lam=0.0001 accD=0.9688
step=2464800 rec=0.011110 dis=0.369220 adv=3.907988 lam=0.0001 accD=0.8125
step=2465600 rec=0.008684 dis=0.119993 adv=4.378343 lam=0.0001 accD=1.0000
step=2466400 rec=0.010672 dis=0.312654 adv=3.965950 lam=0.0001 accD=0.9062
step=2467200 rec=0.009594 dis=0.298440 adv=4.363010 lam=0.0001 accD=0.8438
step=2468000 rec=0.009281 dis=0.165989 adv=4.327881 lam=0.0001 accD=0.9375
step=2468800 rec=0.009746 dis=0.270736 adv=3.924415 lam=0.0001 accD=0.9062
step=2469600 rec=0.011801 dis=0.169322 adv=4.892952 lam=0.0001 accD=0.9375
step=2470400 rec=0.009765 dis=0.179112 adv=4.265184 lam=0.0001 accD=0.9375
step=2471200 rec=0.009900 dis=0.306886 adv=3.857266 lam=0.0001 accD=0.8125
step=2472000 rec=0.010079 dis=0.181900 adv=3.890806 lam=0.0001 accD=0.9375
step=2472800 rec=0.011396 dis=0.167060 adv=3.677160 lam=0.0001 accD=0.9375
step=2473600 rec=0.009750 dis=0.113485 adv=4.430327 lam=0.0001 accD=0.9688
step=2474400 rec=0.011936 dis=0.069189 adv=4.985063 lam=0.0001 accD=0.9688
step=2475200 rec=0.011070 dis=0.158487 adv=3.838430 lam=0.0001 accD=0.9375
step=2476000 rec=0.009195 dis=0.049211 adv=4.760029 lam=0.0001 accD=1.0000
step=2476800 rec=0.010251 dis=0.190764 adv=4.534507 lam=0.0001 accD=0.9062
step=2477600 rec=0.011990 dis=0.194736 adv=4.351802 lam=0.0001 accD=0.9375
step=2478400 rec=0.010452 dis=0.124545 adv=4.512660 lam=0.0001 accD=0.9375
step=2479200 rec=0.012133 dis=0.166575 adv=4.182345 lam=0.0001 accD=0.8750
step=2480000 rec=0.011108 dis=0.177511 adv=3.923844 lam=0.0001 accD=0.9062
step=2480800 rec=0.009631 dis=0.159532 adv=4.419294 lam=0.0001 accD=0.9375
step=2481600 rec=0.011050 dis=0.034975 adv=4.949500 lam=0.0001 accD=1.0000
step=2482400 rec=0.010462 dis=0.289447 adv=3.845142 lam=0.0001 accD=0.8438
step=2483200 rec=0.010314 dis=0.077787 adv=5.212371 lam=0.0001 accD=0.9688
step=2484000 rec=0.008633 dis=0.265388 adv=4.339705 lam=0.0001 accD=0.9062
step=2484800 rec=0.008381 dis=0.114381 adv=3.908784 lam=0.0001 accD=0.9375
step=2485600 rec=0.010627 dis=0.234687 adv=4.231666 lam=0.0001 accD=0.9062
step=2486400 rec=0.010758 dis=0.298307 adv=4.054888 lam=0.0001 accD=0.9062
step=2487200 rec=0.010949 dis=0.212398 adv=4.859575 lam=0.0001 accD=0.9062
step=2488000 rec=0.010091 dis=0.224153 adv=3.894778 lam=0.0001 accD=0.9062
step=2488800 rec=0.011186 dis=0.134916 adv=3.703317 lam=0.0001 accD=1.0000
step=2489600 rec=0.010473 dis=0.283151 adv=4.073510 lam=0.0001 accD=0.9062
step=2490400 rec=0.010407 dis=0.040799 adv=4.784095 lam=0.0001 accD=1.0000
step=2491200 rec=0.010592 dis=0.161145 adv=4.579641 lam=0.0001 accD=0.9375
step=2492000 rec=0.009915 dis=0.247892 adv=3.675648 lam=0.0001 accD=0.8750
step=2492800 rec=0.010262 dis=0.437593 adv=3.418832 lam=0.0001 accD=0.8750
step=2493600 rec=0.009435 dis=0.272487 adv=4.013122 lam=0.0001 accD=0.8438
step=2494400 rec=0.009046 dis=0.229472 adv=4.423858 lam=0.0001 accD=0.9375
step=2495200 rec=0.010936 dis=0.321893 adv=4.317676 lam=0.0001 accD=0.9375
step=2496000 rec=0.011224 dis=0.313123 adv=4.003139 lam=0.0001 accD=0.9062
step=2496800 rec=0.010512 dis=0.152517 adv=4.807671 lam=0.0001 accD=0.9062
step=2497600 rec=0.009590 dis=0.085742 adv=4.228230 lam=0.0001 accD=0.9688
step=2498400 rec=0.009285 dis=0.258514 adv=4.353452 lam=0.0001 accD=0.8750
[VAL] epoch=49 val_rec=0.010029 time_min=1.8
step=2499200 rec=0.008506 dis=0.188783 adv=4.573647 lam=0.0001 accD=0.9375
step=2500000 rec=0.011039 dis=0.083057 adv=4.255521 lam=0.0001 accD=1.0000
step=2500800 rec=0.011905 dis=0.220450 adv=4.304027 lam=0.0001 accD=0.8438
step=2501600 rec=0.011927 dis=0.188983 adv=3.947331 lam=0.0001 accD=0.9688
step=2502400 rec=0.009963 dis=0.310105 adv=4.162224 lam=0.0001 accD=0.8438
step=2503200 rec=0.011270 dis=0.053743 adv=4.624296 lam=0.0001 accD=1.0000
step=2504000 rec=0.009738 dis=0.217540 adv=4.315173 lam=0.0001 accD=0.8750
step=2504800 rec=0.009142 dis=0.192376 adv=3.509827 lam=0.0001 accD=0.9375
step=2505600 rec=0.009941 dis=0.312129 adv=4.045300 lam=0.0001 accD=0.8125
step=2506400 rec=0.011292 dis=0.239366 adv=3.618344 lam=0.0001 accD=0.9375
step=2507200 rec=0.009599 dis=0.265713 adv=4.175958 lam=0.0001 accD=0.8750
step=2508000 rec=0.009962 dis=0.239423 adv=3.628617 lam=0.0001 accD=0.8750
step=2508800 rec=0.010756 dis=0.164546 adv=3.768451 lam=0.0001 accD=0.9688
step=2509600 rec=0.012197 dis=0.304127 adv=3.599833 lam=0.0001 accD=0.9062
step=2510400 rec=0.010500 dis=0.250993 adv=3.962891 lam=0.0001 accD=0.9062
step=2511200 rec=0.009015 dis=0.210319 adv=4.048905 lam=0.0001 accD=0.9375
step=2512000 rec=0.009692 dis=0.226626 adv=3.919882 lam=0.0001 accD=0.9062
step=2512800 rec=0.009189 dis=0.247789 adv=4.276208 lam=0.0001 accD=0.8750
step=2513600 rec=0.009340 dis=0.087914 adv=4.697944 lam=0.0001 accD=0.9688
step=2514400 rec=0.008899 dis=0.131029 adv=4.178898 lam=0.0001 accD=0.9688
step=2515200 rec=0.010730 dis=0.083843 adv=4.637458 lam=0.0001 accD=0.9688
step=2516000 rec=0.011740 dis=0.175409 adv=3.953562 lam=0.0001 accD=0.9062
step=2516800 rec=0.009812 dis=0.168439 adv=4.107140 lam=0.0001 accD=0.9062
step=2517600 rec=0.010241 dis=0.237456 adv=4.199352 lam=0.0001 accD=0.8750
step=2518400 rec=0.010476 dis=0.200895 adv=3.912153 lam=0.0001 accD=0.9375
step=2519200 rec=0.008919 dis=0.206989 adv=3.632976 lam=0.0001 accD=0.9375
step=2520000 rec=0.010602 dis=0.213414 adv=3.625428 lam=0.0001 accD=0.9375
step=2520800 rec=0.011693 dis=0.084034 adv=4.981567 lam=0.0001 accD=1.0000
step=2521600 rec=0.010117 dis=0.123105 adv=4.109709 lam=0.0001 accD=0.9688
step=2522400 rec=0.011206 dis=0.197935 adv=3.739519 lam=0.0001 accD=0.8750
step=2523200 rec=0.009434 dis=0.338323 adv=3.840067 lam=0.0001 accD=0.8125
step=2524000 rec=0.011353 dis=0.181291 adv=4.222684 lam=0.0001 accD=0.9375
step=2524800 rec=0.010213 dis=0.172155 adv=3.925808 lam=0.0001 accD=0.9375
step=2525600 rec=0.010568 dis=0.364478 adv=3.974999 lam=0.0001 accD=0.8125
step=2526400 rec=0.008642 dis=0.207448 adv=3.850912 lam=0.0001 accD=0.9688
step=2527200 rec=0.011266 dis=0.154555 adv=5.158515 lam=0.0001 accD=0.9375
step=2528000 rec=0.010423 dis=0.110170 adv=3.900985 lam=0.0001 accD=0.9688
step=2528800 rec=0.010702 dis=0.320086 adv=4.181275 lam=0.0001 accD=0.8125
step=2529600 rec=0.010722 dis=0.159444 adv=4.770478 lam=0.0001 accD=0.9062
step=2530400 rec=0.009689 dis=0.297886 adv=3.926738 lam=0.0001 accD=0.8125
step=2531200 rec=0.011559 dis=0.193212 adv=4.572134 lam=0.0001 accD=0.9062
step=2532000 rec=0.009076 dis=0.092049 adv=4.447333 lam=0.0001 accD=1.0000
step=2532800 rec=0.011436 dis=0.019700 adv=5.198990 lam=0.0001 accD=1.0000
step=2533600 rec=0.010645 dis=0.208394 adv=4.512689 lam=0.0001 accD=0.8750
step=2534400 rec=0.009446 dis=0.109658 adv=4.664409 lam=0.0001 accD=0.9375
step=2535200 rec=0.010122 dis=0.297847 adv=4.119027 lam=0.0001 accD=0.8438
step=2536000 rec=0.010401 dis=0.118988 adv=4.491651 lam=0.0001 accD=0.9375
step=2536800 rec=0.011112 dis=0.235679 adv=4.253561 lam=0.0001 accD=0.8125
step=2537600 rec=0.009477 dis=0.188906 adv=4.610059 lam=0.0001 accD=0.9375
step=2538400 rec=0.010280 dis=0.346075 adv=3.657471 lam=0.0001 accD=0.8125
step=2539200 rec=0.009918 dis=0.170166 adv=4.206058 lam=0.0001 accD=0.9062
step=2540000 rec=0.012069 dis=0.242977 adv=3.996988 lam=0.0001 accD=0.8750
step=2540800 rec=0.008860 dis=0.109937 adv=4.577908 lam=0.0001 accD=0.9688
step=2541600 rec=0.009463 dis=0.195721 adv=4.881627 lam=0.0001 accD=0.9375
step=2542400 rec=0.010517 dis=0.110231 adv=3.854726 lam=0.0001 accD=1.0000
step=2543200 rec=0.009818 dis=0.179717 adv=4.217340 lam=0.0001 accD=0.9062
step=2544000 rec=0.009767 dis=0.218520 adv=3.798516 lam=0.0001 accD=0.8438
step=2544800 rec=0.010732 dis=0.269298 adv=3.154984 lam=0.0001 accD=0.9062
step=2545600 rec=0.008627 dis=0.077291 adv=4.251183 lam=0.0001 accD=1.0000
step=2546400 rec=0.009797 dis=0.269662 adv=4.329970 lam=0.0001 accD=0.9062
step=2547200 rec=0.009455 dis=0.251375 adv=3.479385 lam=0.0001 accD=0.8750
step=2548000 rec=0.010252 dis=0.244577 adv=3.929065 lam=0.0001 accD=0.9062
step=2548800 rec=0.009528 dis=0.264733 adv=3.825096 lam=0.0001 accD=0.8438
[VAL] epoch=50 val_rec=0.009963 time_min=1.9
step=2549600 rec=0.010673 dis=0.116810 adv=4.675681 lam=0.0001 accD=0.9688
step=2550400 rec=0.008864 dis=0.103564 adv=4.912466 lam=0.0001 accD=0.9375
step=2551200 rec=0.010889 dis=0.158595 adv=4.345570 lam=0.0001 accD=0.9375
step=2552000 rec=0.009883 dis=0.127617 adv=5.162009 lam=0.0001 accD=0.9688
step=2552800 rec=0.009324 dis=0.166469 adv=4.239633 lam=0.0001 accD=0.9375
step=2553600 rec=0.010706 dis=0.131169 adv=3.993910 lam=0.0001 accD=0.9375
step=2554400 rec=0.011698 dis=0.235989 adv=4.310949 lam=0.0001 accD=0.9062
step=2555200 rec=0.010710 dis=0.186448 adv=4.576116 lam=0.0001 accD=0.8750
step=2556000 rec=0.008492 dis=0.113502 adv=4.679982 lam=0.0001 accD=0.9688
step=2556800 rec=0.009687 dis=0.329918 adv=4.474352 lam=0.0001 accD=0.9062
step=2557600 rec=0.010911 dis=0.386692 adv=4.308201 lam=0.0001 accD=0.8750
step=2558400 rec=0.010249 dis=0.246362 adv=4.590721 lam=0.0001 accD=0.8750
step=2559200 rec=0.009427 dis=0.272134 adv=4.245607 lam=0.0001 accD=0.8438
step=2560000 rec=0.010049 dis=0.210083 adv=4.287177 lam=0.0001 accD=0.9062
step=2560800 rec=0.009937 dis=0.199257 adv=4.821096 lam=0.0001 accD=0.9062
step=2561600 rec=0.009646 dis=0.178266 adv=4.488105 lam=0.0001 accD=0.9062
step=2562400 rec=0.010782 dis=0.238662 adv=4.600509 lam=0.0001 accD=0.9375
step=2563200 rec=0.008687 dis=0.165816 adv=4.244972 lam=0.0001 accD=0.9062
step=2564000 rec=0.010591 dis=0.148505 adv=4.199142 lam=0.0001 accD=0.9375
step=2564800 rec=0.008011 dis=0.280611 adv=4.005362 lam=0.0001 accD=0.9062
step=2565600 rec=0.009740 dis=0.153920 adv=4.362489 lam=0.0001 accD=0.9375
step=2566400 rec=0.011009 dis=0.373444 adv=4.265439 lam=0.0001 accD=0.8438
step=2567200 rec=0.009944 dis=0.101379 adv=4.368120 lam=0.0001 accD=0.9688
step=2568000 rec=0.011245 dis=0.186023 adv=4.125901 lam=0.0001 accD=0.9375
step=2568800 rec=0.011568 dis=0.330044 adv=4.435112 lam=0.0001 accD=0.8438
step=2569600 rec=0.010649 dis=0.176515 adv=4.248117 lam=0.0001 accD=0.9062
step=2570400 rec=0.012226 dis=0.219476 adv=4.098601 lam=0.0001 accD=0.9375
step=2571200 rec=0.009765 dis=0.101281 adv=4.568223 lam=0.0001 accD=0.9688
step=2572000 rec=0.012583 dis=0.206089 adv=4.187006 lam=0.0001 accD=0.9688
step=2572800 rec=0.008972 dis=0.144020 adv=4.552436 lam=0.0001 accD=0.9062
step=2573600 rec=0.010175 dis=0.101037 adv=4.698089 lam=0.0001 accD=0.9688
step=2574400 rec=0.010074 dis=0.282211 adv=3.654220 lam=0.0001 accD=0.8438
step=2575200 rec=0.010200 dis=0.150946 adv=4.393551 lam=0.0001 accD=0.9688
step=2576000 rec=0.010204 dis=0.141560 adv=4.289745 lam=0.0001 accD=0.9688
step=2576800 rec=0.009241 dis=0.177515 adv=4.309246 lam=0.0001 accD=0.9375
step=2577600 rec=0.009414 dis=0.093609 adv=4.191565 lam=0.0001 accD=1.0000
step=2578400 rec=0.012118 dis=0.210070 adv=3.976493 lam=0.0001 accD=0.9375
step=2579200 rec=0.010146 dis=0.256054 adv=4.236598 lam=0.0001 accD=0.9062
step=2580000 rec=0.009000 dis=0.310972 adv=3.673146 lam=0.0001 accD=0.8438
step=2580800 rec=0.008952 dis=0.188414 adv=4.330320 lam=0.0001 accD=0.9062
step=2581600 rec=0.008701 dis=0.231032 adv=4.002692 lam=0.0001 accD=0.9062
step=2582400 rec=0.010407 dis=0.105599 adv=5.022788 lam=0.0001 accD=0.9688
step=2583200 rec=0.008720 dis=0.240299 adv=4.239659 lam=0.0001 accD=0.8750
step=2584000 rec=0.010335 dis=0.176374 adv=4.739626 lam=0.0001 accD=0.8750
step=2584800 rec=0.009578 dis=0.248568 adv=4.606852 lam=0.0001 accD=0.9062
step=2585600 rec=0.009992 dis=0.206638 adv=4.236335 lam=0.0001 accD=0.9688
step=2586400 rec=0.009709 dis=0.275865 adv=4.114033 lam=0.0001 accD=0.8438
step=2587200 rec=0.010240 dis=0.393777 adv=3.591925 lam=0.0001 accD=0.8438
step=2588000 rec=0.009676 dis=0.154367 adv=4.472681 lam=0.0001 accD=0.9688
step=2588800 rec=0.010404 dis=0.180763 adv=4.072465 lam=0.0001 accD=0.9375
step=2589600 rec=0.009300 dis=0.221006 adv=4.623380 lam=0.0001 accD=0.9375
step=2590400 rec=0.010531 dis=0.319555 adv=4.186537 lam=0.0001 accD=0.8750
step=2591200 rec=0.012154 dis=0.304844 adv=3.916674 lam=0.0001 accD=0.8750
step=2592000 rec=0.009375 dis=0.259524 adv=3.792187 lam=0.0001 accD=0.8438
step=2592800 rec=0.012317 dis=0.104044 adv=4.209899 lam=0.0001 accD=0.9688
step=2593600 rec=0.010742 dis=0.181089 adv=4.315101 lam=0.0001 accD=0.9688
step=2594400 rec=0.008560 dis=0.252664 adv=4.582764 lam=0.0001 accD=0.9688
step=2595200 rec=0.009235 dis=0.144311 adv=4.255716 lam=0.0001 accD=0.9375
step=2596000 rec=0.010268 dis=0.126429 adv=4.438617 lam=0.0001 accD=0.9375
step=2596800 rec=0.009646 dis=0.107238 adv=4.253196 lam=0.0001 accD=0.9688
step=2597600 rec=0.008893 dis=0.134289 adv=4.807998 lam=0.0001 accD=0.9375
step=2598400 rec=0.012121 dis=0.119326 adv=4.134510 lam=0.0001 accD=0.9688
[VAL] epoch=51 val_rec=0.009889 time_min=1.7
step=2599200 rec=0.009827 dis=0.186448 adv=3.777432 lam=0.0001 accD=0.9375
step=2600000 rec=0.011291 dis=0.317779 adv=3.825018 lam=0.0001 accD=0.8125
step=2600800 rec=0.009843 dis=0.358426 adv=4.227488 lam=0.0001 accD=0.8125
step=2601600 rec=0.011284 dis=0.144719 adv=4.771482 lam=0.0001 accD=0.9688
step=2602400 rec=0.009403 dis=0.168337 adv=4.297685 lam=0.0001 accD=0.9375
step=2603200 rec=0.009092 dis=0.422899 adv=4.367909 lam=0.0001 accD=0.8438
step=2604000 rec=0.011034 dis=0.319403 adv=4.050678 lam=0.0001 accD=0.9062
step=2604800 rec=0.009546 dis=0.199041 adv=4.339524 lam=0.0001 accD=0.9375
step=2605600 rec=0.009664 dis=0.135294 adv=4.838798 lam=0.0001 accD=0.9688
step=2606400 rec=0.010360 dis=0.209021 adv=4.496875 lam=0.0001 accD=0.8750
step=2607200 rec=0.010304 dis=0.184020 adv=3.556822 lam=0.0001 accD=0.9688
step=2608000 rec=0.010441 dis=0.342047 adv=4.480213 lam=0.0001 accD=0.8438
step=2608800 rec=0.009065 dis=0.054074 adv=4.663801 lam=0.0001 accD=1.0000
step=2609600 rec=0.009726 dis=0.194631 adv=5.307751 lam=0.0001 accD=0.9375
step=2610400 rec=0.010585 dis=0.318025 adv=3.874667 lam=0.0001 accD=0.8750
step=2611200 rec=0.010927 dis=0.379335 adv=4.456538 lam=0.0001 accD=0.9375
step=2612000 rec=0.010323 dis=0.260517 adv=4.342364 lam=0.0001 accD=0.8750
step=2612800 rec=0.009115 dis=0.280052 adv=4.281533 lam=0.0001 accD=0.8750
step=2613600 rec=0.009690 dis=0.079011 adv=4.471309 lam=0.0001 accD=0.9688
step=2614400 rec=0.011344 dis=0.297598 adv=3.899539 lam=0.0001 accD=0.8750
step=2615200 rec=0.010113 dis=0.250303 adv=4.274305 lam=0.0001 accD=0.9375
step=2616000 rec=0.007250 dis=0.293567 adv=4.141583 lam=0.0001 accD=0.9062
step=2616800 rec=0.008212 dis=0.142980 adv=4.117348 lam=0.0001 accD=0.9375
step=2617600 rec=0.009697 dis=0.153454 adv=4.571055 lam=0.0001 accD=0.9375
step=2618400 rec=0.010732 dis=0.147341 adv=4.825153 lam=0.0001 accD=0.9375
step=2619200 rec=0.009085 dis=0.152889 adv=4.039324 lam=0.0001 accD=0.9375
step=2620000 rec=0.009102 dis=0.241937 adv=4.651145 lam=0.0001 accD=0.8750
step=2620800 rec=0.012382 dis=0.089217 adv=4.274751 lam=0.0001 accD=1.0000
step=2621600 rec=0.009002 dis=0.288205 adv=3.572033 lam=0.0001 accD=0.9062
step=2622400 rec=0.011699 dis=0.109517 adv=5.492358 lam=0.0001 accD=0.9688
step=2623200 rec=0.009167 dis=0.108357 adv=4.443350 lam=0.0001 accD=0.9375
step=2624000 rec=0.010578 dis=0.200453 adv=4.036869 lam=0.0001 accD=0.8438
step=2624800 rec=0.010524 dis=0.106702 adv=4.904126 lam=0.0001 accD=0.9688
step=2625600 rec=0.009501 dis=0.412435 adv=3.878544 lam=0.0001 accD=0.8438
step=2626400 rec=0.010043 dis=0.167927 adv=3.860377 lam=0.0001 accD=0.8750
step=2627200 rec=0.008534 dis=0.207826 adv=5.055713 lam=0.0001 accD=0.9375
step=2628000 rec=0.011099 dis=0.306880 adv=3.856557 lam=0.0001 accD=0.8438
step=2628800 rec=0.009780 dis=0.220292 adv=4.430174 lam=0.0001 accD=0.8750
step=2629600 rec=0.010423 dis=0.109277 adv=4.525489 lam=0.0001 accD=0.9688
step=2630400 rec=0.010067 dis=0.139869 adv=4.019318 lam=0.0001 accD=0.9375
step=2631200 rec=0.009314 dis=0.291343 adv=5.178203 lam=0.0001 accD=0.8750
step=2632000 rec=0.009155 dis=0.275693 adv=4.809563 lam=0.0001 accD=0.8438
step=2632800 rec=0.010035 dis=0.316888 adv=3.727253 lam=0.0001 accD=0.9062
step=2633600 rec=0.010845 dis=0.169557 adv=3.771701 lam=0.0001 accD=0.9375
step=2634400 rec=0.010098 dis=0.130194 adv=3.824738 lam=0.0001 accD=0.9688
step=2635200 rec=0.010609 dis=0.300486 adv=4.338561 lam=0.0001 accD=0.8750
step=2636000 rec=0.010646 dis=0.168758 adv=3.946036 lam=0.0001 accD=0.8750
step=2636800 rec=0.008825 dis=0.150459 adv=4.521372 lam=0.0001 accD=0.9375
step=2637600 rec=0.009340 dis=0.270428 adv=4.229969 lam=0.0001 accD=0.9062
step=2638400 rec=0.010749 dis=0.124569 adv=4.624809 lam=0.0001 accD=0.9688
step=2639200 rec=0.010567 dis=0.090318 adv=5.526596 lam=0.0001 accD=0.9688
step=2640000 rec=0.008983 dis=0.213013 adv=4.385244 lam=0.0001 accD=0.9062
step=2640800 rec=0.010766 dis=0.251381 adv=4.670466 lam=0.0001 accD=0.8750
step=2641600 rec=0.011450 dis=0.240776 adv=4.601702 lam=0.0001 accD=0.8750
step=2642400 rec=0.010649 dis=0.236548 adv=3.989877 lam=0.0001 accD=0.8750
step=2643200 rec=0.010628 dis=0.182165 adv=4.171455 lam=0.0001 accD=0.9688
step=2644000 rec=0.010646 dis=0.162425 adv=4.793478 lam=0.0001 accD=0.9062
step=2644800 rec=0.009826 dis=0.181027 adv=4.487070 lam=0.0001 accD=0.8750
step=2645600 rec=0.010420 dis=0.064016 adv=4.685500 lam=0.0001 accD=1.0000
step=2646400 rec=0.008521 dis=0.250316 adv=4.082282 lam=0.0001 accD=0.8750
step=2647200 rec=0.009074 dis=0.296272 adv=4.210417 lam=0.0001 accD=0.8438
step=2648000 rec=0.009159 dis=0.174949 adv=3.792748 lam=0.0001 accD=0.9062
step=2648800 rec=0.010434 dis=0.276182 adv=4.916981 lam=0.0001 accD=0.8750
[VAL] epoch=52 val_rec=0.009528 time_min=1.8
step=2649600 rec=0.009367 dis=0.156584 adv=4.079062 lam=0.0001 accD=0.9062
step=2650400 rec=0.010459 dis=0.326981 adv=4.075692 lam=0.0001 accD=0.8125
step=2651200 rec=0.009747 dis=0.246713 adv=4.447551 lam=0.0001 accD=0.9062
step=2652000 rec=0.009482 dis=0.282767 adv=4.987986 lam=0.0001 accD=0.8438
step=2652800 rec=0.009641 dis=0.093258 adv=4.339530 lam=0.0001 accD=1.0000
step=2653600 rec=0.010305 dis=0.141436 adv=4.120996 lam=0.0001 accD=0.9375
step=2654400 rec=0.010275 dis=0.062463 adv=5.071840 lam=0.0001 accD=1.0000
step=2655200 rec=0.008873 dis=0.197189 adv=3.986729 lam=0.0001 accD=0.8438
step=2656000 rec=0.010741 dis=0.361789 adv=3.972342 lam=0.0001 accD=0.8750
step=2656800 rec=0.009692 dis=0.137418 adv=4.361634 lam=0.0001 accD=0.9375
step=2657600 rec=0.010764 dis=0.165372 adv=4.499824 lam=0.0001 accD=0.9062
step=2658400 rec=0.008767 dis=0.229139 adv=4.401772 lam=0.0001 accD=0.8438
step=2659200 rec=0.010194 dis=0.198132 adv=4.130204 lam=0.0001 accD=0.9375
step=2660000 rec=0.009448 dis=0.105201 adv=4.996665 lam=0.0001 accD=0.9375
step=2660800 rec=0.010501 dis=0.136699 adv=4.345667 lam=0.0001 accD=0.9688
step=2661600 rec=0.010203 dis=0.064652 adv=4.924347 lam=0.0001 accD=0.9688
step=2662400 rec=0.010809 dis=0.259771 adv=3.684755 lam=0.0001 accD=0.9375
step=2663200 rec=0.010752 dis=0.095434 adv=4.686972 lam=0.0001 accD=1.0000
step=2664000 rec=0.010566 dis=0.243685 adv=3.948811 lam=0.0001 accD=0.8438
step=2664800 rec=0.009531 dis=0.215155 adv=4.382241 lam=0.0001 accD=0.9062
step=2665600 rec=0.010766 dis=0.128313 adv=5.105553 lam=0.0001 accD=0.9688
step=2666400 rec=0.010890 dis=0.147965 adv=3.742547 lam=0.0001 accD=0.9375
step=2667200 rec=0.009879 dis=0.146349 adv=5.110467 lam=0.0001 accD=0.9062
step=2668000 rec=0.009494 dis=0.099139 adv=4.428097 lam=0.0001 accD=1.0000
step=2668800 rec=0.010032 dis=0.082152 adv=4.564881 lam=0.0001 accD=1.0000
step=2669600 rec=0.009801 dis=0.263772 adv=4.130937 lam=0.0001 accD=0.9062
step=2670400 rec=0.007940 dis=0.231348 adv=4.710711 lam=0.0001 accD=0.8750
step=2671200 rec=0.010701 dis=0.276158 adv=4.442606 lam=0.0001 accD=0.9062
step=2672000 rec=0.010240 dis=0.199350 adv=4.810872 lam=0.0001 accD=0.9062
step=2672800 rec=0.011678 dis=0.202523 adv=5.116703 lam=0.0001 accD=0.8750
step=2673600 rec=0.009281 dis=0.293596 adv=4.048586 lam=0.0001 accD=0.8750
step=2674400 rec=0.009246 dis=0.092023 adv=5.116192 lam=0.0001 accD=0.9688
step=2675200 rec=0.009716 dis=0.181493 adv=4.731723 lam=0.0001 accD=0.9375
step=2676000 rec=0.010487 dis=0.133510 adv=4.597605 lam=0.0001 accD=0.9688
step=2676800 rec=0.009245 dis=0.338577 adv=3.722927 lam=0.0001 accD=0.8438
step=2677600 rec=0.011149 dis=0.129067 adv=3.629932 lam=0.0001 accD=1.0000
step=2678400 rec=0.009860 dis=0.211402 adv=3.967011 lam=0.0001 accD=0.9375
step=2679200 rec=0.011190 dis=0.246632 adv=3.712723 lam=0.0001 accD=0.9375
step=2680000 rec=0.010081 dis=0.159577 adv=4.030087 lam=0.0001 accD=0.9375
step=2680800 rec=0.011869 dis=0.214751 adv=3.933635 lam=0.0001 accD=0.8750
step=2681600 rec=0.009109 dis=0.106732 adv=4.484672 lam=0.0001 accD=0.9688
step=2682400 rec=0.010348 dis=0.208632 adv=5.007611 lam=0.0001 accD=0.9062
step=2683200 rec=0.008543 dis=0.332252 adv=3.780700 lam=0.0001 accD=0.8125
step=2684000 rec=0.010783 dis=0.267082 adv=3.816192 lam=0.0001 accD=0.8750
step=2684800 rec=0.011079 dis=0.159899 adv=3.921427 lam=0.0001 accD=0.9375
step=2685600 rec=0.010528 dis=0.239244 adv=3.679072 lam=0.0001 accD=0.9062
step=2686400 rec=0.008878 dis=0.169767 adv=4.388505 lam=0.0001 accD=0.9688
step=2687200 rec=0.010941 dis=0.239324 adv=4.643677 lam=0.0001 accD=0.8750
step=2688000 rec=0.009923 dis=0.269614 adv=4.374049 lam=0.0001 accD=0.8750
step=2688800 rec=0.009188 dis=0.188350 adv=4.484123 lam=0.0001 accD=0.9375
step=2689600 rec=0.009894 dis=0.100811 adv=4.598801 lam=0.0001 accD=0.9688
step=2690400 rec=0.009458 dis=0.178848 adv=4.218584 lam=0.0001 accD=0.8750
step=2691200 rec=0.009489 dis=0.122534 adv=4.910583 lam=0.0001 accD=0.9688
step=2692000 rec=0.010947 dis=0.161538 adv=4.315607 lam=0.0001 accD=0.9688
step=2692800 rec=0.010412 dis=0.137159 adv=4.325713 lam=0.0001 accD=0.9688
step=2693600 rec=0.010840 dis=0.119965 adv=4.759359 lam=0.0001 accD=0.9375
step=2694400 rec=0.012753 dis=0.112387 adv=3.989826 lam=0.0001 accD=0.9375
step=2695200 rec=0.009554 dis=0.153094 adv=4.130905 lam=0.0001 accD=0.9375
step=2696000 rec=0.009786 dis=0.131926 adv=4.548104 lam=0.0001 accD=0.9062
step=2696800 rec=0.011968 dis=0.090548 adv=4.501858 lam=0.0001 accD=0.9688
step=2697600 rec=0.010949 dis=0.086300 adv=4.238369 lam=0.0001 accD=1.0000
step=2698400 rec=0.008335 dis=0.552990 adv=4.062353 lam=0.0001 accD=0.8438
[VAL] epoch=53 val_rec=0.009529 time_min=1.7
step=2699200 rec=0.009906 dis=0.173518 adv=4.768756 lam=0.0001 accD=0.9062
step=2700000 rec=0.009490 dis=0.088776 adv=3.881644 lam=0.0001 accD=0.9688
step=2700800 rec=0.010413 dis=0.174400 adv=4.428105 lam=0.0001 accD=0.9375
step=2701600 rec=0.009994 dis=0.209395 adv=3.869643 lam=0.0001 accD=0.9375
step=2702400 rec=0.009736 dis=0.171446 adv=4.423591 lam=0.0001 accD=0.9062
step=2703200 rec=0.010343 dis=0.266317 adv=3.852232 lam=0.0001 accD=0.8750
step=2704000 rec=0.010803 dis=0.211001 adv=4.310366 lam=0.0001 accD=0.9375
step=2704800 rec=0.009265 dis=0.090286 adv=4.737021 lam=0.0001 accD=1.0000
step=2705600 rec=0.008979 dis=0.192321 adv=4.399117 lam=0.0001 accD=0.9375
step=2706400 rec=0.009876 dis=0.131953 adv=4.599735 lam=0.0001 accD=0.9062
step=2707200 rec=0.010470 dis=0.154002 adv=4.411357 lam=0.0001 accD=0.9688
step=2708000 rec=0.010258 dis=0.259367 adv=3.951221 lam=0.0001 accD=0.8438
step=2708800 rec=0.011638 dis=0.360042 adv=3.993641 lam=0.0001 accD=0.8438
step=2709600 rec=0.009483 dis=0.184575 adv=4.660572 lam=0.0001 accD=0.8750
step=2710400 rec=0.012734 dis=0.269233 adv=4.089270 lam=0.0001 accD=0.9062
step=2711200 rec=0.010717 dis=0.253382 adv=4.425036 lam=0.0001 accD=0.9062
step=2712000 rec=0.009818 dis=0.168690 adv=4.351705 lam=0.0001 accD=0.9375
step=2712800 rec=0.009427 dis=0.117937 adv=5.161708 lam=0.0001 accD=0.9688
step=2713600 rec=0.010229 dis=0.294167 adv=4.257728 lam=0.0001 accD=0.8750
step=2714400 rec=0.011163 dis=0.357974 adv=3.798718 lam=0.0001 accD=0.7500
step=2715200 rec=0.008051 dis=0.200707 adv=4.478108 lam=0.0001 accD=0.9375
step=2716000 rec=0.010094 dis=0.528953 adv=3.261836 lam=0.0001 accD=0.8125
step=2716800 rec=0.009638 dis=0.384492 adv=3.946973 lam=0.0001 accD=0.8750
step=2717600 rec=0.008822 dis=0.157500 adv=3.767454 lam=0.0001 accD=0.9375
step=2718400 rec=0.011052 dis=0.205357 adv=4.595715 lam=0.0001 accD=0.9062
step=2719200 rec=0.011986 dis=0.204669 adv=4.628595 lam=0.0001 accD=0.8438
step=2720000 rec=0.010296 dis=0.126039 adv=4.631907 lam=0.0001 accD=0.9062
step=2720800 rec=0.010933 dis=0.157701 adv=4.455703 lam=0.0001 accD=0.9375
step=2721600 rec=0.012124 dis=0.261270 adv=3.720633 lam=0.0001 accD=0.8750
step=2722400 rec=0.010221 dis=0.210147 adv=4.318098 lam=0.0001 accD=0.9375
step=2723200 rec=0.010046 dis=0.374933 adv=4.701774 lam=0.0001 accD=0.9062
step=2724000 rec=0.009802 dis=0.345113 adv=3.950703 lam=0.0001 accD=0.8750
step=2724800 rec=0.009728 dis=0.118332 adv=4.878325 lam=0.0001 accD=1.0000
step=2725600 rec=0.010520 dis=0.078892 adv=5.081188 lam=0.0001 accD=0.9688
step=2726400 rec=0.009703 dis=0.195454 adv=4.113529 lam=0.0001 accD=0.9375
step=2727200 rec=0.009564 dis=0.259117 adv=4.614908 lam=0.0001 accD=0.9062
step=2728000 rec=0.011714 dis=0.201852 adv=4.226966 lam=0.0001 accD=0.9062
step=2728800 rec=0.011268 dis=0.253969 adv=4.138034 lam=0.0001 accD=0.8125
step=2729600 rec=0.010999 dis=0.110919 adv=4.662510 lam=0.0001 accD=0.9688
step=2730400 rec=0.008508 dis=0.151982 adv=4.363474 lam=0.0001 accD=0.9062
step=2731200 rec=0.009098 dis=0.167050 adv=4.253230 lam=0.0001 accD=0.9375
step=2732000 rec=0.010244 dis=0.174814 adv=4.124860 lam=0.0001 accD=0.9062
step=2732800 rec=0.009560 dis=0.139298 adv=4.743951 lam=0.0001 accD=0.9375
step=2733600 rec=0.010304 dis=0.228836 adv=4.301000 lam=0.0001 accD=0.9688
step=2734400 rec=0.010427 dis=0.089243 adv=4.954100 lam=0.0001 accD=0.9688
step=2735200 rec=0.008730 dis=0.146958 adv=4.245114 lam=0.0001 accD=0.9375
step=2736000 rec=0.009630 dis=0.158556 adv=4.375254 lam=0.0001 accD=0.9062
step=2736800 rec=0.010316 dis=0.229752 adv=4.496275 lam=0.0001 accD=0.9062
step=2737600 rec=0.008695 dis=0.055593 adv=4.883551 lam=0.0001 accD=1.0000
step=2738400 rec=0.010220 dis=0.181409 adv=4.571496 lam=0.0001 accD=0.9688
step=2739200 rec=0.010334 dis=0.070384 adv=4.779451 lam=0.0001 accD=1.0000
step=2740000 rec=0.010090 dis=0.371580 adv=4.065066 lam=0.0001 accD=0.9062
step=2740800 rec=0.009304 dis=0.105152 adv=4.491381 lam=0.0001 accD=0.9688
step=2741600 rec=0.010362 dis=0.178402 adv=4.738803 lam=0.0001 accD=0.8750
step=2742400 rec=0.009941 dis=0.302853 adv=4.662907 lam=0.0001 accD=0.8750
step=2743200 rec=0.011510 dis=0.193262 adv=4.349881 lam=0.0001 accD=0.9688
step=2744000 rec=0.012233 dis=0.248302 adv=4.006712 lam=0.0001 accD=0.8438
step=2744800 rec=0.009677 dis=0.157701 adv=4.436768 lam=0.0001 accD=0.9062
step=2745600 rec=0.010458 dis=0.174054 adv=4.306850 lam=0.0001 accD=0.9375
step=2746400 rec=0.009073 dis=0.130010 adv=4.660742 lam=0.0001 accD=0.9688
step=2747200 rec=0.013099 dis=0.377661 adv=4.134191 lam=0.0001 accD=0.8125
step=2748000 rec=0.010322 dis=0.380087 adv=4.328769 lam=0.0001 accD=0.7812
step=2748800 rec=0.009462 dis=0.094084 adv=4.632517 lam=0.0001 accD=0.9688
[VAL] epoch=54 val_rec=0.009611 time_min=1.8
step=2749600 rec=0.010792 dis=0.330834 adv=3.755421 lam=0.0001 accD=0.8750
step=2750400 rec=0.010988 dis=0.132397 adv=4.984465 lam=0.0001 accD=0.9375
step=2751200 rec=0.007767 dis=0.214455 adv=3.935836 lam=0.0001 accD=0.8750
step=2752000 rec=0.010767 dis=0.096656 adv=4.743952 lam=0.0001 accD=0.9375
step=2752800 rec=0.009340 dis=0.237828 adv=4.189163 lam=0.0001 accD=0.8125
step=2753600 rec=0.009681 dis=0.154298 adv=4.252820 lam=0.0001 accD=0.9688
step=2754400 rec=0.009212 dis=0.155707 adv=4.374963 lam=0.0001 accD=0.9375
step=2755200 rec=0.010328 dis=0.125731 adv=3.825982 lam=0.0001 accD=0.9688
step=2756000 rec=0.012508 dis=0.462523 adv=3.774650 lam=0.0001 accD=0.7500
step=2756800 rec=0.009511 dis=0.186436 adv=4.312975 lam=0.0001 accD=0.9375
step=2757600 rec=0.009473 dis=0.161172 adv=4.568136 lam=0.0001 accD=0.9688
step=2758400 rec=0.008444 dis=0.216886 adv=3.802835 lam=0.0001 accD=0.9688
step=2759200 rec=0.010876 dis=0.122370 adv=4.863058 lam=0.0001 accD=0.9375
step=2760000 rec=0.010676 dis=0.272280 adv=4.225927 lam=0.0001 accD=0.8750
step=2760800 rec=0.009374 dis=0.148013 adv=4.000770 lam=0.0001 accD=0.9688
step=2761600 rec=0.009406 dis=0.151051 adv=4.679150 lam=0.0001 accD=0.9688
step=2762400 rec=0.010526 dis=0.165523 adv=4.525713 lam=0.0001 accD=0.9375
step=2763200 rec=0.011576 dis=0.172788 adv=4.938804 lam=0.0001 accD=0.9375
step=2764000 rec=0.010069 dis=0.159170 adv=4.580256 lam=0.0001 accD=0.9375
step=2764800 rec=0.011178 dis=0.198232 adv=3.834462 lam=0.0001 accD=0.9375
step=2765600 rec=0.008782 dis=0.210458 adv=4.851279 lam=0.0001 accD=0.9062
step=2766400 rec=0.010209 dis=0.270589 adv=4.060259 lam=0.0001 accD=0.8750
step=2767200 rec=0.010551 dis=0.107497 adv=4.337909 lam=0.0001 accD=0.9688
step=2768000 rec=0.010491 dis=0.214544 adv=4.156517 lam=0.0001 accD=0.8750
step=2768800 rec=0.010599 dis=0.285038 adv=3.849502 lam=0.0001 accD=0.8750
step=2769600 rec=0.011550 dis=0.257751 adv=4.337440 lam=0.0001 accD=0.8438
step=2770400 rec=0.010283 dis=0.168435 adv=4.653528 lam=0.0001 accD=0.9375
step=2771200 rec=0.010167 dis=0.218540 adv=4.484735 lam=0.0001 accD=0.8750
step=2772000 rec=0.010846 dis=0.281655 adv=4.767958 lam=0.0001 accD=0.8750
step=2772800 rec=0.010784 dis=0.170336 adv=4.482004 lam=0.0001 accD=0.9375
step=2773600 rec=0.008678 dis=0.151507 adv=4.458931 lam=0.0001 accD=0.9375
step=2774400 rec=0.009073 dis=0.158346 adv=4.447463 lam=0.0001 accD=0.9688
step=2775200 rec=0.009681 dis=0.208939 adv=4.615521 lam=0.0001 accD=0.9375
step=2776000 rec=0.010039 dis=0.070742 adv=4.908775 lam=0.0001 accD=1.0000
step=2776800 rec=0.009990 dis=0.147266 adv=4.415095 lam=0.0001 accD=0.9375
step=2777600 rec=0.009993 dis=0.281997 adv=4.001874 lam=0.0001 accD=0.8750
step=2778400 rec=0.010072 dis=0.175499 adv=4.344040 lam=0.0001 accD=0.9375
step=2779200 rec=0.011798 dis=0.279416 adv=3.957996 lam=0.0001 accD=0.8750
step=2780000 rec=0.011271 dis=0.296710 adv=4.329783 lam=0.0001 accD=0.9062
step=2780800 rec=0.009751 dis=0.153984 adv=4.134182 lam=0.0001 accD=0.9688
step=2781600 rec=0.009765 dis=0.121481 adv=4.699066 lam=0.0001 accD=0.9688
step=2782400 rec=0.009624 dis=0.176926 adv=4.347102 lam=0.0001 accD=0.9375
step=2783200 rec=0.009489 dis=0.105655 adv=4.806859 lam=0.0001 accD=0.9688
step=2784000 rec=0.008094 dis=0.089099 adv=4.038654 lam=0.0001 accD=1.0000
step=2784800 rec=0.010671 dis=0.202703 adv=4.537289 lam=0.0001 accD=0.8750
step=2785600 rec=0.011015 dis=0.191588 adv=4.682113 lam=0.0001 accD=0.9688
step=2786400 rec=0.010023 dis=0.110316 adv=4.913450 lam=0.0001 accD=0.9688
step=2787200 rec=0.010568 dis=0.192625 adv=4.356781 lam=0.0001 accD=0.9062
step=2788000 rec=0.010752 dis=0.361949 adv=3.929734 lam=0.0001 accD=0.8750
step=2788800 rec=0.009876 dis=0.183860 adv=4.912662 lam=0.0001 accD=0.9375
step=2789600 rec=0.011335 dis=0.254776 adv=4.929099 lam=0.0001 accD=0.8750
step=2790400 rec=0.010382 dis=0.101513 adv=4.720817 lam=0.0001 accD=1.0000
step=2791200 rec=0.008551 dis=0.138114 adv=4.854728 lam=0.0001 accD=0.9688
step=2792000 rec=0.011570 dis=0.274371 adv=4.254032 lam=0.0001 accD=0.8750
step=2792800 rec=0.010606 dis=0.087968 adv=4.809907 lam=0.0001 accD=0.9688
step=2793600 rec=0.010431 dis=0.115769 adv=4.029094 lam=0.0001 accD=0.9688
step=2794400 rec=0.010173 dis=0.373467 adv=3.667962 lam=0.0001 accD=0.7812
step=2795200 rec=0.010264 dis=0.109780 adv=4.799068 lam=0.0001 accD=0.9688
step=2796000 rec=0.008876 dis=0.126060 adv=4.399260 lam=0.0001 accD=0.9375
step=2796800 rec=0.009686 dis=0.238001 adv=4.423080 lam=0.0001 accD=0.9375
step=2797600 rec=0.009953 dis=0.107890 adv=4.089684 lam=0.0001 accD=1.0000
step=2798400 rec=0.009036 dis=0.161793 adv=5.487903 lam=0.0001 accD=0.9375
[VAL] epoch=55 val_rec=0.009510 time_min=1.7
step=2799200 rec=0.009505 dis=0.107883 adv=5.582424 lam=0.0001 accD=0.9375
step=2800000 rec=0.009982 dis=0.480773 adv=3.813312 lam=0.0001 accD=0.8125
step=2800800 rec=0.009148 dis=0.188989 adv=4.709950 lam=0.0001 accD=0.9062
step=2801600 rec=0.009856 dis=0.173132 adv=4.088759 lam=0.0001 accD=0.9062
step=2802400 rec=0.009718 dis=0.117933 adv=4.339520 lam=0.0001 accD=0.9688
step=2803200 rec=0.009425 dis=0.127704 adv=4.150719 lam=0.0001 accD=0.9375
step=2804000 rec=0.011434 dis=0.191379 adv=4.860622 lam=0.0001 accD=0.9062
step=2804800 rec=0.010541 dis=0.107389 adv=4.429646 lam=0.0001 accD=0.9688
step=2805600 rec=0.011042 dis=0.057416 adv=5.420718 lam=0.0001 accD=1.0000
step=2806400 rec=0.010565 dis=0.150078 adv=4.281228 lam=0.0001 accD=0.9375
step=2807200 rec=0.010604 dis=0.147341 adv=4.210333 lam=0.0001 accD=0.9375
step=2808000 rec=0.009284 dis=0.178244 adv=4.636113 lam=0.0001 accD=0.9062
step=2808800 rec=0.010380 dis=0.357969 adv=4.085818 lam=0.0001 accD=0.8438
step=2809600 rec=0.009336 dis=0.139683 adv=4.100062 lam=0.0001 accD=0.9688
step=2810400 rec=0.011085 dis=0.216173 adv=4.184318 lam=0.0001 accD=0.9688
step=2811200 rec=0.011235 dis=0.221249 adv=3.570991 lam=0.0001 accD=0.9062
step=2812000 rec=0.010646 dis=0.300418 adv=4.071037 lam=0.0001 accD=0.8750
step=2812800 rec=0.010405 dis=0.209045 adv=4.625527 lam=0.0001 accD=0.9062
step=2813600 rec=0.011621 dis=0.330001 adv=4.036201 lam=0.0001 accD=0.8125
step=2814400 rec=0.010212 dis=0.138868 adv=4.453022 lam=0.0001 accD=0.9375
step=2815200 rec=0.009055 dis=0.153934 adv=4.961431 lam=0.0001 accD=0.9375
step=2816000 rec=0.009360 dis=0.252095 adv=4.239106 lam=0.0001 accD=0.8750
step=2816800 rec=0.010592 dis=0.251909 adv=4.702927 lam=0.0001 accD=0.8438
step=2817600 rec=0.010137 dis=0.120790 adv=4.451169 lam=0.0001 accD=0.9688
step=2818400 rec=0.010170 dis=0.068209 adv=5.669724 lam=0.0001 accD=0.9688
step=2819200 rec=0.007779 dis=0.184441 adv=4.542532 lam=0.0001 accD=0.9062
step=2820000 rec=0.009343 dis=0.165523 adv=3.947020 lam=0.0001 accD=0.9375
step=2820800 rec=0.009375 dis=0.112982 adv=4.475647 lam=0.0001 accD=0.9688
step=2821600 rec=0.011993 dis=0.102479 adv=4.845353 lam=0.0001 accD=1.0000
step=2822400 rec=0.009333 dis=0.174766 adv=4.110416 lam=0.0001 accD=0.9688
step=2823200 rec=0.010258 dis=0.151876 adv=4.347542 lam=0.0001 accD=0.9375
step=2824000 rec=0.007726 dis=0.295965 adv=4.186433 lam=0.0001 accD=0.9062
step=2824800 rec=0.011594 dis=0.173729 adv=4.381600 lam=0.0001 accD=0.9062
step=2825600 rec=0.008799 dis=0.255542 adv=4.004856 lam=0.0001 accD=0.9062
step=2826400 rec=0.009183 dis=0.221187 adv=3.789862 lam=0.0001 accD=0.9062
step=2827200 rec=0.010380 dis=0.145528 adv=4.884359 lam=0.0001 accD=0.9062
step=2828000 rec=0.008496 dis=0.095395 adv=4.060143 lam=0.0001 accD=1.0000
step=2828800 rec=0.009168 dis=0.134426 adv=4.019735 lam=0.0001 accD=0.9688
step=2829600 rec=0.010305 dis=0.161290 adv=4.139005 lam=0.0001 accD=0.9062
step=2830400 rec=0.009261 dis=0.265388 adv=4.715681 lam=0.0001 accD=0.8750
step=2831200 rec=0.010789 dis=0.168353 adv=4.803431 lam=0.0001 accD=0.9375
step=2832000 rec=0.010568 dis=0.305234 adv=4.943457 lam=0.0001 accD=0.9062
step=2832800 rec=0.010280 dis=0.314250 adv=4.001480 lam=0.0001 accD=0.8438
step=2833600 rec=0.011255 dis=0.090359 adv=4.878805 lam=0.0001 accD=0.9688
step=2834400 rec=0.010089 dis=0.301870 adv=4.436260 lam=0.0001 accD=0.9062
step=2835200 rec=0.009529 dis=0.235143 adv=4.262219 lam=0.0001 accD=0.8750
step=2836000 rec=0.008434 dis=0.080710 adv=4.727263 lam=0.0001 accD=1.0000
step=2836800 rec=0.010274 dis=0.089539 adv=4.930937 lam=0.0001 accD=0.9688
step=2837600 rec=0.009510 dis=0.275109 adv=3.884641 lam=0.0001 accD=0.8438
step=2838400 rec=0.009229 dis=0.318665 adv=3.977282 lam=0.0001 accD=0.9375
step=2839200 rec=0.009401 dis=0.137245 adv=3.850186 lam=0.0001 accD=0.9688
step=2840000 rec=0.010759 dis=0.084033 adv=4.712618 lam=0.0001 accD=1.0000
step=2840800 rec=0.010052 dis=0.288369 adv=4.134585 lam=0.0001 accD=0.8750
step=2841600 rec=0.009656 dis=0.221914 adv=4.503646 lam=0.0001 accD=0.9375
step=2842400 rec=0.008491 dis=0.204607 adv=4.641101 lam=0.0001 accD=0.8750
step=2843200 rec=0.010480 dis=0.238607 adv=4.344930 lam=0.0001 accD=0.8750
step=2844000 rec=0.010082 dis=0.189890 adv=4.573742 lam=0.0001 accD=0.9375
step=2844800 rec=0.009346 dis=0.267976 adv=4.277767 lam=0.0001 accD=0.9062
step=2845600 rec=0.010532 dis=0.161632 adv=4.841180 lam=0.0001 accD=0.9375
step=2846400 rec=0.010841 dis=0.206400 adv=4.464342 lam=0.0001 accD=0.9062
step=2847200 rec=0.009821 dis=0.065137 adv=5.127676 lam=0.0001 accD=1.0000
step=2848000 rec=0.008789 dis=0.162996 adv=4.365391 lam=0.0001 accD=0.9375
step=2848800 rec=0.010457 dis=0.195061 adv=4.369751 lam=0.0001 accD=0.9062
[VAL] epoch=56 val_rec=0.010186 time_min=1.7
step=2849600 rec=0.010183 dis=0.155637 adv=4.419417 lam=0.0001 accD=0.9375
step=2850400 rec=0.011334 dis=0.195914 adv=4.291704 lam=0.0001 accD=0.9062
step=2851200 rec=0.011257 dis=0.128703 adv=4.314815 lam=0.0001 accD=0.9688
step=2852000 rec=0.009430 dis=0.236363 adv=4.120097 lam=0.0001 accD=0.9062
step=2852800 rec=0.010465 dis=0.114056 adv=4.047230 lam=0.0001 accD=1.0000
step=2853600 rec=0.008904 dis=0.152723 adv=4.100875 lam=0.0001 accD=0.9688
step=2854400 rec=0.009289 dis=0.195764 adv=4.235033 lam=0.0001 accD=0.9375
step=2855200 rec=0.011035 dis=0.177201 adv=3.904635 lam=0.0001 accD=1.0000
step=2856000 rec=0.012040 dis=0.126516 adv=3.976243 lam=0.0001 accD=0.9375
step=2856800 rec=0.010008 dis=0.397701 adv=3.864325 lam=0.0001 accD=0.8750
step=2857600 rec=0.008036 dis=0.277454 adv=4.410460 lam=0.0001 accD=0.8438
step=2858400 rec=0.010025 dis=0.156483 adv=4.501095 lam=0.0001 accD=0.9375
step=2859200 rec=0.010602 dis=0.082939 adv=4.409575 lam=0.0001 accD=0.9688
step=2860000 rec=0.010695 dis=0.124130 adv=4.030128 lam=0.0001 accD=0.9688
step=2860800 rec=0.009731 dis=0.252708 adv=4.808209 lam=0.0001 accD=0.9375
step=2861600 rec=0.007846 dis=0.090671 adv=4.604955 lam=0.0001 accD=0.9375
step=2862400 rec=0.009745 dis=0.344080 adv=4.461711 lam=0.0001 accD=0.8438
step=2863200 rec=0.012667 dis=0.187704 adv=4.005417 lam=0.0001 accD=0.9062
step=2864000 rec=0.009738 dis=0.057674 adv=4.860750 lam=0.0001 accD=1.0000
step=2864800 rec=0.011114 dis=0.123974 adv=4.160004 lam=0.0001 accD=0.9688
step=2865600 rec=0.009301 dis=0.442836 adv=3.874405 lam=0.0001 accD=0.8438
step=2866400 rec=0.012016 dis=0.245919 adv=4.680799 lam=0.0001 accD=0.9375
step=2867200 rec=0.010090 dis=0.156209 adv=4.318283 lam=0.0001 accD=0.9375
step=2868000 rec=0.009623 dis=0.147238 adv=4.766555 lam=0.0001 accD=0.9375
step=2868800 rec=0.010340 dis=0.045889 adv=5.022461 lam=0.0001 accD=1.0000
step=2869600 rec=0.009269 dis=0.360854 adv=4.106642 lam=0.0001 accD=0.8750
step=2870400 rec=0.009337 dis=0.162791 adv=4.621347 lam=0.0001 accD=0.9375
step=2871200 rec=0.009576 dis=0.243306 adv=3.776320 lam=0.0001 accD=0.9062
step=2872000 rec=0.009667 dis=0.141030 adv=5.067530 lam=0.0001 accD=0.9688
step=2872800 rec=0.009299 dis=0.108339 adv=5.284824 lam=0.0001 accD=0.9375
step=2873600 rec=0.010926 dis=0.299682 adv=3.836231 lam=0.0001 accD=0.8125
step=2874400 rec=0.009222 dis=0.085376 adv=4.926288 lam=0.0001 accD=0.9688
step=2875200 rec=0.010221 dis=0.187827 adv=4.476140 lam=0.0001 accD=0.9062
step=2876000 rec=0.009041 dis=0.094008 adv=4.677965 lam=0.0001 accD=0.9688
step=2876800 rec=0.010402 dis=0.330548 adv=4.216086 lam=0.0001 accD=0.8438
step=2877600 rec=0.009425 dis=0.152548 adv=4.211332 lam=0.0001 accD=0.9375
step=2878400 rec=0.010004 dis=0.055184 adv=5.013387 lam=0.0001 accD=1.0000
step=2879200 rec=0.010370 dis=0.121863 adv=4.694708 lam=0.0001 accD=0.9688
step=2880000 rec=0.009591 dis=0.140219 adv=5.015978 lam=0.0001 accD=0.9688
step=2880800 rec=0.011917 dis=0.291305 adv=4.844162 lam=0.0001 accD=0.8750
step=2881600 rec=0.008504 dis=0.141569 adv=4.115588 lam=0.0001 accD=0.9375
step=2882400 rec=0.008839 dis=0.205293 adv=4.219157 lam=0.0001 accD=0.9062
step=2883200 rec=0.009446 dis=0.224436 adv=4.025391 lam=0.0001 accD=0.8438
step=2884000 rec=0.009441 dis=0.057496 adv=5.147432 lam=0.0001 accD=1.0000
step=2884800 rec=0.008963 dis=0.087100 adv=4.885743 lam=0.0001 accD=0.9688
step=2885600 rec=0.009157 dis=0.188140 adv=4.096167 lam=0.0001 accD=0.9375
step=2886400 rec=0.010268 dis=0.104813 adv=5.078195 lam=0.0001 accD=0.9375
step=2887200 rec=0.008827 dis=0.331380 adv=4.327740 lam=0.0001 accD=0.8438
step=2888000 rec=0.009250 dis=0.294218 adv=4.710274 lam=0.0001 accD=0.8750
step=2888800 rec=0.008313 dis=0.160782 adv=4.311562 lam=0.0001 accD=0.9688
step=2889600 rec=0.010585 dis=0.115488 adv=4.236100 lam=0.0001 accD=0.9375
step=2890400 rec=0.011639 dis=0.264239 adv=4.191490 lam=0.0001 accD=0.8125
step=2891200 rec=0.009806 dis=0.133043 adv=4.985377 lam=0.0001 accD=0.9375
step=2892000 rec=0.008491 dis=0.162643 adv=4.681512 lam=0.0001 accD=0.9062
step=2892800 rec=0.008605 dis=0.218361 adv=4.641482 lam=0.0001 accD=0.8750
step=2893600 rec=0.010003 dis=0.166931 adv=5.231397 lam=0.0001 accD=0.9375
step=2894400 rec=0.009525 dis=0.120798 adv=4.699772 lam=0.0001 accD=0.9688
step=2895200 rec=0.009129 dis=0.163576 adv=4.547675 lam=0.0001 accD=0.9062
step=2896000 rec=0.009227 dis=0.150740 adv=4.423867 lam=0.0001 accD=0.9062
step=2896800 rec=0.012629 dis=0.151614 adv=4.681684 lam=0.0001 accD=0.9375
step=2897600 rec=0.010907 dis=0.408629 adv=3.861276 lam=0.0001 accD=0.8438
step=2898400 rec=0.008726 dis=0.130773 adv=4.681709 lam=0.0001 accD=0.9375
[VAL] epoch=57 val_rec=0.009601 time_min=1.7
step=2899200 rec=0.009537 dis=0.219242 adv=3.910555 lam=0.0001 accD=0.9062
step=2900000 rec=0.010112 dis=0.142587 adv=4.406301 lam=0.0001 accD=0.9375
step=2900800 rec=0.010847 dis=0.264259 adv=4.517907 lam=0.0001 accD=0.8750
step=2901600 rec=0.008692 dis=0.098359 adv=4.266187 lam=0.0001 accD=0.9688
step=2902400 rec=0.009947 dis=0.453379 adv=4.067425 lam=0.0001 accD=0.7812
step=2903200 rec=0.008697 dis=0.158906 adv=4.126658 lam=0.0001 accD=0.9375
step=2904000 rec=0.008902 dis=0.165457 adv=4.395984 lam=0.0001 accD=0.9375
step=2904800 rec=0.009044 dis=0.165568 adv=4.358619 lam=0.0001 accD=0.9688
step=2905600 rec=0.009036 dis=0.125527 adv=4.497809 lam=0.0001 accD=0.9688
step=2906400 rec=0.010019 dis=0.134472 adv=4.712014 lam=0.0001 accD=0.9688
step=2907200 rec=0.009045 dis=0.115087 adv=4.394319 lam=0.0001 accD=0.9688
step=2908000 rec=0.010836 dis=0.273038 adv=4.471999 lam=0.0001 accD=0.8750
step=2908800 rec=0.011318 dis=0.181665 adv=4.546154 lam=0.0001 accD=0.9375
step=2909600 rec=0.010490 dis=0.275216 adv=4.518864 lam=0.0001 accD=0.8750
step=2910400 rec=0.009523 dis=0.133061 adv=4.662826 lam=0.0001 accD=0.9062
step=2911200 rec=0.010713 dis=0.143616 adv=4.419404 lam=0.0001 accD=0.9062
step=2912000 rec=0.008464 dis=0.203310 adv=4.893832 lam=0.0001 accD=0.9062
step=2912800 rec=0.009200 dis=0.302387 adv=4.226491 lam=0.0001 accD=0.9375
step=2913600 rec=0.010702 dis=0.254104 adv=4.473063 lam=0.0001 accD=0.8750
step=2914400 rec=0.009706 dis=0.182674 adv=4.225226 lam=0.0001 accD=0.9062
step=2915200 rec=0.008686 dis=0.128538 adv=4.594927 lam=0.0001 accD=0.9375
step=2916000 rec=0.009553 dis=0.098791 adv=4.114708 lam=0.0001 accD=1.0000
step=2916800 rec=0.011052 dis=0.303754 adv=3.847382 lam=0.0001 accD=0.9062
step=2917600 rec=0.009892 dis=0.273276 adv=3.914138 lam=0.0001 accD=0.9062
step=2918400 rec=0.009390 dis=0.189592 adv=4.146674 lam=0.0001 accD=0.9375
step=2919200 rec=0.010280 dis=0.201551 adv=4.645524 lam=0.0001 accD=0.8750
step=2920000 rec=0.009837 dis=0.341490 adv=4.480199 lam=0.0001 accD=0.8438
step=2920800 rec=0.007772 dis=0.184710 adv=4.990005 lam=0.0001 accD=0.9688
step=2921600 rec=0.009216 dis=0.170888 adv=4.715642 lam=0.0001 accD=0.9062
step=2922400 rec=0.010585 dis=0.321468 adv=4.408554 lam=0.0001 accD=0.8750
step=2923200 rec=0.010803 dis=0.338616 adv=4.624163 lam=0.0001 accD=0.8125
step=2924000 rec=0.008263 dis=0.244642 adv=4.311273 lam=0.0001 accD=0.8750
step=2924800 rec=0.010268 dis=0.143666 adv=4.099031 lam=0.0001 accD=0.9062
step=2925600 rec=0.010819 dis=0.169782 adv=4.260673 lam=0.0001 accD=0.9062
step=2926400 rec=0.010256 dis=0.312879 adv=4.089036 lam=0.0001 accD=0.8750
step=2927200 rec=0.009729 dis=0.162889 adv=4.512515 lam=0.0001 accD=0.9688
step=2928000 rec=0.009900 dis=0.253415 adv=5.076633 lam=0.0001 accD=0.9062
step=2928800 rec=0.009576 dis=0.124253 adv=4.786134 lam=0.0001 accD=0.9375
step=2929600 rec=0.010095 dis=0.084173 adv=4.710596 lam=0.0001 accD=0.9688
step=2930400 rec=0.010087 dis=0.262770 adv=4.860497 lam=0.0001 accD=0.9062
step=2931200 rec=0.008930 dis=0.126030 adv=5.041911 lam=0.0001 accD=0.9375
step=2932000 rec=0.009679 dis=0.235453 adv=4.744953 lam=0.0001 accD=0.9062
step=2932800 rec=0.008768 dis=0.107322 adv=4.851127 lam=0.0001 accD=0.9688
step=2933600 rec=0.011805 dis=0.219511 adv=3.824473 lam=0.0001 accD=0.9375
step=2934400 rec=0.009589 dis=0.236081 adv=4.381367 lam=0.0001 accD=0.8750
step=2935200 rec=0.009269 dis=0.100583 adv=4.751873 lam=0.0001 accD=0.9688
step=2936000 rec=0.010661 dis=0.077027 adv=4.675335 lam=0.0001 accD=1.0000
step=2936800 rec=0.011010 dis=0.205862 adv=3.742903 lam=0.0001 accD=0.9062
step=2937600 rec=0.010401 dis=0.449659 adv=4.754722 lam=0.0001 accD=0.8125
step=2938400 rec=0.009711 dis=0.192943 adv=3.841818 lam=0.0001 accD=0.9062
step=2939200 rec=0.009533 dis=0.101704 adv=4.407382 lam=0.0001 accD=0.9688
step=2940000 rec=0.010923 dis=0.165778 adv=4.607261 lam=0.0001 accD=0.9375
step=2940800 rec=0.010010 dis=0.096011 adv=4.761080 lam=0.0001 accD=0.9688
step=2941600 rec=0.008600 dis=0.089542 adv=4.590755 lam=0.0001 accD=0.9688
step=2942400 rec=0.010404 dis=0.150126 adv=4.138474 lam=0.0001 accD=0.9062
step=2943200 rec=0.009440 dis=0.251949 adv=4.842707 lam=0.0001 accD=0.8750
step=2944000 rec=0.008527 dis=0.262252 adv=4.112119 lam=0.0001 accD=0.8750
step=2944800 rec=0.010895 dis=0.141375 adv=4.460872 lam=0.0001 accD=0.9062
step=2945600 rec=0.009596 dis=0.218023 adv=3.685850 lam=0.0001 accD=0.9375
step=2946400 rec=0.009890 dis=0.170890 adv=5.130244 lam=0.0001 accD=0.9375
step=2947200 rec=0.008603 dis=0.206762 adv=4.334875 lam=0.0001 accD=0.8750
step=2948000 rec=0.008946 dis=0.147809 adv=4.999919 lam=0.0001 accD=0.9688
step=2948800 rec=0.010315 dis=0.180172 adv=4.432961 lam=0.0001 accD=0.9375
[VAL] epoch=58 val_rec=0.009494 time_min=1.8
step=2949600 rec=0.009794 dis=0.257959 adv=4.181997 lam=0.0001 accD=0.9375
step=2950400 rec=0.008947 dis=0.127647 adv=4.633949 lam=0.0001 accD=0.9375
step=2951200 rec=0.009531 dis=0.118601 adv=4.528043 lam=0.0001 accD=0.9688
step=2952000 rec=0.008634 dis=0.220212 adv=3.691940 lam=0.0001 accD=0.9062
step=2952800 rec=0.011046 dis=0.193571 adv=4.537424 lam=0.0001 accD=0.9062
step=2953600 rec=0.011125 dis=0.245808 adv=4.617692 lam=0.0001 accD=0.8438
step=2954400 rec=0.009111 dis=0.237485 adv=3.778959 lam=0.0001 accD=0.8750
step=2955200 rec=0.010033 dis=0.073125 adv=5.167284 lam=0.0001 accD=1.0000
step=2956000 rec=0.009823 dis=0.182873 adv=4.221649 lam=0.0001 accD=0.9375
step=2956800 rec=0.009712 dis=0.193844 adv=3.711845 lam=0.0001 accD=0.9375
step=2957600 rec=0.009769 dis=0.316579 adv=3.907709 lam=0.0001 accD=0.7812
step=2958400 rec=0.008941 dis=0.171333 adv=4.065424 lam=0.0001 accD=0.9375
step=2959200 rec=0.009631 dis=0.194587 adv=4.737171 lam=0.0001 accD=0.9375
step=2960000 rec=0.010329 dis=0.139938 adv=4.475586 lam=0.0001 accD=0.9688
step=2960800 rec=0.009695 dis=0.128377 adv=4.647260 lam=0.0001 accD=0.9375
step=2961600 rec=0.010652 dis=0.128862 adv=4.318788 lam=0.0001 accD=0.9688
step=2962400 rec=0.010136 dis=0.256015 adv=4.946519 lam=0.0001 accD=0.8438
step=2963200 rec=0.010701 dis=0.228495 adv=4.626870 lam=0.0001 accD=0.8750
step=2964000 rec=0.009229 dis=0.112602 adv=4.332657 lam=0.0001 accD=0.9688
step=2964800 rec=0.010087 dis=0.169489 adv=4.561414 lam=0.0001 accD=0.9062
step=2965600 rec=0.009943 dis=0.142352 adv=5.748839 lam=0.0001 accD=0.9375
step=2966400 rec=0.010590 dis=0.187045 adv=4.206313 lam=0.0001 accD=0.9375
step=2967200 rec=0.009998 dis=0.212350 adv=4.341816 lam=0.0001 accD=0.9375
step=2968000 rec=0.009578 dis=0.375215 adv=4.148824 lam=0.0001 accD=0.8438
step=2968800 rec=0.010221 dis=0.123981 adv=5.420476 lam=0.0001 accD=0.9375
step=2969600 rec=0.010279 dis=0.375424 adv=4.475745 lam=0.0001 accD=0.8438
step=2970400 rec=0.009874 dis=0.188495 adv=4.559388 lam=0.0001 accD=0.9375
step=2971200 rec=0.009521 dis=0.304765 adv=3.923945 lam=0.0001 accD=0.8438
step=2972000 rec=0.009826 dis=0.198871 adv=4.696592 lam=0.0001 accD=0.9375
step=2972800 rec=0.009801 dis=0.088428 adv=4.706766 lam=0.0001 accD=0.9375
step=2973600 rec=0.009332 dis=0.106857 adv=4.620250 lam=0.0001 accD=0.9688
step=2974400 rec=0.008314 dis=0.101543 adv=5.025046 lam=0.0001 accD=0.9375
step=2975200 rec=0.009919 dis=0.243772 adv=4.491508 lam=0.0001 accD=0.9062
step=2976000 rec=0.008464 dis=0.209682 adv=4.412838 lam=0.0001 accD=0.8750
step=2976800 rec=0.007160 dis=0.239757 adv=4.660161 lam=0.0001 accD=0.8750
step=2977600 rec=0.008360 dis=0.283124 adv=4.092530 lam=0.0001 accD=0.8438
step=2978400 rec=0.009137 dis=0.060718 adv=4.951116 lam=0.0001 accD=0.9688
step=2979200 rec=0.009374 dis=0.290391 adv=4.150436 lam=0.0001 accD=0.8750
step=2980000 rec=0.010802 dis=0.142734 adv=4.551612 lam=0.0001 accD=0.9688
step=2980800 rec=0.009906 dis=0.242511 adv=4.085690 lam=0.0001 accD=0.9062
step=2981600 rec=0.010445 dis=0.196606 adv=5.184319 lam=0.0001 accD=0.8750
step=2982400 rec=0.010818 dis=0.109194 adv=5.414184 lam=0.0001 accD=0.9375
step=2983200 rec=0.008564 dis=0.245880 adv=4.549622 lam=0.0001 accD=0.9062
step=2984000 rec=0.008708 dis=0.240659 adv=3.636673 lam=0.0001 accD=0.9375
step=2984800 rec=0.009203 dis=0.159904 adv=4.111368 lam=0.0001 accD=0.9375
step=2985600 rec=0.012266 dis=0.082216 adv=4.921908 lam=0.0001 accD=0.9688
step=2986400 rec=0.009134 dis=0.418296 adv=4.219528 lam=0.0001 accD=0.8750
step=2987200 rec=0.010041 dis=0.339028 adv=3.862489 lam=0.0001 accD=0.8438
step=2988000 rec=0.007826 dis=0.123186 adv=4.222427 lam=0.0001 accD=0.9375
step=2988800 rec=0.010633 dis=0.102648 adv=4.516974 lam=0.0001 accD=1.0000
step=2989600 rec=0.009672 dis=0.373886 adv=4.294245 lam=0.0001 accD=0.8750
step=2990400 rec=0.009388 dis=0.172288 adv=3.659967 lam=0.0001 accD=0.9375
step=2991200 rec=0.009750 dis=0.146996 adv=5.522568 lam=0.0001 accD=0.9375
step=2992000 rec=0.010347 dis=0.348448 adv=3.996604 lam=0.0001 accD=0.7812
step=2992800 rec=0.010643 dis=0.282092 adv=4.669469 lam=0.0001 accD=0.8438
step=2993600 rec=0.012086 dis=0.261504 adv=4.252098 lam=0.0001 accD=0.9062
step=2994400 rec=0.008546 dis=0.306230 adv=4.130156 lam=0.0001 accD=0.8750
step=2995200 rec=0.009593 dis=0.127020 adv=4.879449 lam=0.0001 accD=0.9688
step=2996000 rec=0.010503 dis=0.182775 adv=4.537782 lam=0.0001 accD=0.9062
step=2996800 rec=0.008866 dis=0.218786 adv=4.156646 lam=0.0001 accD=0.9062
step=2997600 rec=0.009636 dis=0.199955 adv=4.592032 lam=0.0001 accD=0.8750
step=2998400 rec=0.010804 dis=0.217338 adv=4.454100 lam=0.0001 accD=0.9375
[VAL] epoch=59 val_rec=0.009576 time_min=1.8
step=2999200 rec=0.010948 dis=0.165457 adv=4.903848 lam=0.0001 accD=0.9375
step=3000000 rec=0.010127 dis=0.112112 adv=4.470936 lam=0.0001 accD=0.9375
step=3000800 rec=0.009468 dis=0.272136 adv=3.927485 lam=0.0001 accD=0.9062
step=3001600 rec=0.010149 dis=0.135197 adv=4.288163 lam=0.0001 accD=0.9375
step=3002400 rec=0.010331 dis=0.389064 adv=4.439523 lam=0.0001 accD=0.8438
step=3003200 rec=0.009109 dis=0.171528 adv=3.687844 lam=0.0001 accD=0.9375
step=3004000 rec=0.008141 dis=0.200828 adv=3.809451 lam=0.0001 accD=0.8438
step=3004800 rec=0.010489 dis=0.304075 adv=3.898334 lam=0.0001 accD=0.8438
step=3005600 rec=0.010015 dis=0.109152 adv=4.847446 lam=0.0001 accD=0.9375
step=3006400 rec=0.010657 dis=0.208734 adv=3.801718 lam=0.0001 accD=0.9688
step=3007200 rec=0.010572 dis=0.141796 adv=4.810445 lam=0.0001 accD=0.9062
step=3008000 rec=0.009106 dis=0.220577 adv=3.940978 lam=0.0001 accD=0.8750
step=3008800 rec=0.009517 dis=0.126092 adv=4.178486 lam=0.0001 accD=0.9688
step=3009600 rec=0.010783 dis=0.094837 adv=5.101312 lam=0.0001 accD=0.9688
step=3010400 rec=0.008330 dis=0.155648 adv=4.864850 lam=0.0001 accD=0.9688
step=3011200 rec=0.010588 dis=0.228390 adv=4.385130 lam=0.0001 accD=0.8750
step=3012000 rec=0.009426 dis=0.153218 adv=4.560089 lam=0.0001 accD=0.9375
step=3012800 rec=0.008874 dis=0.289575 adv=3.887736 lam=0.0001 accD=0.9062
step=3013600 rec=0.010161 dis=0.101950 adv=4.383562 lam=0.0001 accD=0.9688
step=3014400 rec=0.009024 dis=0.124595 adv=4.592574 lam=0.0001 accD=0.9688
step=3015200 rec=0.008860 dis=0.327231 adv=4.157273 lam=0.0001 accD=0.8438
step=3016000 rec=0.012502 dis=0.236478 adv=4.192694 lam=0.0001 accD=0.9062
step=3016800 rec=0.010805 dis=0.345415 adv=4.745806 lam=0.0001 accD=0.8438
step=3017600 rec=0.008542 dis=0.098458 adv=4.846626 lam=0.0001 accD=0.9688
step=3018400 rec=0.010319 dis=0.206933 adv=4.809335 lam=0.0001 accD=0.9062
step=3019200 rec=0.010302 dis=0.136782 adv=4.911274 lam=0.0001 accD=0.9688
step=3020000 rec=0.010303 dis=0.342755 adv=3.731899 lam=0.0001 accD=0.9062
step=3020800 rec=0.009433 dis=0.132233 adv=4.296660 lam=0.0001 accD=0.9688
step=3021600 rec=0.008463 dis=0.152179 adv=4.160282 lam=0.0001 accD=0.9062
step=3022400 rec=0.009683 dis=0.218846 adv=4.537898 lam=0.0001 accD=0.9062
step=3023200 rec=0.009131 dis=0.212612 adv=4.000865 lam=0.0001 accD=0.9062
step=3024000 rec=0.010024 dis=0.342717 adv=4.315072 lam=0.0001 accD=0.8125
step=3024800 rec=0.010796 dis=0.240100 adv=4.514372 lam=0.0001 accD=0.9375
step=3025600 rec=0.009449 dis=0.253462 adv=3.652844 lam=0.0001 accD=0.9062
step=3026400 rec=0.008751 dis=0.166925 adv=4.345726 lam=0.0001 accD=0.9375
step=3027200 rec=0.010333 dis=0.209195 adv=4.656166 lam=0.0001 accD=0.9375
step=3028000 rec=0.009858 dis=0.184341 adv=4.036921 lam=0.0001 accD=0.9375
step=3028800 rec=0.010513 dis=0.273714 adv=4.100691 lam=0.0001 accD=0.9688
step=3029600 rec=0.011306 dis=0.237383 adv=4.604716 lam=0.0001 accD=0.9375
step=3030400 rec=0.009453 dis=0.218684 adv=4.620067 lam=0.0001 accD=0.8750
step=3031200 rec=0.010115 dis=0.082319 adv=4.523942 lam=0.0001 accD=1.0000
step=3032000 rec=0.008790 dis=0.170933 adv=4.292451 lam=0.0001 accD=0.9375
step=3032800 rec=0.009326 dis=0.397783 adv=3.922262 lam=0.0001 accD=0.7812
step=3033600 rec=0.010102 dis=0.500112 adv=4.427909 lam=0.0001 accD=0.8438
step=3034400 rec=0.009009 dis=0.085827 adv=3.685535 lam=0.0001 accD=1.0000
step=3035200 rec=0.009051 dis=0.097408 adv=4.917097 lam=0.0001 accD=1.0000
step=3036000 rec=0.010060 dis=0.480110 adv=4.279863 lam=0.0001 accD=0.8438
step=3036800 rec=0.010122 dis=0.158628 adv=4.748515 lam=0.0001 accD=0.9375
step=3037600 rec=0.010202 dis=0.305296 adv=4.415158 lam=0.0001 accD=0.9062
step=3038400 rec=0.009738 dis=0.302853 adv=4.079173 lam=0.0001 accD=0.8438
step=3039200 rec=0.010573 dis=0.237600 adv=4.123316 lam=0.0001 accD=0.9375
step=3040000 rec=0.010147 dis=0.269809 adv=4.145748 lam=0.0001 accD=0.9062
step=3040800 rec=0.009238 dis=0.152304 adv=4.010538 lam=0.0001 accD=0.9375
step=3041600 rec=0.009541 dis=0.048825 adv=4.958448 lam=0.0001 accD=1.0000
step=3042400 rec=0.010379 dis=0.165427 adv=4.201274 lam=0.0001 accD=0.9062
step=3043200 rec=0.009635 dis=0.145465 adv=4.990538 lam=0.0001 accD=0.9375
step=3044000 rec=0.008473 dis=0.189783 adv=3.818186 lam=0.0001 accD=0.9062
step=3044800 rec=0.008556 dis=0.174186 adv=4.703389 lam=0.0001 accD=0.9375
step=3045600 rec=0.009674 dis=0.317081 adv=4.497239 lam=0.0001 accD=0.9062
step=3046400 rec=0.009000 dis=0.187870 adv=4.323739 lam=0.0001 accD=0.9375
step=3047200 rec=0.008287 dis=0.102780 adv=4.692190 lam=0.0001 accD=0.9375
step=3048000 rec=0.009398 dis=0.169309 adv=3.960856 lam=0.0001 accD=0.9375
step=3048800 rec=0.009010 dis=0.116179 adv=4.493909 lam=0.0001 accD=0.9688
[VAL] epoch=60 val_rec=0.009234 time_min=1.8
step=3049600 rec=0.008039 dis=0.219245 adv=4.657687 lam=0.0001 accD=0.9062
step=3050400 rec=0.009238 dis=0.191885 adv=4.240187 lam=0.0001 accD=0.9688
step=3051200 rec=0.009414 dis=0.162090 adv=5.302436 lam=0.0001 accD=0.8750
step=3052000 rec=0.010325 dis=0.097358 adv=4.632016 lam=0.0001 accD=0.9688
step=3052800 rec=0.010306 dis=0.103698 adv=4.401998 lam=0.0001 accD=1.0000
step=3053600 rec=0.009322 dis=0.241634 adv=4.292327 lam=0.0001 accD=0.8750
step=3054400 rec=0.009606 dis=0.218133 adv=4.706074 lam=0.0001 accD=0.9062
step=3055200 rec=0.010104 dis=0.267042 adv=4.765683 lam=0.0001 accD=0.9375
step=3056000 rec=0.011786 dis=0.208138 adv=4.208358 lam=0.0001 accD=0.9062
step=3056800 rec=0.009390 dis=0.106184 adv=5.056074 lam=0.0001 accD=0.9062
step=3057600 rec=0.008670 dis=0.147122 adv=4.432683 lam=0.0001 accD=0.9375
step=3058400 rec=0.010567 dis=0.376316 adv=4.161385 lam=0.0001 accD=0.8750
step=3059200 rec=0.009334 dis=0.208248 adv=4.089159 lam=0.0001 accD=0.9375
step=3060000 rec=0.009059 dis=0.118372 adv=4.721064 lam=0.0001 accD=0.9688
step=3060800 rec=0.008743 dis=0.262995 adv=4.351066 lam=0.0001 accD=0.9062
step=3061600 rec=0.009667 dis=0.250732 adv=3.928979 lam=0.0001 accD=0.8438
step=3062400 rec=0.007897 dis=0.415259 adv=4.716528 lam=0.0001 accD=0.8438
step=3063200 rec=0.010008 dis=0.174359 adv=3.933257 lam=0.0001 accD=0.9375
step=3064000 rec=0.010756 dis=0.373649 adv=4.280708 lam=0.0001 accD=0.8750
step=3064800 rec=0.010513 dis=0.203638 adv=4.384480 lam=0.0001 accD=0.9062
step=3065600 rec=0.007932 dis=0.200051 adv=4.411389 lam=0.0001 accD=0.9062
step=3066400 rec=0.011387 dis=0.111613 adv=4.377396 lam=0.0001 accD=0.9375
step=3067200 rec=0.010578 dis=0.101109 adv=4.767055 lam=0.0001 accD=0.9688
step=3068000 rec=0.008556 dis=0.260669 adv=4.259784 lam=0.0001 accD=0.9062
step=3068800 rec=0.009403 dis=0.097979 adv=4.862706 lam=0.0001 accD=0.9688
step=3069600 rec=0.008837 dis=0.092075 adv=4.716224 lam=0.0001 accD=1.0000
step=3070400 rec=0.011118 dis=0.143773 adv=3.948712 lam=0.0001 accD=0.9375
step=3071200 rec=0.010252 dis=0.176779 adv=4.138453 lam=0.0001 accD=0.9062
step=3072000 rec=0.009687 dis=0.181518 adv=5.188469 lam=0.0001 accD=0.9688
step=3072800 rec=0.010210 dis=0.180635 adv=4.334373 lam=0.0001 accD=0.9375
step=3073600 rec=0.009427 dis=0.263717 adv=4.178888 lam=0.0001 accD=0.9062
step=3074400 rec=0.010768 dis=0.101643 adv=4.115834 lam=0.0001 accD=1.0000
step=3075200 rec=0.009426 dis=0.219486 adv=4.651913 lam=0.0001 accD=0.9062
step=3076000 rec=0.010110 dis=0.138041 adv=4.466519 lam=0.0001 accD=0.9375
step=3076800 rec=0.009199 dis=0.254843 adv=4.144088 lam=0.0001 accD=0.9375
step=3077600 rec=0.009269 dis=0.104555 adv=5.479480 lam=0.0001 accD=0.9688
step=3078400 rec=0.009833 dis=0.093590 adv=4.896871 lam=0.0001 accD=0.9688
step=3079200 rec=0.009765 dis=0.354582 adv=4.362764 lam=0.0001 accD=0.8438
step=3080000 rec=0.010354 dis=0.090521 adv=4.767937 lam=0.0001 accD=0.9688
step=3080800 rec=0.010007 dis=0.188109 adv=4.964427 lam=0.0001 accD=0.9062
step=3081600 rec=0.009673 dis=0.266188 adv=3.937421 lam=0.0001 accD=0.8438
step=3082400 rec=0.008728 dis=0.215112 adv=3.811779 lam=0.0001 accD=0.9688
step=3083200 rec=0.009863 dis=0.170805 adv=4.528469 lam=0.0001 accD=0.9688
step=3084000 rec=0.010668 dis=0.108808 adv=4.801695 lam=0.0001 accD=1.0000
step=3084800 rec=0.008879 dis=0.079665 adv=5.040071 lam=0.0001 accD=1.0000
step=3085600 rec=0.008718 dis=0.178922 adv=4.118371 lam=0.0001 accD=0.9062
step=3086400 rec=0.010739 dis=0.182006 adv=4.147024 lam=0.0001 accD=0.9688
step=3087200 rec=0.009672 dis=0.166575 adv=4.139078 lam=0.0001 accD=0.9375
step=3088000 rec=0.009392 dis=0.184617 adv=4.312685 lam=0.0001 accD=0.8750
step=3088800 rec=0.009027 dis=0.246007 adv=4.024658 lam=0.0001 accD=0.8750
step=3089600 rec=0.008723 dis=0.196733 adv=4.503599 lam=0.0001 accD=0.8750
step=3090400 rec=0.009129 dis=0.118460 adv=4.428911 lam=0.0001 accD=0.9688
step=3091200 rec=0.009800 dis=0.082182 adv=5.429143 lam=0.0001 accD=0.9688
step=3092000 rec=0.010316 dis=0.180653 adv=4.446852 lam=0.0001 accD=0.9062
step=3092800 rec=0.009349 dis=0.171996 adv=4.622193 lam=0.0001 accD=0.9688
step=3093600 rec=0.008400 dis=0.306970 adv=4.779577 lam=0.0001 accD=0.8750
step=3094400 rec=0.009903 dis=0.246712 adv=4.376778 lam=0.0001 accD=0.8750
step=3095200 rec=0.008796 dis=0.187638 adv=3.983333 lam=0.0001 accD=0.9375
step=3096000 rec=0.009763 dis=0.185586 adv=4.810211 lam=0.0001 accD=0.9375
step=3096800 rec=0.010259 dis=0.223804 adv=4.321663 lam=0.0001 accD=0.9062
step=3097600 rec=0.010536 dis=0.217204 adv=4.632745 lam=0.0001 accD=0.9062
step=3098400 rec=0.009563 dis=0.205754 adv=4.267345 lam=0.0001 accD=0.9062
[VAL] epoch=61 val_rec=0.009755 time_min=1.8
step=3099200 rec=0.009567 dis=0.172251 adv=4.746236 lam=0.0001 accD=0.9688
step=3100000 rec=0.009718 dis=0.152239 adv=4.046034 lam=0.0001 accD=0.9375
step=3100800 rec=0.010582 dis=0.147504 adv=5.094193 lam=0.0001 accD=0.9688
step=3101600 rec=0.009190 dis=0.172288 adv=3.919818 lam=0.0001 accD=0.9688
step=3102400 rec=0.009285 dis=0.160724 adv=4.904624 lam=0.0001 accD=0.9375
step=3103200 rec=0.009278 dis=0.059410 adv=5.083671 lam=0.0001 accD=1.0000
step=3104000 rec=0.008334 dis=0.096773 adv=4.871834 lam=0.0001 accD=0.9688
step=3104800 rec=0.009465 dis=0.090373 adv=4.343040 lam=0.0001 accD=1.0000
step=3105600 rec=0.008611 dis=0.061564 adv=5.089262 lam=0.0001 accD=0.9688
step=3106400 rec=0.010233 dis=0.109660 adv=4.631643 lam=0.0001 accD=0.9688
step=3107200 rec=0.010168 dis=0.226611 adv=4.806103 lam=0.0001 accD=0.9375
step=3108000 rec=0.010017 dis=0.280688 adv=4.004337 lam=0.0001 accD=0.8750
step=3108800 rec=0.009901 dis=0.293420 adv=4.753579 lam=0.0001 accD=0.8750
step=3109600 rec=0.009628 dis=0.289260 adv=4.278704 lam=0.0001 accD=0.9062
step=3110400 rec=0.009013 dis=0.151960 adv=4.820167 lam=0.0001 accD=0.9375
step=3111200 rec=0.009429 dis=0.160061 adv=4.600586 lam=0.0001 accD=0.9375
step=3112000 rec=0.009033 dis=0.152963 adv=4.558848 lam=0.0001 accD=0.9375
step=3112800 rec=0.009775 dis=0.075575 adv=4.491824 lam=0.0001 accD=0.9688
step=3113600 rec=0.009134 dis=0.150247 adv=4.183235 lam=0.0001 accD=0.9688
step=3114400 rec=0.011108 dis=0.227887 adv=4.766941 lam=0.0001 accD=0.9062
step=3115200 rec=0.009985 dis=0.297444 adv=4.326720 lam=0.0001 accD=0.8750
step=3116000 rec=0.009102 dis=0.363657 adv=3.458918 lam=0.0001 accD=0.8125
step=3116800 rec=0.009561 dis=0.276284 adv=4.199138 lam=0.0001 accD=0.9688
step=3117600 rec=0.007636 dis=0.151724 adv=5.225982 lam=0.0001 accD=0.9062
step=3118400 rec=0.008580 dis=0.054713 adv=4.892190 lam=0.0001 accD=1.0000
step=3119200 rec=0.010035 dis=0.105230 adv=4.688367 lam=0.0001 accD=0.9688
step=3120000 rec=0.009608 dis=0.206119 adv=4.714332 lam=0.0001 accD=0.8750
step=3120800 rec=0.008907 dis=0.125354 adv=4.691107 lam=0.0001 accD=0.9688
step=3121600 rec=0.008801 dis=0.174293 adv=4.658808 lam=0.0001 accD=0.9375
step=3122400 rec=0.010413 dis=0.164093 adv=4.052245 lam=0.0001 accD=0.9375
step=3123200 rec=0.009235 dis=0.131374 adv=4.411095 lam=0.0001 accD=0.9688
step=3124000 rec=0.008912 dis=0.404295 adv=4.018092 lam=0.0001 accD=0.8125
step=3124800 rec=0.009868 dis=0.161829 adv=3.790669 lam=0.0001 accD=0.9375
step=3125600 rec=0.008578 dis=0.153242 adv=4.300859 lam=0.0001 accD=0.9375
step=3126400 rec=0.010302 dis=0.133993 adv=4.033011 lam=0.0001 accD=0.9062
step=3127200 rec=0.010651 dis=0.297474 adv=3.809199 lam=0.0001 accD=0.9062
step=3128000 rec=0.008418 dis=0.225334 adv=4.090834 lam=0.0001 accD=0.9062
step=3128800 rec=0.009327 dis=0.186814 adv=3.802015 lam=0.0001 accD=0.8750
step=3129600 rec=0.009145 dis=0.117693 adv=5.114294 lam=0.0001 accD=0.9688
step=3130400 rec=0.009120 dis=0.314605 adv=3.924210 lam=0.0001 accD=0.8750
step=3131200 rec=0.011640 dis=0.131541 adv=4.589022 lam=0.0001 accD=0.9375
step=3132000 rec=0.008961 dis=0.244153 adv=4.201950 lam=0.0001 accD=0.9062
step=3132800 rec=0.009963 dis=0.199573 adv=4.185423 lam=0.0001 accD=0.9375
step=3133600 rec=0.009496 dis=0.118211 adv=4.130477 lam=0.0001 accD=0.9375
step=3134400 rec=0.010157 dis=0.173118 adv=4.935211 lam=0.0001 accD=0.9375
step=3135200 rec=0.011307 dis=0.300854 adv=4.575168 lam=0.0001 accD=0.8750
step=3136000 rec=0.010567 dis=0.388865 adv=4.202550 lam=0.0001 accD=0.8125
step=3136800 rec=0.008858 dis=0.178981 adv=5.557679 lam=0.0001 accD=0.9375
step=3137600 rec=0.010100 dis=0.169447 adv=3.862454 lam=0.0001 accD=0.8750
step=3138400 rec=0.010432 dis=0.148636 adv=4.392319 lam=0.0001 accD=0.9375
step=3139200 rec=0.010569 dis=0.189222 adv=4.521097 lam=0.0001 accD=0.9375
step=3140000 rec=0.009318 dis=0.223479 adv=4.552447 lam=0.0001 accD=0.9062
step=3140800 rec=0.007633 dis=0.241037 adv=4.288275 lam=0.0001 accD=0.8438
step=3141600 rec=0.009255 dis=0.118188 adv=4.793110 lam=0.0001 accD=0.9688
step=3142400 rec=0.008661 dis=0.309613 adv=4.471671 lam=0.0001 accD=0.9062
step=3143200 rec=0.009464 dis=0.253677 adv=4.679813 lam=0.0001 accD=0.9375
step=3144000 rec=0.009111 dis=0.185560 adv=4.478997 lam=0.0001 accD=0.9062
step=3144800 rec=0.010118 dis=0.135751 adv=4.877201 lam=0.0001 accD=0.9375
step=3145600 rec=0.009054 dis=0.162620 adv=5.000391 lam=0.0001 accD=0.9062
step=3146400 rec=0.007896 dis=0.260190 adv=4.151622 lam=0.0001 accD=0.8750
step=3147200 rec=0.011169 dis=0.170764 adv=4.138749 lam=0.0001 accD=0.9375
step=3148000 rec=0.009160 dis=0.210056 adv=4.971104 lam=0.0001 accD=0.8750
step=3148800 rec=0.010002 dis=0.296328 adv=4.038177 lam=0.0001 accD=0.8125
[VAL] epoch=62 val_rec=0.009200 time_min=1.9
step=3149600 rec=0.010294 dis=0.179340 adv=4.939509 lam=0.0001 accD=0.9062
step=3150400 rec=0.009629 dis=0.232473 adv=4.562818 lam=0.0001 accD=0.9062
step=3151200 rec=0.009046 dis=0.135746 adv=4.072223 lam=0.0001 accD=0.9375
step=3152000 rec=0.011186 dis=0.215139 adv=4.140463 lam=0.0001 accD=0.8750
step=3152800 rec=0.009879 dis=0.192547 adv=4.502853 lam=0.0001 accD=0.9375
step=3153600 rec=0.010393 dis=0.179595 adv=4.787874 lam=0.0001 accD=0.9375
step=3154400 rec=0.010202 dis=0.167637 adv=4.043248 lam=0.0001 accD=0.9062
step=3155200 rec=0.007454 dis=0.052500 adv=5.180396 lam=0.0001 accD=0.9688
step=3156000 rec=0.011428 dis=0.181008 adv=5.110211 lam=0.0001 accD=0.9062
step=3156800 rec=0.008219 dis=0.376325 adv=4.706652 lam=0.0001 accD=0.8438
step=3157600 rec=0.009767 dis=0.086542 adv=5.010967 lam=0.0001 accD=0.9688
step=3158400 rec=0.010605 dis=0.132817 adv=4.770337 lam=0.0001 accD=0.9062
step=3159200 rec=0.010113 dis=0.203958 adv=4.795518 lam=0.0001 accD=0.9062
step=3160000 rec=0.009821 dis=0.197903 adv=4.505696 lam=0.0001 accD=0.9375
step=3160800 rec=0.010975 dis=0.063530 adv=4.500139 lam=0.0001 accD=1.0000
step=3161600 rec=0.009024 dis=0.326139 adv=4.826171 lam=0.0001 accD=0.9062
step=3162400 rec=0.010136 dis=0.136079 adv=5.007577 lam=0.0001 accD=0.9375
step=3163200 rec=0.008998 dis=0.277396 adv=4.665932 lam=0.0001 accD=0.8750
step=3164000 rec=0.008485 dis=0.138504 adv=4.373083 lam=0.0001 accD=0.9688
step=3164800 rec=0.009808 dis=0.316434 adv=3.873390 lam=0.0001 accD=0.8438
step=3165600 rec=0.010147 dis=0.157972 adv=4.450087 lam=0.0001 accD=0.9375
step=3166400 rec=0.009589 dis=0.195978 adv=4.292064 lam=0.0001 accD=0.9375
step=3167200 rec=0.008905 dis=0.184015 adv=3.758184 lam=0.0001 accD=0.9375
step=3168000 rec=0.009319 dis=0.138253 adv=4.936131 lam=0.0001 accD=0.9062
step=3168800 rec=0.008605 dis=0.202623 adv=4.475548 lam=0.0001 accD=0.9062
step=3169600 rec=0.009895 dis=0.301630 adv=4.341632 lam=0.0001 accD=0.9375
step=3170400 rec=0.010436 dis=0.190955 adv=4.089038 lam=0.0001 accD=0.9062
step=3171200 rec=0.009562 dis=0.083080 adv=4.807145 lam=0.0001 accD=1.0000
step=3172000 rec=0.010004 dis=0.261378 adv=4.353509 lam=0.0001 accD=0.8438
step=3172800 rec=0.010204 dis=0.082935 adv=4.344049 lam=0.0001 accD=0.9688
step=3173600 rec=0.008361 dis=0.173281 adv=4.507440 lam=0.0001 accD=0.9375
step=3174400 rec=0.008911 dis=0.287657 adv=4.670311 lam=0.0001 accD=0.9062
step=3175200 rec=0.008888 dis=0.422373 adv=4.210312 lam=0.0001 accD=0.8750
step=3176000 rec=0.010572 dis=0.218466 adv=4.295542 lam=0.0001 accD=0.9375
step=3176800 rec=0.009989 dis=0.163479 adv=4.414400 lam=0.0001 accD=0.9688
step=3177600 rec=0.009446 dis=0.256942 adv=4.208984 lam=0.0001 accD=0.9062
step=3178400 rec=0.009338 dis=0.101040 adv=5.063424 lam=0.0001 accD=0.9375
step=3179200 rec=0.008908 dis=0.293950 adv=3.761241 lam=0.0001 accD=0.9062
step=3180000 rec=0.009604 dis=0.134986 adv=4.470859 lam=0.0001 accD=1.0000
step=3180800 rec=0.011022 dis=0.242546 adv=3.888599 lam=0.0001 accD=0.9062
step=3181600 rec=0.008725 dis=0.179021 adv=5.071699 lam=0.0001 accD=0.9062
step=3182400 rec=0.010723 dis=0.159912 adv=4.291687 lam=0.0001 accD=0.9375
step=3183200 rec=0.008769 dis=0.127033 adv=4.584349 lam=0.0001 accD=0.9375
step=3184000 rec=0.009187 dis=0.168992 adv=4.564173 lam=0.0001 accD=0.9375
step=3184800 rec=0.011783 dis=0.231636 adv=4.643977 lam=0.0001 accD=0.9375
step=3185600 rec=0.010683 dis=0.125412 adv=5.207561 lam=0.0001 accD=0.9375
step=3186400 rec=0.009649 dis=0.448459 adv=4.419475 lam=0.0001 accD=0.8750
step=3187200 rec=0.010078 dis=0.142679 adv=4.163270 lam=0.0001 accD=0.9688
step=3188000 rec=0.010218 dis=0.274616 adv=3.560225 lam=0.0001 accD=0.8750
step=3188800 rec=0.010378 dis=0.199575 adv=4.705522 lam=0.0001 accD=0.8750
step=3189600 rec=0.009889 dis=0.301436 adv=5.005398 lam=0.0001 accD=0.9062
step=3190400 rec=0.009320 dis=0.245536 adv=3.757318 lam=0.0001 accD=0.8750
step=3191200 rec=0.010478 dis=0.212153 adv=4.697709 lam=0.0001 accD=0.8750
step=3192000 rec=0.008966 dis=0.135101 adv=4.608814 lam=0.0001 accD=0.9062
step=3192800 rec=0.008514 dis=0.329189 adv=4.112428 lam=0.0001 accD=0.9062
step=3193600 rec=0.009780 dis=0.277087 adv=4.484105 lam=0.0001 accD=0.8750
step=3194400 rec=0.009810 dis=0.299062 adv=4.410678 lam=0.0001 accD=0.8438
step=3195200 rec=0.009344 dis=0.136815 adv=5.248897 lam=0.0001 accD=0.9375
step=3196000 rec=0.008114 dis=0.109819 adv=4.980026 lam=0.0001 accD=0.9688
step=3196800 rec=0.009397 dis=0.315524 adv=5.002983 lam=0.0001 accD=0.8750
step=3197600 rec=0.009390 dis=0.156346 adv=4.370051 lam=0.0001 accD=0.9062
step=3198400 rec=0.012016 dis=0.180096 adv=4.544953 lam=0.0001 accD=0.8750
[VAL] epoch=63 val_rec=0.009702 time_min=1.8
step=3199200 rec=0.010780 dis=0.175428 adv=4.562191 lam=0.0001 accD=0.9688
step=3200000 rec=0.008790 dis=0.164647 adv=5.284941 lam=0.0001 accD=0.9375
step=3200800 rec=0.010055 dis=0.168873 adv=4.228375 lam=0.0001 accD=0.9062
step=3201600 rec=0.010746 dis=0.247897 adv=4.425188 lam=0.0001 accD=0.9375
step=3202400 rec=0.009740 dis=0.079038 adv=4.639281 lam=0.0001 accD=0.9688
step=3203200 rec=0.008851 dis=0.249840 adv=4.721112 lam=0.0001 accD=0.8750
step=3204000 rec=0.010490 dis=0.136498 adv=4.828296 lam=0.0001 accD=0.9062
step=3204800 rec=0.009028 dis=0.128397 adv=4.223927 lam=0.0001 accD=0.9375
step=3205600 rec=0.009269 dis=0.255056 adv=4.437250 lam=0.0001 accD=0.8750
step=3206400 rec=0.011614 dis=0.168302 adv=4.745256 lam=0.0001 accD=0.9062
step=3207200 rec=0.008957 dis=0.074772 adv=4.735539 lam=0.0001 accD=0.9688
step=3208000 rec=0.009897 dis=0.121698 adv=4.589468 lam=0.0001 accD=0.9375
step=3208800 rec=0.010420 dis=0.249572 adv=4.472077 lam=0.0001 accD=0.9062
step=3209600 rec=0.010091 dis=0.159556 adv=4.234522 lam=0.0001 accD=0.9062
step=3210400 rec=0.011513 dis=0.208828 adv=4.100417 lam=0.0001 accD=0.9062
step=3211200 rec=0.009669 dis=0.266105 adv=4.505015 lam=0.0001 accD=0.9375
step=3212000 rec=0.008943 dis=0.385538 adv=5.031613 lam=0.0001 accD=0.7812
step=3212800 rec=0.009766 dis=0.130942 adv=4.665969 lam=0.0001 accD=0.9062
step=3213600 rec=0.010002 dis=0.172519 adv=4.257358 lam=0.0001 accD=0.9062
step=3214400 rec=0.009487 dis=0.276309 adv=3.984922 lam=0.0001 accD=0.9062
step=3215200 rec=0.010409 dis=0.170768 adv=4.848846 lam=0.0001 accD=0.9062
step=3216000 rec=0.009135 dis=0.122212 adv=4.404072 lam=0.0001 accD=0.9688
step=3216800 rec=0.008385 dis=0.213876 adv=4.171027 lam=0.0001 accD=0.9375
step=3217600 rec=0.009343 dis=0.159810 adv=4.403078 lam=0.0001 accD=0.9062
step=3218400 rec=0.010566 dis=0.083050 adv=4.427988 lam=0.0001 accD=1.0000
step=3219200 rec=0.009980 dis=0.246496 adv=4.319969 lam=0.0001 accD=0.9062
step=3220000 rec=0.008384 dis=0.067651 adv=4.978576 lam=0.0001 accD=0.9688
step=3220800 rec=0.008423 dis=0.064991 adv=5.386263 lam=0.0001 accD=0.9688
step=3221600 rec=0.009138 dis=0.292587 adv=4.180036 lam=0.0001 accD=0.8750
step=3222400 rec=0.009740 dis=0.180321 adv=5.206129 lam=0.0001 accD=0.9062
step=3223200 rec=0.011163 dis=0.198640 adv=4.286200 lam=0.0001 accD=0.9375
step=3224000 rec=0.009387 dis=0.315341 adv=4.829297 lam=0.0001 accD=0.8438
step=3224800 rec=0.008691 dis=0.085149 adv=4.733317 lam=0.0001 accD=0.9688
step=3225600 rec=0.008875 dis=0.095933 adv=5.343051 lam=0.0001 accD=0.9688
step=3226400 rec=0.008836 dis=0.218665 adv=3.928422 lam=0.0001 accD=0.9062
step=3227200 rec=0.009778 dis=0.194002 adv=4.369752 lam=0.0001 accD=0.9375
step=3228000 rec=0.012257 dis=0.158960 adv=5.040482 lam=0.0001 accD=0.9375
step=3228800 rec=0.009899 dis=0.215493 adv=5.232746 lam=0.0001 accD=0.8750
step=3229600 rec=0.009541 dis=0.092699 adv=4.604259 lam=0.0001 accD=0.9688
step=3230400 rec=0.010021 dis=0.270263 adv=4.399799 lam=0.0001 accD=0.9062
step=3231200 rec=0.008184 dis=0.225388 adv=4.118998 lam=0.0001 accD=0.8750
step=3232000 rec=0.008496 dis=0.333818 adv=4.077143 lam=0.0001 accD=0.8750
step=3232800 rec=0.009883 dis=0.147308 adv=5.052672 lam=0.0001 accD=0.9375
step=3233600 rec=0.010349 dis=0.144828 adv=4.712976 lam=0.0001 accD=0.9688
step=3234400 rec=0.010248 dis=0.255121 adv=3.837724 lam=0.0001 accD=0.8750
step=3235200 rec=0.009619 dis=0.151848 adv=4.245299 lam=0.0001 accD=0.9375
step=3236000 rec=0.009849 dis=0.096739 adv=4.957478 lam=0.0001 accD=0.9688
step=3236800 rec=0.009761 dis=0.240557 adv=4.207256 lam=0.0001 accD=0.9375
step=3237600 rec=0.009097 dis=0.167883 adv=4.634274 lam=0.0001 accD=0.9062
step=3238400 rec=0.009360 dis=0.123738 adv=4.408335 lam=0.0001 accD=0.9375
step=3239200 rec=0.008585 dis=0.109895 adv=4.870806 lam=0.0001 accD=0.9688
step=3240000 rec=0.010628 dis=0.163326 adv=4.567283 lam=0.0001 accD=0.9062
step=3240800 rec=0.011860 dis=0.136593 adv=4.167738 lam=0.0001 accD=0.9062
step=3241600 rec=0.010154 dis=0.203781 adv=4.181501 lam=0.0001 accD=0.9062
step=3242400 rec=0.009849 dis=0.339158 adv=3.700936 lam=0.0001 accD=0.9062
step=3243200 rec=0.009130 dis=0.223495 adv=3.958045 lam=0.0001 accD=0.8750
step=3244000 rec=0.008700 dis=0.076454 adv=5.014717 lam=0.0001 accD=0.9688
step=3244800 rec=0.009520 dis=0.144772 adv=4.443002 lam=0.0001 accD=0.9062
step=3245600 rec=0.009915 dis=0.082082 adv=4.617383 lam=0.0001 accD=0.9688
step=3246400 rec=0.008756 dis=0.364261 adv=4.599820 lam=0.0001 accD=0.8750
step=3247200 rec=0.009536 dis=0.273939 adv=4.400312 lam=0.0001 accD=0.8438
step=3248000 rec=0.009867 dis=0.144836 adv=4.665886 lam=0.0001 accD=0.9062
step=3248800 rec=0.009335 dis=0.112204 adv=4.966690 lam=0.0001 accD=0.9688
[VAL] epoch=64 val_rec=0.009154 time_min=1.9
step=3249600 rec=0.009386 dis=0.134989 adv=4.672834 lam=0.0001 accD=0.9688
step=3250400 rec=0.009095 dis=0.066837 adv=5.622655 lam=0.0001 accD=0.9688
step=3251200 rec=0.010014 dis=0.082672 adv=5.212996 lam=0.0001 accD=1.0000
step=3252000 rec=0.008738 dis=0.133737 adv=4.593006 lam=0.0001 accD=0.9688
step=3252800 rec=0.010459 dis=0.378941 adv=4.778686 lam=0.0001 accD=0.8750
step=3253600 rec=0.008451 dis=0.126873 adv=4.127480 lam=0.0001 accD=0.9688
step=3254400 rec=0.008447 dis=0.202417 adv=4.803227 lam=0.0001 accD=0.9062
step=3255200 rec=0.008917 dis=0.220091 adv=4.156866 lam=0.0001 accD=0.9375
step=3256000 rec=0.009591 dis=0.191345 adv=4.537758 lam=0.0001 accD=0.9375
step=3256800 rec=0.010326 dis=0.121732 adv=4.396472 lam=0.0001 accD=0.9688
step=3257600 rec=0.010069 dis=0.193301 adv=4.466168 lam=0.0001 accD=0.9375
step=3258400 rec=0.009317 dis=0.193302 adv=4.454030 lam=0.0001 accD=0.9375
step=3259200 rec=0.009457 dis=0.176732 adv=4.896880 lam=0.0001 accD=0.9375
step=3260000 rec=0.008840 dis=0.077089 adv=4.804662 lam=0.0001 accD=0.9688
step=3260800 rec=0.010018 dis=0.148802 adv=4.348950 lam=0.0001 accD=0.9062
step=3261600 rec=0.010451 dis=0.196646 adv=4.301329 lam=0.0001 accD=0.9375
step=3262400 rec=0.008813 dis=0.108850 adv=4.814156 lam=0.0001 accD=0.9688
step=3263200 rec=0.009634 dis=0.267991 adv=4.388309 lam=0.0001 accD=0.9062
step=3264000 rec=0.008680 dis=0.326968 adv=3.710140 lam=0.0001 accD=0.9062
step=3264800 rec=0.009280 dis=0.131377 adv=4.877889 lam=0.0001 accD=0.9375
step=3265600 rec=0.009386 dis=0.096591 adv=4.908616 lam=0.0001 accD=0.9688
step=3266400 rec=0.009432 dis=0.233485 adv=5.228674 lam=0.0001 accD=0.9375
step=3267200 rec=0.008973 dis=0.331835 adv=4.264451 lam=0.0001 accD=0.8750
step=3268000 rec=0.010030 dis=0.302672 adv=4.214386 lam=0.0001 accD=0.8750
step=3268800 rec=0.008653 dis=0.192539 adv=4.936369 lam=0.0001 accD=0.9375
step=3269600 rec=0.008841 dis=0.505934 adv=4.824128 lam=0.0001 accD=0.8125
step=3270400 rec=0.011071 dis=0.185468 adv=4.254057 lam=0.0001 accD=0.9375
step=3271200 rec=0.009584 dis=0.095629 adv=4.436351 lam=0.0001 accD=0.9688
step=3272000 rec=0.008555 dis=0.185239 adv=4.692316 lam=0.0001 accD=0.9375
step=3272800 rec=0.007891 dis=0.209680 adv=4.365706 lam=0.0001 accD=0.9375
step=3273600 rec=0.009547 dis=0.275273 adv=4.944516 lam=0.0001 accD=0.9062
step=3274400 rec=0.011470 dis=0.155437 adv=5.057539 lam=0.0001 accD=0.9375
step=3275200 rec=0.009080 dis=0.148005 adv=4.384717 lam=0.0001 accD=0.9375
step=3276000 rec=0.009241 dis=0.221063 adv=4.611166 lam=0.0001 accD=0.9062
step=3276800 rec=0.009751 dis=0.189186 adv=4.293174 lam=0.0001 accD=0.9375
step=3277600 rec=0.008480 dis=0.154962 adv=4.465112 lam=0.0001 accD=0.9688
step=3278400 rec=0.008833 dis=0.322332 adv=4.331342 lam=0.0001 accD=0.8125
step=3279200 rec=0.007730 dis=0.279591 adv=4.449455 lam=0.0001 accD=0.8438
step=3280000 rec=0.010054 dis=0.185890 adv=4.215421 lam=0.0001 accD=0.9062
step=3280800 rec=0.009195 dis=0.107631 adv=4.659747 lam=0.0001 accD=0.9688
step=3281600 rec=0.008234 dis=0.131874 adv=4.274317 lam=0.0001 accD=0.9688
step=3282400 rec=0.008847 dis=0.221766 adv=4.608765 lam=0.0001 accD=0.9375
step=3283200 rec=0.008808 dis=0.197062 adv=4.042499 lam=0.0001 accD=0.9062
step=3284000 rec=0.011612 dis=0.143822 adv=4.621940 lam=0.0001 accD=0.9688
step=3284800 rec=0.009926 dis=0.149808 adv=4.350207 lam=0.0001 accD=0.9062
step=3285600 rec=0.009395 dis=0.160612 adv=4.520015 lam=0.0001 accD=0.9375
step=3286400 rec=0.008839 dis=0.212178 adv=3.784151 lam=0.0001 accD=0.9062
step=3287200 rec=0.010312 dis=0.092094 adv=5.177974 lam=0.0001 accD=0.9688
step=3288000 rec=0.010516 dis=0.474393 adv=3.988376 lam=0.0001 accD=0.7188
step=3288800 rec=0.009814 dis=0.087204 adv=4.693134 lam=0.0001 accD=0.9688
step=3289600 rec=0.009466 dis=0.341107 adv=3.834569 lam=0.0001 accD=0.7188
step=3290400 rec=0.010211 dis=0.254040 adv=4.642753 lam=0.0001 accD=0.9062
step=3291200 rec=0.011019 dis=0.209607 adv=4.630415 lam=0.0001 accD=0.9375
step=3292000 rec=0.008116 dis=0.163104 adv=4.675370 lam=0.0001 accD=0.9375
step=3292800 rec=0.009275 dis=0.156942 adv=4.305954 lam=0.0001 accD=0.9688
step=3293600 rec=0.010045 dis=0.109037 adv=4.838305 lam=0.0001 accD=0.9375
step=3294400 rec=0.008796 dis=0.209545 adv=4.134786 lam=0.0001 accD=0.9062
step=3295200 rec=0.009017 dis=0.171867 adv=3.943538 lam=0.0001 accD=0.9062
step=3296000 rec=0.011113 dis=0.330867 adv=4.137210 lam=0.0001 accD=0.9062
step=3296800 rec=0.009566 dis=0.357541 adv=4.533516 lam=0.0001 accD=0.8750
step=3297600 rec=0.008248 dis=0.228622 adv=4.395599 lam=0.0001 accD=0.9375
step=3298400 rec=0.008994 dis=0.127349 adv=4.569062 lam=0.0001 accD=0.9375
[VAL] epoch=65 val_rec=0.009074 time_min=1.8
step=3299200 rec=0.009115 dis=0.235760 adv=4.684511 lam=0.0001 accD=0.8750
step=3300000 rec=0.010941 dis=0.243624 adv=4.126838 lam=0.0001 accD=0.9375
step=3300800 rec=0.009225 dis=0.222554 adv=3.909163 lam=0.0001 accD=0.9062
step=3301600 rec=0.008706 dis=0.074211 adv=4.869156 lam=0.0001 accD=1.0000
step=3302400 rec=0.009454 dis=0.128909 adv=4.789551 lam=0.0001 accD=0.9688
step=3303200 rec=0.008473 dis=0.170185 adv=5.051156 lam=0.0001 accD=0.9375
step=3304000 rec=0.009823 dis=0.157371 adv=4.476726 lam=0.0001 accD=0.9688
step=3304800 rec=0.010953 dis=0.109301 adv=4.017632 lam=0.0001 accD=1.0000
step=3305600 rec=0.008488 dis=0.092366 adv=5.185594 lam=0.0001 accD=0.9375
step=3306400 rec=0.008949 dis=0.058548 adv=4.576859 lam=0.0001 accD=1.0000
step=3307200 rec=0.008842 dis=0.072960 adv=5.301624 lam=0.0001 accD=0.9688
step=3308000 rec=0.011033 dis=0.085076 adv=4.792473 lam=0.0001 accD=0.9688
step=3308800 rec=0.009977 dis=0.189407 adv=4.419544 lam=0.0001 accD=0.9062
step=3309600 rec=0.009241 dis=0.237945 adv=5.069017 lam=0.0001 accD=0.9375
step=3310400 rec=0.008798 dis=0.125396 adv=4.721062 lam=0.0001 accD=0.9688
step=3311200 rec=0.010619 dis=0.391102 adv=4.512880 lam=0.0001 accD=0.9062
step=3312000 rec=0.008999 dis=0.139368 adv=4.278175 lam=0.0001 accD=0.9375
step=3312800 rec=0.010818 dis=0.126251 adv=4.956938 lam=0.0001 accD=0.9375
step=3313600 rec=0.009925 dis=0.174711 adv=4.572183 lam=0.0001 accD=0.9375
step=3314400 rec=0.010635 dis=0.059511 adv=5.001239 lam=0.0001 accD=1.0000
step=3315200 rec=0.009202 dis=0.309633 adv=4.610219 lam=0.0001 accD=0.8438
step=3316000 rec=0.012102 dis=0.215182 adv=4.310761 lam=0.0001 accD=0.8750
step=3316800 rec=0.008947 dis=0.179094 adv=4.515566 lam=0.0001 accD=0.9062
step=3317600 rec=0.008294 dis=0.266435 adv=3.867112 lam=0.0001 accD=0.8750
step=3318400 rec=0.008638 dis=0.248750 adv=4.707164 lam=0.0001 accD=0.9062
step=3319200 rec=0.009351 dis=0.225738 adv=4.405652 lam=0.0001 accD=0.8750
step=3320000 rec=0.010420 dis=0.111204 adv=4.507300 lam=0.0001 accD=0.9375
step=3320800 rec=0.008772 dis=0.171082 adv=3.963279 lam=0.0001 accD=0.9375
step=3321600 rec=0.009288 dis=0.092427 adv=4.557604 lam=0.0001 accD=0.9688
step=3322400 rec=0.009963 dis=0.167715 adv=5.007293 lam=0.0001 accD=0.9375
step=3323200 rec=0.011043 dis=0.192626 adv=4.591094 lam=0.0001 accD=0.8750
step=3324000 rec=0.008047 dis=0.208486 adv=4.631061 lam=0.0001 accD=0.8438
step=3324800 rec=0.010301 dis=0.420861 adv=4.444827 lam=0.0001 accD=0.8438
step=3325600 rec=0.009907 dis=0.231159 adv=4.549442 lam=0.0001 accD=0.9375
step=3326400 rec=0.008603 dis=0.210886 adv=5.164899 lam=0.0001 accD=0.9062
step=3327200 rec=0.009819 dis=0.222872 adv=4.259303 lam=0.0001 accD=0.8438
step=3328000 rec=0.009104 dis=0.076736 adv=4.764820 lam=0.0001 accD=0.9688
step=3328800 rec=0.008822 dis=0.197126 adv=4.681320 lam=0.0001 accD=0.9062
step=3329600 rec=0.008921 dis=0.121810 adv=4.649812 lam=0.0001 accD=0.9688
step=3330400 rec=0.010586 dis=0.147113 adv=4.909277 lam=0.0001 accD=0.9688
step=3331200 rec=0.010358 dis=0.183750 adv=4.831040 lam=0.0001 accD=0.9375
step=3332000 rec=0.008639 dis=0.137524 adv=4.663940 lam=0.0001 accD=0.9688
step=3332800 rec=0.009790 dis=0.090821 adv=4.879493 lam=0.0001 accD=0.9688
step=3333600 rec=0.008810 dis=0.268081 adv=4.818062 lam=0.0001 accD=0.9375
step=3334400 rec=0.009400 dis=0.131615 adv=4.963718 lam=0.0001 accD=0.9375
step=3335200 rec=0.008709 dis=0.107778 adv=4.335968 lam=0.0001 accD=0.9688
step=3336000 rec=0.008556 dis=0.207367 adv=4.630576 lam=0.0001 accD=0.9375
step=3336800 rec=0.010131 dis=0.271780 adv=3.705826 lam=0.0001 accD=0.9062
step=3337600 rec=0.008686 dis=0.144489 adv=4.973332 lam=0.0001 accD=0.9375
step=3338400 rec=0.008987 dis=0.091311 adv=4.770201 lam=0.0001 accD=1.0000
step=3339200 rec=0.008693 dis=0.160093 adv=4.448944 lam=0.0001 accD=0.8750
step=3340000 rec=0.008452 dis=0.296824 adv=4.739066 lam=0.0001 accD=0.9062
step=3340800 rec=0.009420 dis=0.254843 adv=4.097667 lam=0.0001 accD=0.8438
step=3341600 rec=0.008918 dis=0.256852 adv=4.035212 lam=0.0001 accD=0.8750
step=3342400 rec=0.012768 dis=0.260896 adv=4.889181 lam=0.0001 accD=0.9062
step=3343200 rec=0.009511 dis=0.215705 adv=4.200724 lam=0.0001 accD=0.9375
step=3344000 rec=0.010138 dis=0.158896 adv=4.756990 lam=0.0001 accD=0.9375
step=3344800 rec=0.009527 dis=0.057059 adv=4.996997 lam=0.0001 accD=1.0000
step=3345600 rec=0.008470 dis=0.149751 adv=4.606481 lam=0.0001 accD=0.9062
step=3346400 rec=0.007611 dis=0.152499 adv=4.744926 lam=0.0001 accD=0.9375
step=3347200 rec=0.008723 dis=0.085354 adv=5.027031 lam=0.0001 accD=0.9688
step=3348000 rec=0.009532 dis=0.152422 adv=4.673579 lam=0.0001 accD=0.9688
step=3348800 rec=0.010476 dis=0.154290 adv=5.302428 lam=0.0001 accD=0.9375
[VAL] epoch=66 val_rec=0.009390 time_min=1.8
step=3349600 rec=0.009805 dis=0.219999 adv=4.424531 lam=0.0001 accD=0.9062
step=3350400 rec=0.007616 dis=0.072548 adv=5.596670 lam=0.0001 accD=0.9688
step=3351200 rec=0.009354 dis=0.128549 adv=4.718029 lam=0.0001 accD=0.9375
step=3352000 rec=0.009824 dis=0.248153 adv=4.846347 lam=0.0001 accD=0.8438
step=3352800 rec=0.009718 dis=0.282675 adv=5.315380 lam=0.0001 accD=0.8125
step=3353600 rec=0.011478 dis=0.117861 adv=4.888741 lam=0.0001 accD=0.9688
step=3354400 rec=0.008542 dis=0.198675 adv=4.729558 lam=0.0001 accD=0.9688
step=3355200 rec=0.009568 dis=0.149463 adv=4.595235 lam=0.0001 accD=0.9375
step=3356000 rec=0.010917 dis=0.083389 adv=5.229510 lam=0.0001 accD=0.9375
step=3356800 rec=0.009518 dis=0.161092 adv=5.579700 lam=0.0001 accD=0.8750
step=3357600 rec=0.009092 dis=0.133597 adv=4.651692 lam=0.0001 accD=0.9375
step=3358400 rec=0.009327 dis=0.154403 adv=4.676588 lam=0.0001 accD=0.9375
step=3359200 rec=0.008956 dis=0.129187 adv=4.428420 lam=0.0001 accD=0.9375
step=3360000 rec=0.008882 dis=0.198184 adv=4.159901 lam=0.0001 accD=0.9062
step=3360800 rec=0.009741 dis=0.152965 adv=5.329185 lam=0.0001 accD=0.9688
step=3361600 rec=0.009140 dis=0.297376 adv=5.063163 lam=0.0001 accD=0.8750
step=3362400 rec=0.008786 dis=0.352955 adv=5.142283 lam=0.0001 accD=0.8438
step=3363200 rec=0.011000 dis=0.266383 adv=4.969941 lam=0.0001 accD=0.8750
step=3364000 rec=0.010377 dis=0.252538 adv=4.119995 lam=0.0001 accD=0.9062
step=3364800 rec=0.007917 dis=0.159832 adv=4.111750 lam=0.0001 accD=0.9688
step=3365600 rec=0.010098 dis=0.197460 adv=3.901649 lam=0.0001 accD=0.9062
step=3366400 rec=0.008629 dis=0.145520 adv=4.879143 lam=0.0001 accD=0.9375
step=3367200 rec=0.009110 dis=0.077282 adv=4.323027 lam=0.0001 accD=1.0000
step=3368000 rec=0.009659 dis=0.114914 adv=4.732183 lam=0.0001 accD=0.9688
step=3368800 rec=0.008868 dis=0.242425 adv=4.096186 lam=0.0001 accD=0.8750
step=3369600 rec=0.008891 dis=0.129632 adv=4.013679 lam=0.0001 accD=0.9688
step=3370400 rec=0.009183 dis=0.063836 adv=4.695593 lam=0.0001 accD=1.0000
step=3371200 rec=0.010229 dis=0.341058 adv=4.783683 lam=0.0001 accD=0.8750
step=3372000 rec=0.008322 dis=0.112564 adv=5.216933 lam=0.0001 accD=0.9688
step=3372800 rec=0.010490 dis=0.187244 adv=4.698939 lam=0.0001 accD=0.9062
step=3373600 rec=0.009183 dis=0.117657 adv=5.248102 lam=0.0001 accD=0.9688
step=3374400 rec=0.010318 dis=0.162525 adv=4.472620 lam=0.0001 accD=0.9375
step=3375200 rec=0.008065 dis=0.044292 adv=4.783801 lam=0.0001 accD=1.0000
step=3376000 rec=0.008535 dis=0.139730 adv=5.029594 lam=0.0001 accD=0.9688
step=3376800 rec=0.008907 dis=0.180212 adv=4.686066 lam=0.0001 accD=0.9375
step=3377600 rec=0.009771 dis=0.348428 adv=4.567068 lam=0.0001 accD=0.7812
step=3378400 rec=0.012332 dis=0.217607 adv=5.094962 lam=0.0001 accD=0.9062
step=3379200 rec=0.008268 dis=0.256443 adv=3.831462 lam=0.0001 accD=0.8125
step=3380000 rec=0.009094 dis=0.097897 adv=5.101582 lam=0.0001 accD=0.9688
step=3380800 rec=0.008791 dis=0.190220 adv=3.554701 lam=0.0001 accD=0.9375
step=3381600 rec=0.008845 dis=0.284684 adv=3.726861 lam=0.0001 accD=0.8438
step=3382400 rec=0.009765 dis=0.226743 adv=4.223156 lam=0.0001 accD=0.8750
step=3383200 rec=0.009756 dis=0.201578 adv=4.938196 lam=0.0001 accD=0.9375
step=3384000 rec=0.009880 dis=0.173936 adv=4.153881 lam=0.0001 accD=0.9062
step=3384800 rec=0.009656 dis=0.414834 adv=5.310252 lam=0.0001 accD=0.8125
step=3385600 rec=0.009486 dis=0.222293 adv=4.020488 lam=0.0001 accD=0.8438
step=3386400 rec=0.008767 dis=0.261826 adv=4.142958 lam=0.0001 accD=0.9062
step=3387200 rec=0.008424 dis=0.173752 adv=4.845643 lam=0.0001 accD=0.9375
step=3388000 rec=0.009056 dis=0.293290 adv=4.292222 lam=0.0001 accD=0.8750
step=3388800 rec=0.009421 dis=0.187425 adv=4.171074 lam=0.0001 accD=0.8750
step=3389600 rec=0.008695 dis=0.085677 adv=4.567491 lam=0.0001 accD=0.9688
step=3390400 rec=0.011319 dis=0.097247 adv=5.236677 lam=0.0001 accD=0.9688
step=3391200 rec=0.009130 dis=0.177302 adv=4.538355 lam=0.0001 accD=0.9062
step=3392000 rec=0.009408 dis=0.263273 adv=4.681717 lam=0.0001 accD=0.9375
step=3392800 rec=0.008996 dis=0.249467 adv=4.825321 lam=0.0001 accD=0.9062
step=3393600 rec=0.008808 dis=0.078925 adv=4.738584 lam=0.0001 accD=0.9688
step=3394400 rec=0.009962 dis=0.187821 adv=4.960089 lam=0.0001 accD=0.8750
step=3395200 rec=0.009152 dis=0.217227 adv=4.229245 lam=0.0001 accD=0.9062
step=3396000 rec=0.009406 dis=0.188409 adv=4.484138 lam=0.0001 accD=0.8750
step=3396800 rec=0.008431 dis=0.076673 adv=5.325504 lam=0.0001 accD=0.9688
step=3397600 rec=0.007739 dis=0.146666 adv=4.869943 lam=0.0001 accD=0.9688
step=3398400 rec=0.008985 dis=0.049904 adv=5.012305 lam=0.0001 accD=1.0000
[VAL] epoch=67 val_rec=0.008890 time_min=1.8
step=3399200 rec=0.010050 dis=0.119209 adv=4.472825 lam=0.0001 accD=0.9688
step=3400000 rec=0.009728 dis=0.156886 adv=4.158497 lam=0.0001 accD=0.9062
step=3400800 rec=0.008549 dis=0.128069 adv=4.486816 lam=0.0001 accD=0.9375
step=3401600 rec=0.009823 dis=0.147260 adv=4.321106 lam=0.0001 accD=0.9688
step=3402400 rec=0.010595 dis=0.186207 adv=4.501432 lam=0.0001 accD=0.9688
step=3403200 rec=0.009715 dis=0.255483 adv=4.392555 lam=0.0001 accD=0.8750
step=3404000 rec=0.009479 dis=0.164213 adv=4.529498 lam=0.0001 accD=0.9062
step=3404800 rec=0.007956 dis=0.166299 adv=4.287418 lam=0.0001 accD=0.9375
step=3405600 rec=0.009642 dis=0.283186 adv=4.132510 lam=0.0001 accD=0.9062
step=3406400 rec=0.009910 dis=0.247301 adv=4.561965 lam=0.0001 accD=0.8750
step=3407200 rec=0.009027 dis=0.168576 adv=5.120958 lam=0.0001 accD=0.9062
step=3408000 rec=0.009421 dis=0.158808 adv=4.386999 lam=0.0001 accD=0.9688
step=3408800 rec=0.010358 dis=0.141516 adv=4.996022 lam=0.0001 accD=0.9375
step=3409600 rec=0.008785 dis=0.135314 adv=3.965202 lam=0.0001 accD=0.9375
step=3410400 rec=0.011838 dis=0.104281 adv=4.491585 lam=0.0001 accD=0.9688
step=3411200 rec=0.008935 dis=0.110582 adv=4.916194 lam=0.0001 accD=0.9688
step=3412000 rec=0.011612 dis=0.045516 adv=4.887606 lam=0.0001 accD=1.0000
step=3412800 rec=0.008456 dis=0.106760 adv=4.510132 lam=0.0001 accD=0.9375
step=3413600 rec=0.009958 dis=0.102105 adv=4.926841 lam=0.0001 accD=0.9688
step=3414400 rec=0.012565 dis=0.185163 adv=4.525376 lam=0.0001 accD=0.9375
step=3415200 rec=0.011016 dis=0.245156 adv=4.249467 lam=0.0001 accD=0.9062
step=3416000 rec=0.008972 dis=0.269572 adv=4.873424 lam=0.0001 accD=0.8750
step=3416800 rec=0.010273 dis=0.284125 adv=3.845938 lam=0.0001 accD=0.8750
step=3417600 rec=0.008121 dis=0.132641 adv=4.370785 lam=0.0001 accD=0.9375
step=3418400 rec=0.010436 dis=0.091524 adv=4.677958 lam=0.0001 accD=0.9688
step=3419200 rec=0.010611 dis=0.137507 adv=4.231983 lam=0.0001 accD=0.9688
step=3420000 rec=0.009378 dis=0.101005 adv=5.409063 lam=0.0001 accD=0.9375
step=3420800 rec=0.008135 dis=0.172785 adv=4.685390 lam=0.0001 accD=0.9375
step=3421600 rec=0.009845 dis=0.122634 adv=4.948583 lam=0.0001 accD=0.9688
step=3422400 rec=0.009153 dis=0.142239 adv=4.594081 lam=0.0001 accD=0.9375
step=3423200 rec=0.011166 dis=0.316273 adv=4.069667 lam=0.0001 accD=0.8438
step=3424000 rec=0.009202 dis=0.065527 adv=4.723479 lam=0.0001 accD=1.0000
step=3424800 rec=0.008450 dis=0.084874 adv=4.774003 lam=0.0001 accD=1.0000
step=3425600 rec=0.009390 dis=0.131062 adv=4.705857 lam=0.0001 accD=0.9688
step=3426400 rec=0.008990 dis=0.110951 adv=4.833220 lam=0.0001 accD=0.9688
step=3427200 rec=0.009993 dis=0.075295 adv=4.637430 lam=0.0001 accD=1.0000
step=3428000 rec=0.008616 dis=0.209408 adv=4.601003 lam=0.0001 accD=0.9375
step=3428800 rec=0.010271 dis=0.112498 adv=5.075214 lam=0.0001 accD=0.9375
step=3429600 rec=0.007911 dis=0.089071 adv=4.556663 lam=0.0001 accD=1.0000
step=3430400 rec=0.010396 dis=0.189427 adv=4.206792 lam=0.0001 accD=0.9062
step=3431200 rec=0.010463 dis=0.060308 adv=4.579754 lam=0.0001 accD=1.0000
step=3432000 rec=0.008494 dis=0.132985 adv=4.585329 lam=0.0001 accD=0.9688
step=3432800 rec=0.010375 dis=0.134173 adv=4.900287 lam=0.0001 accD=0.9375
step=3433600 rec=0.008171 dis=0.094781 adv=4.780330 lam=0.0001 accD=0.9688
step=3434400 rec=0.010387 dis=0.285665 adv=4.683937 lam=0.0001 accD=0.9062
step=3435200 rec=0.009513 dis=0.185274 adv=4.803386 lam=0.0001 accD=0.9375
step=3436000 rec=0.008305 dis=0.161968 adv=4.829046 lam=0.0001 accD=0.9062
step=3436800 rec=0.008284 dis=0.099524 adv=4.755123 lam=0.0001 accD=1.0000
step=3437600 rec=0.008439 dis=0.227133 adv=4.358823 lam=0.0001 accD=0.8438
step=3438400 rec=0.007731 dis=0.326355 adv=3.956021 lam=0.0001 accD=0.8125
step=3439200 rec=0.008307 dis=0.180625 adv=4.378159 lam=0.0001 accD=0.9688
step=3440000 rec=0.008221 dis=0.056893 adv=4.463279 lam=0.0001 accD=1.0000
step=3440800 rec=0.009675 dis=0.203155 adv=4.928627 lam=0.0001 accD=0.9375
step=3441600 rec=0.008607 dis=0.201560 adv=3.882999 lam=0.0001 accD=0.9062
step=3442400 rec=0.009274 dis=0.082563 adv=5.490969 lam=0.0001 accD=1.0000
step=3443200 rec=0.008720 dis=0.175763 adv=3.885635 lam=0.0001 accD=0.9375
step=3444000 rec=0.008448 dis=0.244198 adv=4.831638 lam=0.0001 accD=0.8750
step=3444800 rec=0.009319 dis=0.197839 adv=4.116360 lam=0.0001 accD=0.9062
step=3445600 rec=0.010065 dis=0.125200 adv=4.664837 lam=0.0001 accD=0.9062
step=3446400 rec=0.008752 dis=0.140228 adv=4.256192 lam=0.0001 accD=0.9688
step=3447200 rec=0.009224 dis=0.095069 adv=4.242125 lam=0.0001 accD=1.0000
step=3448000 rec=0.008376 dis=0.232364 adv=4.233069 lam=0.0001 accD=0.8750
step=3448800 rec=0.010237 dis=0.383462 adv=4.423258 lam=0.0001 accD=0.7812
[VAL] epoch=68 val_rec=0.009125 time_min=1.9
step=3449600 rec=0.010261 dis=0.195928 adv=4.707791 lam=0.0001 accD=0.9375
step=3450400 rec=0.009003 dis=0.168024 adv=4.804968 lam=0.0001 accD=0.8750
step=3451200 rec=0.010380 dis=0.079766 adv=4.592327 lam=0.0001 accD=1.0000
step=3452000 rec=0.008457 dis=0.418905 adv=4.116838 lam=0.0001 accD=0.8125
step=3452800 rec=0.010273 dis=0.277494 adv=5.286309 lam=0.0001 accD=0.8750
step=3453600 rec=0.010485 dis=0.083295 adv=4.374553 lam=0.0001 accD=0.9688
step=3454400 rec=0.008566 dis=0.159600 adv=4.622055 lam=0.0001 accD=0.9062
step=3455200 rec=0.010608 dis=0.152305 adv=4.656005 lam=0.0001 accD=0.9062
step=3456000 rec=0.008759 dis=0.083422 adv=5.153627 lam=0.0001 accD=1.0000
step=3456800 rec=0.010600 dis=0.148188 adv=5.482850 lam=0.0001 accD=0.9375
step=3457600 rec=0.009050 dis=0.108027 adv=4.544753 lam=0.0001 accD=0.9375
step=3458400 rec=0.009496 dis=0.159905 adv=4.457708 lam=0.0001 accD=0.9688
step=3459200 rec=0.010526 dis=0.254120 adv=4.129335 lam=0.0001 accD=0.9062
step=3460000 rec=0.008399 dis=0.113434 adv=5.263250 lam=0.0001 accD=0.9688
step=3460800 rec=0.008315 dis=0.157067 adv=4.862168 lam=0.0001 accD=0.9062
step=3461600 rec=0.009315 dis=0.161391 adv=4.412293 lam=0.0001 accD=0.9688
step=3462400 rec=0.009009 dis=0.204406 adv=4.494526 lam=0.0001 accD=0.9375
step=3463200 rec=0.009360 dis=0.213023 adv=4.830660 lam=0.0001 accD=0.9375
step=3464000 rec=0.010556 dis=0.056499 adv=5.061013 lam=0.0001 accD=1.0000
step=3464800 rec=0.008416 dis=0.160266 adv=4.881409 lam=0.0001 accD=0.9375
step=3465600 rec=0.008483 dis=0.055854 adv=5.050155 lam=0.0001 accD=1.0000
step=3466400 rec=0.009843 dis=0.098860 adv=5.434459 lam=0.0001 accD=0.9688
step=3467200 rec=0.008004 dis=0.107867 adv=5.290217 lam=0.0001 accD=0.9688
step=3468000 rec=0.009360 dis=0.421604 adv=4.520035 lam=0.0001 accD=0.8125
step=3468800 rec=0.009650 dis=0.285462 adv=4.311881 lam=0.0001 accD=0.8125
step=3469600 rec=0.009089 dis=0.245166 adv=4.702513 lam=0.0001 accD=0.9062
step=3470400 rec=0.008612 dis=0.472101 adv=3.780754 lam=0.0001 accD=0.7812
step=3471200 rec=0.009272 dis=0.262777 adv=4.057017 lam=0.0001 accD=0.9062
step=3472000 rec=0.012520 dis=0.204570 adv=4.633042 lam=0.0001 accD=0.8750
step=3472800 rec=0.008104 dis=0.139698 adv=5.019261 lam=0.0001 accD=0.9375
step=3473600 rec=0.008129 dis=0.274404 adv=5.032063 lam=0.0001 accD=0.9062
step=3474400 rec=0.011787 dis=0.212363 adv=4.096054 lam=0.0001 accD=0.9375
step=3475200 rec=0.009499 dis=0.220775 adv=3.627229 lam=0.0001 accD=0.8750
step=3476000 rec=0.009384 dis=0.146426 adv=4.608642 lam=0.0001 accD=0.9062
step=3476800 rec=0.011053 dis=0.073752 adv=5.064904 lam=0.0001 accD=0.9688
step=3477600 rec=0.008314 dis=0.312919 adv=4.270366 lam=0.0001 accD=0.9062
step=3478400 rec=0.009861 dis=0.178665 adv=4.155123 lam=0.0001 accD=0.9062
step=3479200 rec=0.010151 dis=0.353657 adv=4.878160 lam=0.0001 accD=0.8750
step=3480000 rec=0.009429 dis=0.270698 adv=4.237062 lam=0.0001 accD=0.9375
step=3480800 rec=0.009547 dis=0.132875 adv=4.570459 lam=0.0001 accD=0.9688
step=3481600 rec=0.008029 dis=0.153525 adv=4.801488 lam=0.0001 accD=0.9375
step=3482400 rec=0.009584 dis=0.161185 adv=4.887189 lam=0.0001 accD=0.9062
step=3483200 rec=0.010306 dis=0.245460 adv=4.448367 lam=0.0001 accD=0.9062
step=3484000 rec=0.009844 dis=0.148942 adv=4.885795 lam=0.0001 accD=0.9062
step=3484800 rec=0.009980 dis=0.175138 adv=4.616260 lam=0.0001 accD=0.9062
step=3485600 rec=0.009624 dis=0.140256 adv=5.335029 lam=0.0001 accD=0.9375
step=3486400 rec=0.010273 dis=0.215469 adv=4.277749 lam=0.0001 accD=0.9375
step=3487200 rec=0.010011 dis=0.273604 adv=4.285137 lam=0.0001 accD=0.8750
step=3488000 rec=0.009141 dis=0.191578 adv=4.037018 lam=0.0001 accD=0.9375
step=3488800 rec=0.009975 dis=0.084337 adv=5.397954 lam=0.0001 accD=1.0000
step=3489600 rec=0.010153 dis=0.089675 adv=4.430459 lam=0.0001 accD=0.9375
step=3490400 rec=0.009072 dis=0.116754 adv=4.911744 lam=0.0001 accD=0.9375
step=3491200 rec=0.009055 dis=0.343378 adv=4.979590 lam=0.0001 accD=0.8125
step=3492000 rec=0.008831 dis=0.193129 adv=4.531191 lam=0.0001 accD=0.9688
step=3492800 rec=0.009758 dis=0.103674 adv=5.036534 lam=0.0001 accD=0.9688
step=3493600 rec=0.008524 dis=0.129078 adv=4.305813 lam=0.0001 accD=0.9062
step=3494400 rec=0.008395 dis=0.291511 adv=4.259303 lam=0.0001 accD=0.8125
step=3495200 rec=0.009934 dis=0.305162 adv=4.897491 lam=0.0001 accD=0.8750
step=3496000 rec=0.008312 dis=0.143378 adv=4.585673 lam=0.0001 accD=0.9375
step=3496800 rec=0.008735 dis=0.223483 adv=4.134433 lam=0.0001 accD=0.8438
step=3497600 rec=0.009791 dis=0.232462 adv=3.856449 lam=0.0001 accD=0.9375
step=3498400 rec=0.008741 dis=0.110760 adv=4.205982 lam=0.0001 accD=0.9688
[VAL] epoch=69 val_rec=0.009679 time_min=1.8
step=3499200 rec=0.011185 dis=0.189927 adv=4.317559 lam=0.0001 accD=0.9375
step=3500000 rec=0.007418 dis=0.220553 adv=4.346290 lam=0.0001 accD=0.9062
step=3500800 rec=0.008953 dis=0.136865 adv=4.768170 lam=0.0001 accD=0.9688
step=3501600 rec=0.008176 dis=0.087048 adv=4.158896 lam=0.0001 accD=1.0000
step=3502400 rec=0.010234 dis=0.266049 adv=4.601029 lam=0.0001 accD=0.9062
step=3503200 rec=0.008685 dis=0.156627 adv=4.631452 lam=0.0001 accD=0.9688
step=3504000 rec=0.010227 dis=0.201318 adv=4.800621 lam=0.0001 accD=0.9062
step=3504800 rec=0.009880 dis=0.117596 adv=4.635579 lam=0.0001 accD=0.9062
step=3505600 rec=0.009139 dis=0.218407 adv=4.810629 lam=0.0001 accD=0.9062
step=3506400 rec=0.009253 dis=0.053497 adv=5.232077 lam=0.0001 accD=0.9688
step=3507200 rec=0.008117 dis=0.221162 adv=4.149338 lam=0.0001 accD=0.9062
step=3508000 rec=0.009406 dis=0.240937 adv=4.733449 lam=0.0001 accD=0.9375
step=3508800 rec=0.010743 dis=0.105331 adv=4.607573 lam=0.0001 accD=1.0000
step=3509600 rec=0.009644 dis=0.243471 adv=4.274254 lam=0.0001 accD=0.9375
step=3510400 rec=0.010087 dis=0.096305 adv=4.459792 lam=0.0001 accD=0.9688
step=3511200 rec=0.008453 dis=0.105538 adv=4.384951 lam=0.0001 accD=0.9375
step=3512000 rec=0.008902 dis=0.135643 adv=4.529699 lam=0.0001 accD=0.9375
step=3512800 rec=0.008886 dis=0.229712 adv=4.786700 lam=0.0001 accD=0.9688
step=3513600 rec=0.009091 dis=0.220486 adv=4.480374 lam=0.0001 accD=0.9062
step=3514400 rec=0.009514 dis=0.164692 adv=4.094462 lam=0.0001 accD=0.9062
step=3515200 rec=0.009909 dis=0.129075 adv=4.602752 lam=0.0001 accD=0.9688
step=3516000 rec=0.009347 dis=0.212238 adv=4.969423 lam=0.0001 accD=0.9375
step=3516800 rec=0.011481 dis=0.247348 adv=4.399647 lam=0.0001 accD=0.9062
step=3517600 rec=0.009138 dis=0.144922 adv=3.908878 lam=0.0001 accD=0.9688
step=3518400 rec=0.008341 dis=0.089237 adv=4.988241 lam=0.0001 accD=0.9688
step=3519200 rec=0.010393 dis=0.134044 adv=4.107118 lam=0.0001 accD=0.9375
step=3520000 rec=0.009396 dis=0.052856 adv=5.388752 lam=0.0001 accD=1.0000
step=3520800 rec=0.010837 dis=0.104927 adv=4.080386 lam=0.0001 accD=0.9688
step=3521600 rec=0.010234 dis=0.140648 adv=4.629262 lam=0.0001 accD=0.9375
step=3522400 rec=0.009860 dis=0.278044 adv=4.379426 lam=0.0001 accD=0.9062
step=3523200 rec=0.010527 dis=0.442679 adv=4.159509 lam=0.0001 accD=0.7812
step=3524000 rec=0.009173 dis=0.216687 adv=4.363411 lam=0.0001 accD=0.9375
step=3524800 rec=0.010139 dis=0.157715 adv=4.511420 lam=0.0001 accD=0.9375
step=3525600 rec=0.010109 dis=0.085605 adv=5.365487 lam=0.0001 accD=1.0000
step=3526400 rec=0.009240 dis=0.172589 adv=4.492920 lam=0.0001 accD=0.9688
step=3527200 rec=0.008120 dis=0.181209 adv=4.370226 lam=0.0001 accD=0.9062
step=3528000 rec=0.008402 dis=0.257179 adv=4.015661 lam=0.0001 accD=0.9062
step=3528800 rec=0.010252 dis=0.084505 adv=5.367160 lam=0.0001 accD=0.9688
step=3529600 rec=0.009068 dis=0.073380 adv=4.798023 lam=0.0001 accD=1.0000
step=3530400 rec=0.008808 dis=0.067829 adv=5.023633 lam=0.0001 accD=0.9688
step=3531200 rec=0.008128 dis=0.136074 adv=4.481261 lam=0.0001 accD=0.9375
step=3532000 rec=0.009897 dis=0.272131 adv=4.415080 lam=0.0001 accD=0.8750
step=3532800 rec=0.008980 dis=0.044974 adv=5.423849 lam=0.0001 accD=1.0000
step=3533600 rec=0.008182 dis=0.071824 adv=4.776224 lam=0.0001 accD=0.9688
step=3534400 rec=0.009026 dis=0.184492 adv=4.911707 lam=0.0001 accD=0.9062
step=3535200 rec=0.009027 dis=0.156043 adv=4.585649 lam=0.0001 accD=0.9062
step=3536000 rec=0.010332 dis=0.220397 adv=4.736736 lam=0.0001 accD=0.8750
step=3536800 rec=0.009475 dis=0.262094 adv=4.595547 lam=0.0001 accD=0.9375
step=3537600 rec=0.009288 dis=0.199515 adv=5.039675 lam=0.0001 accD=0.9375
step=3538400 rec=0.010011 dis=0.085270 adv=4.714062 lam=0.0001 accD=0.9688
step=3539200 rec=0.010505 dis=0.254285 adv=3.841545 lam=0.0001 accD=0.9062
step=3540000 rec=0.009657 dis=0.157426 adv=4.705846 lam=0.0001 accD=0.9375
step=3540800 rec=0.008923 dis=0.111207 adv=4.415454 lam=0.0001 accD=0.9375
step=3541600 rec=0.007884 dis=0.205524 adv=4.829037 lam=0.0001 accD=0.9688
step=3542400 rec=0.009742 dis=0.244981 adv=5.117040 lam=0.0001 accD=0.9375
step=3543200 rec=0.008643 dis=0.114489 adv=4.566720 lam=0.0001 accD=0.9688
step=3544000 rec=0.009205 dis=0.063090 adv=4.327583 lam=0.0001 accD=1.0000
step=3544800 rec=0.010257 dis=0.485457 adv=3.903447 lam=0.0001 accD=0.8125
step=3545600 rec=0.008173 dis=0.062089 adv=5.136655 lam=0.0001 accD=0.9688
step=3546400 rec=0.008860 dis=0.168025 adv=4.632056 lam=0.0001 accD=0.9375
step=3547200 rec=0.008495 dis=0.154492 adv=4.866770 lam=0.0001 accD=0.9375
step=3548000 rec=0.009992 dis=0.080858 adv=4.732701 lam=0.0001 accD=0.9688
step=3548800 rec=0.008689 dis=0.190427 adv=4.550203 lam=0.0001 accD=0.9688
[VAL] epoch=70 val_rec=0.008877 time_min=1.8
step=3549600 rec=0.009835 dis=0.157069 adv=5.094223 lam=0.0001 accD=0.9375
step=3550400 rec=0.008014 dis=0.431627 adv=3.647976 lam=0.0001 accD=0.8125
step=3551200 rec=0.009400 dis=0.114955 adv=4.568387 lam=0.0001 accD=1.0000
step=3552000 rec=0.009873 dis=0.102870 adv=5.230718 lam=0.0001 accD=0.9375
step=3552800 rec=0.008044 dis=0.296958 adv=4.207401 lam=0.0001 accD=0.8750
step=3553600 rec=0.008876 dis=0.168555 adv=4.401747 lam=0.0001 accD=0.9375
step=3554400 rec=0.008583 dis=0.135843 adv=4.454008 lam=0.0001 accD=0.9375
step=3555200 rec=0.008914 dis=0.238973 adv=3.721067 lam=0.0001 accD=0.9062
step=3556000 rec=0.009682 dis=0.098503 adv=5.122119 lam=0.0001 accD=1.0000
step=3556800 rec=0.008419 dis=0.174401 adv=4.377032 lam=0.0001 accD=0.9688
step=3557600 rec=0.009883 dis=0.091240 adv=5.200138 lam=0.0001 accD=0.9688
step=3558400 rec=0.008218 dis=0.278275 adv=4.961992 lam=0.0001 accD=0.8438
step=3559200 rec=0.011702 dis=0.159032 adv=5.238483 lam=0.0001 accD=0.9062
step=3560000 rec=0.009361 dis=0.085503 adv=4.600345 lam=0.0001 accD=0.9688
step=3560800 rec=0.009973 dis=0.201491 adv=5.144880 lam=0.0001 accD=0.9062
step=3561600 rec=0.008654 dis=0.041233 adv=5.148969 lam=0.0001 accD=1.0000
step=3562400 rec=0.008908 dis=0.132218 adv=5.020916 lam=0.0001 accD=0.9688
step=3563200 rec=0.010361 dis=0.200996 adv=4.762715 lam=0.0001 accD=0.9062
step=3564000 rec=0.009317 dis=0.288405 adv=4.395007 lam=0.0001 accD=0.8750
step=3564800 rec=0.009711 dis=0.205201 adv=4.480941 lam=0.0001 accD=0.9375
step=3565600 rec=0.009506 dis=0.102631 adv=4.817574 lam=0.0001 accD=0.9375
step=3566400 rec=0.008764 dis=0.225145 adv=4.369219 lam=0.0001 accD=0.9375
step=3567200 rec=0.008104 dis=0.104448 adv=4.696535 lam=0.0001 accD=0.9375
step=3568000 rec=0.010312 dis=0.169129 adv=5.320618 lam=0.0001 accD=0.9062
step=3568800 rec=0.009289 dis=0.252919 adv=4.526826 lam=0.0001 accD=0.8750
step=3569600 rec=0.008450 dis=0.128780 adv=4.998888 lam=0.0001 accD=0.9375
step=3570400 rec=0.009358 dis=0.059888 adv=4.865404 lam=0.0001 accD=1.0000
step=3571200 rec=0.009717 dis=0.101174 adv=4.694839 lam=0.0001 accD=0.9688
step=3572000 rec=0.008488 dis=0.173736 adv=4.803721 lam=0.0001 accD=0.9375
step=3572800 rec=0.011740 dis=0.204278 adv=5.015576 lam=0.0001 accD=0.9688
step=3573600 rec=0.010182 dis=0.333788 adv=3.738188 lam=0.0001 accD=0.8438
step=3574400 rec=0.009586 dis=0.199250 adv=4.508234 lam=0.0001 accD=0.9062
step=3575200 rec=0.008437 dis=0.204023 adv=4.996438 lam=0.0001 accD=0.9375
step=3576000 rec=0.009647 dis=0.319679 adv=4.019185 lam=0.0001 accD=0.9062
step=3576800 rec=0.009767 dis=0.105609 adv=4.380158 lam=0.0001 accD=0.9688
step=3577600 rec=0.010499 dis=0.283358 adv=4.001158 lam=0.0001 accD=0.8750
step=3578400 rec=0.010427 dis=0.208078 adv=4.143270 lam=0.0001 accD=0.9375
step=3579200 rec=0.009249 dis=0.109477 adv=4.985107 lam=0.0001 accD=0.9375
step=3580000 rec=0.010523 dis=0.174484 adv=4.437244 lam=0.0001 accD=0.9375
step=3580800 rec=0.009376 dis=0.237566 adv=4.413370 lam=0.0001 accD=0.8750
step=3581600 rec=0.009790 dis=0.164687 adv=4.718670 lam=0.0001 accD=0.9375
step=3582400 rec=0.009383 dis=0.214768 adv=3.972241 lam=0.0001 accD=0.9375
step=3583200 rec=0.009842 dis=0.205444 adv=4.529550 lam=0.0001 accD=0.9062
step=3584000 rec=0.009868 dis=0.184938 adv=4.310685 lam=0.0001 accD=0.9062
step=3584800 rec=0.009831 dis=0.134358 adv=4.555887 lam=0.0001 accD=0.9688
step=3585600 rec=0.009245 dis=0.160291 adv=4.624873 lam=0.0001 accD=0.9375
step=3586400 rec=0.009216 dis=0.144252 adv=4.388095 lam=0.0001 accD=0.9375
step=3587200 rec=0.008451 dis=0.292415 adv=4.680843 lam=0.0001 accD=0.8438
step=3588000 rec=0.010714 dis=0.094228 adv=4.971326 lam=0.0001 accD=0.9688
step=3588800 rec=0.008366 dis=0.262712 adv=4.731491 lam=0.0001 accD=0.8438
step=3589600 rec=0.010296 dis=0.147866 adv=4.512885 lam=0.0001 accD=0.9375
step=3590400 rec=0.009054 dis=0.096451 adv=4.939249 lam=0.0001 accD=0.9688
step=3591200 rec=0.009347 dis=0.292708 adv=4.324757 lam=0.0001 accD=0.9375
step=3592000 rec=0.008164 dis=0.164536 adv=4.567099 lam=0.0001 accD=0.9062
step=3592800 rec=0.010221 dis=0.294451 adv=4.886420 lam=0.0001 accD=0.9062
step=3593600 rec=0.010431 dis=0.476071 adv=3.713660 lam=0.0001 accD=0.7812
step=3594400 rec=0.010079 dis=0.221558 adv=4.909386 lam=0.0001 accD=0.9375
step=3595200 rec=0.009154 dis=0.139525 adv=4.808854 lam=0.0001 accD=0.9375
step=3596000 rec=0.009666 dis=0.259939 adv=4.530281 lam=0.0001 accD=0.9062
step=3596800 rec=0.009355 dis=0.235765 adv=4.067538 lam=0.0001 accD=0.9062
step=3597600 rec=0.008229 dis=0.216038 adv=5.130987 lam=0.0001 accD=0.8750
step=3598400 rec=0.009419 dis=0.084980 adv=4.696332 lam=0.0001 accD=1.0000
[VAL] epoch=71 val_rec=0.008923 time_min=1.8
step=3599200 rec=0.007592 dis=0.306479 adv=4.523562 lam=0.0001 accD=0.9062
step=3600000 rec=0.008469 dis=0.233659 adv=4.538595 lam=0.0001 accD=0.8750
step=3600800 rec=0.007783 dis=0.273047 adv=4.587601 lam=0.0001 accD=0.8750
step=3601600 rec=0.011427 dis=0.276737 adv=4.740124 lam=0.0001 accD=0.8750
step=3602400 rec=0.009109 dis=0.088445 adv=5.236341 lam=0.0001 accD=1.0000
step=3603200 rec=0.008130 dis=0.168775 adv=4.991677 lam=0.0001 accD=0.9688
step=3604000 rec=0.007978 dis=0.168757 adv=4.305247 lam=0.0001 accD=0.9062
step=3604800 rec=0.008497 dis=0.192887 adv=3.866426 lam=0.0001 accD=0.9375
step=3605600 rec=0.009578 dis=0.220311 adv=4.545194 lam=0.0001 accD=0.8750
step=3606400 rec=0.008491 dis=0.198376 adv=4.512210 lam=0.0001 accD=0.9375
step=3607200 rec=0.010195 dis=0.299549 adv=4.400158 lam=0.0001 accD=0.8750
step=3608000 rec=0.011964 dis=0.206908 adv=4.072939 lam=0.0001 accD=0.8750
step=3608800 rec=0.008834 dis=0.126114 adv=4.902687 lam=0.0001 accD=0.9688
step=3609600 rec=0.008011 dis=0.208961 adv=4.409432 lam=0.0001 accD=0.9062
step=3610400 rec=0.009057 dis=0.248446 adv=4.478628 lam=0.0001 accD=0.9375
step=3611200 rec=0.008503 dis=0.059992 adv=4.797646 lam=0.0001 accD=1.0000
step=3612000 rec=0.008686 dis=0.393618 adv=4.376576 lam=0.0001 accD=0.8750
step=3612800 rec=0.008218 dis=0.173249 adv=4.795899 lam=0.0001 accD=0.9062
step=3613600 rec=0.009484 dis=0.256671 adv=4.217781 lam=0.0001 accD=0.9375
step=3614400 rec=0.010022 dis=0.131418 adv=5.030050 lam=0.0001 accD=0.9688
step=3615200 rec=0.010046 dis=0.227573 adv=4.644749 lam=0.0001 accD=0.9062
step=3616000 rec=0.009147 dis=0.148262 adv=4.466378 lam=0.0001 accD=0.9375
step=3616800 rec=0.009309 dis=0.265665 adv=4.763773 lam=0.0001 accD=0.9375
step=3617600 rec=0.008558 dis=0.170081 adv=4.297273 lam=0.0001 accD=0.9375
step=3618400 rec=0.011152 dis=0.063662 adv=5.384760 lam=0.0001 accD=1.0000
step=3619200 rec=0.012109 dis=0.148321 adv=4.396555 lam=0.0001 accD=0.9375
step=3620000 rec=0.008830 dis=0.144064 adv=4.253840 lam=0.0001 accD=0.9375
step=3620800 rec=0.009764 dis=0.117914 adv=4.862619 lam=0.0001 accD=0.9375
step=3621600 rec=0.010326 dis=0.201213 adv=4.597030 lam=0.0001 accD=0.9375
step=3622400 rec=0.009918 dis=0.189045 adv=5.292545 lam=0.0001 accD=0.9375
step=3623200 rec=0.009809 dis=0.276221 adv=4.710618 lam=0.0001 accD=0.9062
step=3624000 rec=0.009046 dis=0.225166 adv=4.912532 lam=0.0001 accD=0.9062
step=3624800 rec=0.008968 dis=0.173242 adv=4.443014 lam=0.0001 accD=0.8750
step=3625600 rec=0.010299 dis=0.164864 adv=5.153332 lam=0.0001 accD=0.9062
step=3626400 rec=0.009616 dis=0.075758 adv=4.783918 lam=0.0001 accD=0.9688
step=3627200 rec=0.009392 dis=0.361238 adv=4.521602 lam=0.0001 accD=0.8750
step=3628000 rec=0.008672 dis=0.074970 adv=4.500666 lam=0.0001 accD=1.0000
step=3628800 rec=0.009522 dis=0.227188 adv=5.081121 lam=0.0001 accD=0.9375
step=3629600 rec=0.009507 dis=0.083199 adv=5.278394 lam=0.0001 accD=0.9688
step=3630400 rec=0.009243 dis=0.172314 adv=4.375360 lam=0.0001 accD=0.9375
step=3631200 rec=0.009112 dis=0.112565 adv=5.008345 lam=0.0001 accD=0.9688
step=3632000 rec=0.008510 dis=0.204586 adv=4.099384 lam=0.0001 accD=0.9375
step=3632800 rec=0.009118 dis=0.554154 adv=4.551959 lam=0.0001 accD=0.7812
step=3633600 rec=0.008565 dis=0.159514 adv=4.915336 lam=0.0001 accD=0.9062
step=3634400 rec=0.008650 dis=0.126706 adv=4.908076 lam=0.0001 accD=0.9375
step=3635200 rec=0.008595 dis=0.154595 adv=4.570273 lam=0.0001 accD=0.9062
step=3636000 rec=0.008476 dis=0.108189 adv=5.291807 lam=0.0001 accD=0.9688
step=3636800 rec=0.008129 dis=0.235936 adv=4.463834 lam=0.0001 accD=0.9062
step=3637600 rec=0.008086 dis=0.159634 adv=5.230020 lam=0.0001 accD=0.9375
step=3638400 rec=0.009017 dis=0.168417 adv=4.811037 lam=0.0001 accD=0.9062
step=3639200 rec=0.011347 dis=0.326888 adv=4.263733 lam=0.0001 accD=0.8750
step=3640000 rec=0.009602 dis=0.042686 adv=5.071206 lam=0.0001 accD=1.0000
step=3640800 rec=0.008266 dis=0.111371 adv=4.850233 lam=0.0001 accD=0.9375
step=3641600 rec=0.009417 dis=0.078146 adv=5.262697 lam=0.0001 accD=0.9688
step=3642400 rec=0.009720 dis=0.113404 adv=4.455436 lam=0.0001 accD=0.9688
step=3643200 rec=0.007752 dis=0.142919 adv=4.610096 lam=0.0001 accD=0.9375
step=3644000 rec=0.008490 dis=0.169116 adv=4.395238 lam=0.0001 accD=0.9688
step=3644800 rec=0.009768 dis=0.100294 adv=4.486302 lam=0.0001 accD=0.9688
step=3645600 rec=0.009503 dis=0.164483 adv=5.170123 lam=0.0001 accD=0.8750
step=3646400 rec=0.010580 dis=0.164820 adv=4.475969 lam=0.0001 accD=0.9375
step=3647200 rec=0.009070 dis=0.154069 adv=4.271899 lam=0.0001 accD=0.9375
step=3648000 rec=0.009313 dis=0.379119 adv=4.161261 lam=0.0001 accD=0.8438
step=3648800 rec=0.009661 dis=0.068071 adv=5.057264 lam=0.0001 accD=0.9688
[VAL] epoch=72 val_rec=0.009106 time_min=1.8
step=3649600 rec=0.008782 dis=0.110905 adv=4.215331 lam=0.0001 accD=0.9688
step=3650400 rec=0.008374 dis=0.171193 adv=5.135431 lam=0.0001 accD=0.9062
step=3651200 rec=0.009073 dis=0.109291 adv=4.348176 lam=0.0001 accD=0.9688
step=3652000 rec=0.007554 dis=0.132220 adv=4.603038 lam=0.0001 accD=0.9375
step=3652800 rec=0.009996 dis=0.257348 adv=4.753950 lam=0.0001 accD=0.8750
step=3653600 rec=0.008056 dis=0.153936 adv=4.256876 lam=0.0001 accD=0.9375
step=3654400 rec=0.009880 dis=0.171100 adv=3.611089 lam=0.0001 accD=0.9375
step=3655200 rec=0.009097 dis=0.183515 adv=4.665956 lam=0.0001 accD=0.9375
step=3656000 rec=0.009152 dis=0.125754 adv=5.343848 lam=0.0001 accD=0.9375
step=3656800 rec=0.009602 dis=0.061927 adv=4.362025 lam=0.0001 accD=1.0000
step=3657600 rec=0.009264 dis=0.095906 adv=5.675573 lam=0.0001 accD=0.9688
step=3658400 rec=0.009132 dis=0.167034 adv=4.698712 lam=0.0001 accD=0.9062
step=3659200 rec=0.008138 dis=0.158546 adv=4.411738 lam=0.0001 accD=0.9375
step=3660000 rec=0.009402 dis=0.202604 adv=4.693333 lam=0.0001 accD=0.8750
step=3660800 rec=0.010532 dis=0.059314 adv=4.857429 lam=0.0001 accD=1.0000
step=3661600 rec=0.009711 dis=0.106642 adv=4.562139 lam=0.0001 accD=0.9688
step=3662400 rec=0.008971 dis=0.247151 adv=4.998990 lam=0.0001 accD=0.9062
step=3663200 rec=0.010839 dis=0.062577 adv=5.324256 lam=0.0001 accD=1.0000
step=3664000 rec=0.009042 dis=0.249579 adv=4.223259 lam=0.0001 accD=0.8750
step=3664800 rec=0.008422 dis=0.182660 adv=4.461443 lam=0.0001 accD=0.9062
step=3665600 rec=0.010059 dis=0.169674 adv=4.269073 lam=0.0001 accD=0.9375
step=3666400 rec=0.008115 dis=0.121443 adv=4.686368 lam=0.0001 accD=0.9688
step=3667200 rec=0.009759 dis=0.041477 adv=4.860879 lam=0.0001 accD=1.0000
step=3668000 rec=0.011123 dis=0.246084 adv=3.989578 lam=0.0001 accD=0.8750
step=3668800 rec=0.008103 dis=0.257189 adv=4.598129 lam=0.0001 accD=0.9375
step=3669600 rec=0.008929 dis=0.136982 adv=4.893607 lam=0.0001 accD=0.9375
step=3670400 rec=0.009337 dis=0.092951 adv=4.950707 lam=0.0001 accD=0.9688
step=3671200 rec=0.009061 dis=0.139396 adv=4.570968 lam=0.0001 accD=0.9375
step=3672000 rec=0.009118 dis=0.149316 adv=4.104064 lam=0.0001 accD=0.9062
step=3672800 rec=0.008857 dis=0.325631 adv=4.324059 lam=0.0001 accD=0.8750
step=3673600 rec=0.010046 dis=0.188170 adv=4.540504 lam=0.0001 accD=0.9375
step=3674400 rec=0.010339 dis=0.360057 adv=4.416142 lam=0.0001 accD=0.8438
step=3675200 rec=0.008224 dis=0.310348 adv=4.744297 lam=0.0001 accD=0.9062
step=3676000 rec=0.009950 dis=0.163345 adv=4.598923 lam=0.0001 accD=0.8750
step=3676800 rec=0.008203 dis=0.179163 adv=4.727229 lam=0.0001 accD=0.9062
step=3677600 rec=0.010326 dis=0.134397 adv=4.726011 lam=0.0001 accD=0.9375
step=3678400 rec=0.010908 dis=0.277868 adv=3.939662 lam=0.0001 accD=0.9062
step=3679200 rec=0.009677 dis=0.189190 adv=4.994802 lam=0.0001 accD=0.9688
step=3680000 rec=0.008898 dis=0.149240 adv=4.561957 lam=0.0001 accD=0.9688
step=3680800 rec=0.010231 dis=0.386163 adv=4.873765 lam=0.0001 accD=0.8438
step=3681600 rec=0.009934 dis=0.094444 adv=4.517416 lam=0.0001 accD=1.0000
step=3682400 rec=0.009262 dis=0.175294 adv=5.037699 lam=0.0001 accD=0.9375
step=3683200 rec=0.009390 dis=0.160584 adv=4.185549 lam=0.0001 accD=0.9375
step=3684000 rec=0.008847 dis=0.193589 adv=4.416050 lam=0.0001 accD=0.9375
step=3684800 rec=0.009388 dis=0.144252 adv=4.360434 lam=0.0001 accD=0.9375
step=3685600 rec=0.009774 dis=0.363176 adv=5.205064 lam=0.0001 accD=0.8750
step=3686400 rec=0.008507 dis=0.128207 adv=4.765411 lam=0.0001 accD=0.9688
step=3687200 rec=0.008652 dis=0.162943 adv=4.732462 lam=0.0001 accD=0.9062
step=3688000 rec=0.008452 dis=0.085119 adv=5.214824 lam=0.0001 accD=0.9688
step=3688800 rec=0.008951 dis=0.290615 adv=3.811973 lam=0.0001 accD=0.8438
step=3689600 rec=0.008261 dis=0.122610 adv=4.973729 lam=0.0001 accD=0.9688
step=3690400 rec=0.009637 dis=0.171927 adv=4.316749 lam=0.0001 accD=0.8750
step=3691200 rec=0.007846 dis=0.149549 adv=4.645946 lam=0.0001 accD=0.9375
step=3692000 rec=0.007787 dis=0.210203 adv=3.822814 lam=0.0001 accD=0.9375
step=3692800 rec=0.008411 dis=0.130469 adv=4.604040 lam=0.0001 accD=0.9688
step=3693600 rec=0.007765 dis=0.326910 adv=3.790040 lam=0.0001 accD=0.8750
step=3694400 rec=0.008905 dis=0.195455 adv=4.386198 lam=0.0001 accD=0.9062
step=3695200 rec=0.008878 dis=0.224887 adv=4.864861 lam=0.0001 accD=0.9375
step=3696000 rec=0.009662 dis=0.219960 adv=4.178319 lam=0.0001 accD=0.9062
step=3696800 rec=0.009525 dis=0.156844 adv=4.507667 lam=0.0001 accD=0.9375
step=3697600 rec=0.009234 dis=0.109697 adv=4.904664 lam=0.0001 accD=0.9688
step=3698400 rec=0.008207 dis=0.197387 adv=4.589162 lam=0.0001 accD=0.8750
[VAL] epoch=73 val_rec=0.008925 time_min=1.8
step=3699200 rec=0.009830 dis=0.160491 adv=4.850004 lam=0.0001 accD=0.9375
step=3700000 rec=0.009025 dis=0.094246 adv=4.941045 lam=0.0001 accD=0.9688
step=3700800 rec=0.010310 dis=0.238370 adv=4.532556 lam=0.0001 accD=0.8750
step=3701600 rec=0.008961 dis=0.332635 adv=3.835438 lam=0.0001 accD=0.8750
step=3702400 rec=0.009840 dis=0.172217 adv=4.439884 lam=0.0001 accD=0.9375
step=3703200 rec=0.009471 dis=0.130507 adv=4.525647 lam=0.0001 accD=0.9375
step=3704000 rec=0.009646 dis=0.056929 adv=5.065170 lam=0.0001 accD=1.0000
step=3704800 rec=0.009443 dis=0.153789 adv=4.757032 lam=0.0001 accD=0.9062
step=3705600 rec=0.007948 dis=0.052450 adv=4.923198 lam=0.0001 accD=1.0000
step=3706400 rec=0.009584 dis=0.109314 adv=4.806796 lam=0.0001 accD=0.9688
step=3707200 rec=0.009418 dis=0.283805 adv=4.539624 lam=0.0001 accD=0.8438
step=3708000 rec=0.008768 dis=0.077806 adv=5.439183 lam=0.0001 accD=0.9688
step=3708800 rec=0.008662 dis=0.231856 adv=4.339466 lam=0.0001 accD=0.8438
step=3709600 rec=0.009656 dis=0.189077 adv=4.117924 lam=0.0001 accD=0.9062
step=3710400 rec=0.008853 dis=0.284497 adv=4.271453 lam=0.0001 accD=0.9062
step=3711200 rec=0.008802 dis=0.174682 adv=4.376335 lam=0.0001 accD=0.9375
step=3712000 rec=0.008414 dis=0.160515 adv=5.051921 lam=0.0001 accD=0.9375
step=3712800 rec=0.008336 dis=0.043309 adv=4.880736 lam=0.0001 accD=1.0000
step=3713600 rec=0.008868 dis=0.184241 adv=4.458194 lam=0.0001 accD=0.9062
step=3714400 rec=0.009348 dis=0.240037 adv=4.480050 lam=0.0001 accD=0.8438
step=3715200 rec=0.010962 dis=0.124035 adv=4.781095 lam=0.0001 accD=0.9375
step=3716000 rec=0.010355 dis=0.187087 adv=4.653456 lam=0.0001 accD=0.9688
step=3716800 rec=0.010477 dis=0.090307 adv=4.758874 lam=0.0001 accD=1.0000
step=3717600 rec=0.010376 dis=0.146238 adv=5.175588 lam=0.0001 accD=0.9375
step=3718400 rec=0.008742 dis=0.165219 adv=4.348886 lam=0.0001 accD=0.9375
step=3719200 rec=0.010809 dis=0.202794 adv=4.391432 lam=0.0001 accD=0.8438
step=3720000 rec=0.009447 dis=0.104265 adv=4.014196 lam=0.0001 accD=0.9375
step=3720800 rec=0.008889 dis=0.135378 adv=4.923036 lam=0.0001 accD=0.9688
step=3721600 rec=0.010448 dis=0.142276 adv=4.844761 lam=0.0001 accD=0.9688
step=3722400 rec=0.008141 dis=0.256176 adv=4.655168 lam=0.0001 accD=0.9375
step=3723200 rec=0.012198 dis=0.110369 adv=4.534995 lam=0.0001 accD=0.9375
step=3724000 rec=0.009420 dis=0.323257 adv=4.511497 lam=0.0001 accD=0.8125
step=3724800 rec=0.008770 dis=0.110339 adv=5.541655 lam=0.0001 accD=0.9688
step=3725600 rec=0.009499 dis=0.215226 adv=4.981655 lam=0.0001 accD=0.8750
step=3726400 rec=0.009537 dis=0.223843 adv=4.629867 lam=0.0001 accD=0.9062
step=3727200 rec=0.008567 dis=0.062795 adv=5.387177 lam=0.0001 accD=0.9688
step=3728000 rec=0.009053 dis=0.140563 adv=4.297337 lam=0.0001 accD=0.9688
step=3728800 rec=0.010236 dis=0.213182 adv=4.413571 lam=0.0001 accD=0.9688
step=3729600 rec=0.007503 dis=0.169605 adv=5.130147 lam=0.0001 accD=0.9062
step=3730400 rec=0.009090 dis=0.111140 adv=4.325414 lam=0.0001 accD=0.9688
step=3731200 rec=0.007623 dis=0.120617 adv=4.647563 lam=0.0001 accD=0.9688
step=3732000 rec=0.007889 dis=0.231060 adv=4.555840 lam=0.0001 accD=0.9375
step=3732800 rec=0.009826 dis=0.199132 adv=4.899199 lam=0.0001 accD=0.9375
step=3733600 rec=0.008512 dis=0.320385 adv=5.266517 lam=0.0001 accD=0.8750
step=3734400 rec=0.007976 dis=0.165118 adv=5.143760 lam=0.0001 accD=0.9062
step=3735200 rec=0.009437 dis=0.127189 adv=4.750421 lam=0.0001 accD=0.9375
step=3736000 rec=0.008897 dis=0.035863 adv=5.166930 lam=0.0001 accD=1.0000
step=3736800 rec=0.009778 dis=0.089007 adv=4.807102 lam=0.0001 accD=0.9375
step=3737600 rec=0.008405 dis=0.167933 adv=4.716338 lam=0.0001 accD=0.9062
step=3738400 rec=0.011042 dis=0.212727 adv=5.048248 lam=0.0001 accD=0.9375
step=3739200 rec=0.009850 dis=0.231476 adv=4.725456 lam=0.0001 accD=0.9062
step=3740000 rec=0.008967 dis=0.118609 adv=4.719215 lam=0.0001 accD=1.0000
step=3740800 rec=0.008572 dis=0.169815 adv=4.822888 lam=0.0001 accD=0.9375
step=3741600 rec=0.009449 dis=0.125753 adv=4.892137 lam=0.0001 accD=0.9375
step=3742400 rec=0.009098 dis=0.186939 adv=4.326454 lam=0.0001 accD=0.9375
step=3743200 rec=0.010008 dis=0.182071 adv=4.248543 lam=0.0001 accD=0.9062
step=3744000 rec=0.009615 dis=0.118503 adv=4.500827 lam=0.0001 accD=0.9688
step=3744800 rec=0.009028 dis=0.162735 adv=5.011149 lam=0.0001 accD=0.9062
step=3745600 rec=0.009698 dis=0.238761 adv=4.619203 lam=0.0001 accD=0.9062
step=3746400 rec=0.010908 dis=0.191264 adv=4.834050 lam=0.0001 accD=0.9062
step=3747200 rec=0.010401 dis=0.350579 adv=4.885033 lam=0.0001 accD=0.8750
step=3748000 rec=0.008543 dis=0.168132 adv=4.699233 lam=0.0001 accD=0.9062
[VAL] epoch=74 val_rec=0.008960 time_min=1.8
step=3748800 rec=0.007777 dis=0.220061 adv=4.718245 lam=0.0001 accD=0.8438
step=3749600 rec=0.009225 dis=0.191963 adv=4.779084 lam=0.0001 accD=0.9375
step=3750400 rec=0.008110 dis=0.219355 adv=4.060364 lam=0.0001 accD=0.8750
step=3751200 rec=0.008999 dis=0.159743 adv=4.690055 lam=0.0001 accD=0.9375
step=3752000 rec=0.009007 dis=0.111394 adv=4.603477 lam=0.0001 accD=1.0000
step=3752800 rec=0.007600 dis=0.223806 adv=4.722046 lam=0.0001 accD=0.9062
step=3753600 rec=0.010232 dis=0.154467 adv=4.677317 lam=0.0001 accD=0.9688
step=3754400 rec=0.010546 dis=0.125778 adv=5.134013 lam=0.0001 accD=0.9688
step=3755200 rec=0.008713 dis=0.302827 adv=3.469622 lam=0.0001 accD=0.9375
step=3756000 rec=0.009964 dis=0.125750 adv=4.804985 lam=0.0001 accD=0.9375
step=3756800 rec=0.008310 dis=0.031894 adv=5.281020 lam=0.0001 accD=1.0000
step=3757600 rec=0.009828 dis=0.129330 adv=4.784492 lam=0.0001 accD=0.9375
step=3758400 rec=0.010357 dis=0.184883 adv=4.802527 lam=0.0001 accD=0.9062
step=3759200 rec=0.009009 dis=0.147442 adv=5.353937 lam=0.0001 accD=0.9375
step=3760000 rec=0.009370 dis=0.142001 adv=5.000673 lam=0.0001 accD=0.9062
step=3760800 rec=0.010446 dis=0.091541 adv=5.120901 lam=0.0001 accD=1.0000
step=3761600 rec=0.010174 dis=0.165679 adv=4.499585 lam=0.0001 accD=0.9688
step=3762400 rec=0.008232 dis=0.134419 adv=4.973436 lam=0.0001 accD=0.9375
step=3763200 rec=0.010097 dis=0.098172 adv=5.566889 lam=0.0001 accD=0.9688
step=3764000 rec=0.009172 dis=0.180760 adv=4.749665 lam=0.0001 accD=0.9375
step=3764800 rec=0.010619 dis=0.130854 adv=4.863101 lam=0.0001 accD=0.9688
step=3765600 rec=0.009110 dis=0.203428 adv=5.082331 lam=0.0001 accD=0.8438
step=3766400 rec=0.009171 dis=0.256639 adv=4.675929 lam=0.0001 accD=0.7812
step=3767200 rec=0.009614 dis=0.097317 adv=5.433415 lam=0.0001 accD=0.9688
step=3768000 rec=0.009036 dis=0.220630 adv=4.970129 lam=0.0001 accD=0.9375
step=3768800 rec=0.008438 dis=0.225840 adv=4.754558 lam=0.0001 accD=0.9062
step=3769600 rec=0.007879 dis=0.180946 adv=4.173322 lam=0.0001 accD=0.9062
step=3770400 rec=0.007540 dis=0.351483 adv=4.177276 lam=0.0001 accD=0.8438
step=3771200 rec=0.010095 dis=0.223711 adv=4.658622 lam=0.0001 accD=0.9375
step=3772000 rec=0.008996 dis=0.048487 adv=4.933878 lam=0.0001 accD=1.0000
step=3772800 rec=0.009319 dis=0.135519 adv=4.857748 lam=0.0001 accD=0.9375
step=3773600 rec=0.008957 dis=0.147877 adv=4.406676 lam=0.0001 accD=0.9688
step=3774400 rec=0.009710 dis=0.184161 adv=4.829682 lam=0.0001 accD=0.9062
step=3775200 rec=0.009222 dis=0.320756 adv=4.087115 lam=0.0001 accD=0.9375
step=3776000 rec=0.009931 dis=0.187558 adv=4.979044 lam=0.0001 accD=0.9375
step=3776800 rec=0.007622 dis=0.171585 adv=4.295252 lam=0.0001 accD=0.9375
step=3777600 rec=0.009441 dis=0.268764 adv=5.018016 lam=0.0001 accD=0.9062
step=3778400 rec=0.009045 dis=0.152866 adv=5.068927 lam=0.0001 accD=0.9375
step=3779200 rec=0.007911 dis=0.232134 adv=4.134582 lam=0.0001 accD=0.9062
step=3780000 rec=0.009264 dis=0.181062 adv=4.611579 lam=0.0001 accD=0.9062
step=3780800 rec=0.009018 dis=0.218568 adv=4.677127 lam=0.0001 accD=0.8750
step=3781600 rec=0.008917 dis=0.164501 adv=4.993451 lam=0.0001 accD=0.9375
step=3782400 rec=0.009533 dis=0.279100 adv=4.139950 lam=0.0001 accD=0.9375
step=3783200 rec=0.009885 dis=0.235520 adv=4.754156 lam=0.0001 accD=0.8750
step=3784000 rec=0.008166 dis=0.100203 adv=4.808910 lam=0.0001 accD=0.9688
step=3784800 rec=0.011418 dis=0.097112 adv=5.309158 lam=0.0001 accD=1.0000
step=3785600 rec=0.009616 dis=0.178552 adv=4.423359 lam=0.0001 accD=0.9375
step=3786400 rec=0.008270 dis=0.180694 adv=4.771085 lam=0.0001 accD=0.8750
step=3787200 rec=0.008291 dis=0.187937 adv=4.481441 lam=0.0001 accD=0.9062
step=3788000 rec=0.010292 dis=0.046450 adv=5.201892 lam=0.0001 accD=1.0000
step=3788800 rec=0.010543 dis=0.092167 adv=4.711570 lam=0.0001 accD=1.0000
step=3789600 rec=0.010700 dis=0.236001 adv=4.792149 lam=0.0001 accD=0.9375
step=3790400 rec=0.008342 dis=0.165732 adv=4.546811 lam=0.0001 accD=0.9062
step=3791200 rec=0.009682 dis=0.262331 adv=4.361948 lam=0.0001 accD=0.9062
step=3792000 rec=0.010473 dis=0.112401 adv=4.931091 lam=0.0001 accD=0.9688
step=3792800 rec=0.009798 dis=0.133556 adv=5.177518 lam=0.0001 accD=0.9375
step=3793600 rec=0.010370 dis=0.180550 adv=3.862197 lam=0.0001 accD=0.9062
step=3794400 rec=0.009610 dis=0.062512 adv=4.720963 lam=0.0001 accD=0.9688
step=3795200 rec=0.008807 dis=0.281949 adv=4.499864 lam=0.0001 accD=0.9062
step=3796000 rec=0.009433 dis=0.265982 adv=4.284649 lam=0.0001 accD=0.9375
step=3796800 rec=0.008975 dis=0.414490 adv=4.800104 lam=0.0001 accD=0.8750
step=3797600 rec=0.010946 dis=0.177044 adv=4.766200 lam=0.0001 accD=0.9688
step=3798400 rec=0.009599 dis=0.209931 adv=5.333142 lam=0.0001 accD=0.9375
[VAL] epoch=75 val_rec=0.008680 time_min=1.8
step=3799200 rec=0.007724 dis=0.058728 adv=5.282163 lam=0.0001 accD=0.9688
step=3800000 rec=0.009307 dis=0.123629 adv=5.428471 lam=0.0001 accD=0.9375
step=3800800 rec=0.007961 dis=0.198684 adv=4.228267 lam=0.0001 accD=0.9062
step=3801600 rec=0.007617 dis=0.278496 adv=4.144177 lam=0.0001 accD=0.9062
step=3802400 rec=0.008127 dis=0.243681 adv=5.309371 lam=0.0001 accD=0.9375
step=3803200 rec=0.008902 dis=0.164023 adv=4.878003 lam=0.0001 accD=0.9688
step=3804000 rec=0.010237 dis=0.138677 adv=4.800438 lam=0.0001 accD=0.9375
step=3804800 rec=0.008117 dis=0.235668 adv=4.215608 lam=0.0001 accD=0.8750
step=3805600 rec=0.008781 dis=0.195391 adv=5.071833 lam=0.0001 accD=0.9375
step=3806400 rec=0.010399 dis=0.169836 adv=4.186980 lam=0.0001 accD=0.9062
step=3807200 rec=0.010444 dis=0.196722 adv=4.520485 lam=0.0001 accD=0.9375
step=3808000 rec=0.007589 dis=0.139087 adv=4.476651 lam=0.0001 accD=0.9688
step=3808800 rec=0.009405 dis=0.169824 adv=4.478847 lam=0.0001 accD=0.9375
step=3809600 rec=0.009074 dis=0.231443 adv=4.323990 lam=0.0001 accD=0.8750
step=3810400 rec=0.009405 dis=0.240724 adv=4.281441 lam=0.0001 accD=0.9062
step=3811200 rec=0.008880 dis=0.164074 adv=5.187008 lam=0.0001 accD=0.9375
step=3812000 rec=0.008053 dis=0.179300 adv=4.182313 lam=0.0001 accD=0.9375
step=3812800 rec=0.009083 dis=0.185375 adv=4.971100 lam=0.0001 accD=0.8750
step=3813600 rec=0.008134 dis=0.266815 adv=4.525009 lam=0.0001 accD=0.9062
step=3814400 rec=0.008441 dis=0.129985 adv=4.907635 lam=0.0001 accD=0.9375
step=3815200 rec=0.008515 dis=0.078142 adv=5.005476 lam=0.0001 accD=0.9688
step=3816000 rec=0.008927 dis=0.072790 adv=4.887862 lam=0.0001 accD=1.0000
step=3816800 rec=0.008946 dis=0.175697 adv=4.807186 lam=0.0001 accD=0.9062
step=3817600 rec=0.009704 dis=0.254370 adv=4.216064 lam=0.0001 accD=0.9375
step=3818400 rec=0.010362 dis=0.183398 adv=4.442342 lam=0.0001 accD=0.9375
step=3819200 rec=0.007907 dis=0.244935 adv=5.355898 lam=0.0001 accD=0.9375
step=3820000 rec=0.009020 dis=0.075520 adv=4.826823 lam=0.0001 accD=1.0000
step=3820800 rec=0.008589 dis=0.046282 adv=6.039852 lam=0.0001 accD=1.0000
step=3821600 rec=0.009533 dis=0.277648 adv=3.710739 lam=0.0001 accD=0.9375
step=3822400 rec=0.008242 dis=0.149447 adv=4.854832 lam=0.0001 accD=0.9688
step=3823200 rec=0.010100 dis=0.306618 adv=5.125501 lam=0.0001 accD=0.9062
step=3824000 rec=0.007744 dis=0.251223 adv=4.138364 lam=0.0001 accD=0.9062
step=3824800 rec=0.010299 dis=0.088281 adv=3.888836 lam=0.0001 accD=0.9688
step=3825600 rec=0.008838 dis=0.146359 adv=5.017138 lam=0.0001 accD=0.9688
step=3826400 rec=0.011012 dis=0.311485 adv=4.165195 lam=0.0001 accD=0.8438
step=3827200 rec=0.010140 dis=0.090960 adv=4.726975 lam=0.0001 accD=0.9688
step=3828000 rec=0.008847 dis=0.454116 adv=4.491231 lam=0.0001 accD=0.8438
step=3828800 rec=0.009379 dis=0.066131 adv=4.849985 lam=0.0001 accD=0.9688
step=3829600 rec=0.011048 dis=0.156513 adv=4.601592 lam=0.0001 accD=0.9688
step=3830400 rec=0.010113 dis=0.144004 adv=4.795080 lam=0.0001 accD=0.9375
step=3831200 rec=0.007855 dis=0.141172 adv=4.721324 lam=0.0001 accD=0.9062
step=3832000 rec=0.009072 dis=0.126867 adv=4.515710 lam=0.0001 accD=0.9375
step=3832800 rec=0.008842 dis=0.082710 adv=4.666466 lam=0.0001 accD=0.9688
step=3833600 rec=0.009134 dis=0.264926 adv=4.438134 lam=0.0001 accD=0.8750
step=3834400 rec=0.009688 dis=0.227837 adv=4.517624 lam=0.0001 accD=0.9375
step=3835200 rec=0.008903 dis=0.415049 adv=4.677399 lam=0.0001 accD=0.8750
step=3836000 rec=0.009671 dis=0.080308 adv=4.940971 lam=0.0001 accD=0.9688
step=3836800 rec=0.009506 dis=0.070316 adv=5.549620 lam=0.0001 accD=0.9688
step=3837600 rec=0.008407 dis=0.162168 adv=4.669423 lam=0.0001 accD=0.9375
step=3838400 rec=0.007839 dis=0.065989 adv=5.338434 lam=0.0001 accD=1.0000
step=3839200 rec=0.007807 dis=0.189753 adv=4.978112 lam=0.0001 accD=0.9375
step=3840000 rec=0.010183 dis=0.130456 adv=4.169028 lam=0.0001 accD=0.9688
step=3840800 rec=0.009625 dis=0.232997 adv=5.174552 lam=0.0001 accD=0.9062
step=3841600 rec=0.011158 dis=0.366745 adv=3.627610 lam=0.0001 accD=0.8438
step=3842400 rec=0.008073 dis=0.174212 adv=4.818900 lam=0.0001 accD=0.9375
step=3843200 rec=0.007142 dis=0.268882 adv=4.288246 lam=0.0001 accD=0.9062
step=3844000 rec=0.008893 dis=0.156540 adv=5.182868 lam=0.0001 accD=0.9375
step=3844800 rec=0.009065 dis=0.140572 adv=4.927908 lam=0.0001 accD=0.9375
step=3845600 rec=0.007729 dis=0.099625 adv=4.611423 lam=0.0001 accD=0.9688
step=3846400 rec=0.009841 dis=0.104874 adv=4.644012 lam=0.0001 accD=0.9688
step=3847200 rec=0.009139 dis=0.083576 adv=5.114376 lam=0.0001 accD=0.9688
step=3848000 rec=0.009184 dis=0.134550 adv=4.652444 lam=0.0001 accD=0.9375
[VAL] epoch=76 val_rec=0.008735 time_min=1.9
step=3848800 rec=0.010233 dis=0.136074 adv=5.155528 lam=0.0001 accD=0.9688
step=3849600 rec=0.009602 dis=0.153894 adv=4.488830 lam=0.0001 accD=0.9375
step=3850400 rec=0.009261 dis=0.262170 adv=4.960649 lam=0.0001 accD=0.8438
step=3851200 rec=0.009112 dis=0.175338 adv=4.259460 lam=0.0001 accD=0.9375
step=3852000 rec=0.008492 dis=0.157075 adv=4.854952 lam=0.0001 accD=0.9062
step=3852800 rec=0.009061 dis=0.413794 adv=4.329690 lam=0.0001 accD=0.8125
step=3853600 rec=0.008914 dis=0.417196 adv=4.194018 lam=0.0001 accD=0.8750
step=3854400 rec=0.008329 dis=0.171964 adv=4.706177 lam=0.0001 accD=0.9375
step=3855200 rec=0.008460 dis=0.077664 adv=5.111372 lam=0.0001 accD=0.9688
step=3856000 rec=0.008859 dis=0.139293 adv=4.218077 lam=0.0001 accD=0.9688
step=3856800 rec=0.010257 dis=0.289578 adv=3.989002 lam=0.0001 accD=0.9062
step=3857600 rec=0.008222 dis=0.167309 adv=4.291184 lam=0.0001 accD=0.8750
step=3858400 rec=0.008760 dis=0.297503 adv=4.333438 lam=0.0001 accD=0.9375
step=3859200 rec=0.009394 dis=0.217341 adv=4.708447 lam=0.0001 accD=0.9375
step=3860000 rec=0.008865 dis=0.166039 adv=4.346726 lam=0.0001 accD=0.9375
step=3860800 rec=0.010015 dis=0.136376 adv=4.913109 lam=0.0001 accD=0.9688
step=3861600 rec=0.008631 dis=0.202758 adv=4.149947 lam=0.0001 accD=0.9062
step=3862400 rec=0.007609 dis=0.078845 adv=4.862015 lam=0.0001 accD=0.9688
step=3863200 rec=0.009103 dis=0.073978 adv=4.414759 lam=0.0001 accD=1.0000
step=3864000 rec=0.010925 dis=0.183702 adv=5.598430 lam=0.0001 accD=0.9375
step=3864800 rec=0.008804 dis=0.112791 adv=4.478260 lam=0.0001 accD=0.9688
step=3865600 rec=0.009286 dis=0.088342 adv=5.491805 lam=0.0001 accD=0.9688
step=3866400 rec=0.008939 dis=0.136272 adv=4.078845 lam=0.0001 accD=0.9688
step=3867200 rec=0.010591 dis=0.112025 adv=5.007895 lam=0.0001 accD=0.9688
step=3868000 rec=0.008893 dis=0.108105 adv=5.021673 lam=0.0001 accD=1.0000
step=3868800 rec=0.010660 dis=0.064386 adv=5.686444 lam=0.0001 accD=0.9688
step=3869600 rec=0.008637 dis=0.167684 adv=4.505527 lam=0.0001 accD=0.9375
step=3870400 rec=0.008824 dis=0.149363 adv=5.017122 lam=0.0001 accD=0.9375
step=3871200 rec=0.010692 dis=0.079044 adv=4.799322 lam=0.0001 accD=0.9688
step=3872000 rec=0.008552 dis=0.214663 adv=4.765970 lam=0.0001 accD=0.9062
step=3872800 rec=0.009759 dis=0.177816 adv=4.578017 lam=0.0001 accD=0.9375
step=3873600 rec=0.008021 dis=0.169763 adv=5.833307 lam=0.0001 accD=0.9062
step=3874400 rec=0.009619 dis=0.182874 adv=5.132086 lam=0.0001 accD=0.9375
step=3875200 rec=0.008603 dis=0.200748 adv=4.997236 lam=0.0001 accD=0.9688
step=3876000 rec=0.009777 dis=0.174626 adv=4.287574 lam=0.0001 accD=0.9688
step=3876800 rec=0.009449 dis=0.196824 adv=4.444118 lam=0.0001 accD=0.9375
step=3877600 rec=0.009220 dis=0.091259 adv=4.179609 lam=0.0001 accD=1.0000
step=3878400 rec=0.008623 dis=0.130842 adv=4.654486 lam=0.0001 accD=0.9375
step=3879200 rec=0.009756 dis=0.179028 adv=4.260010 lam=0.0001 accD=0.9062
step=3880000 rec=0.008914 dis=0.084524 adv=4.703221 lam=0.0001 accD=1.0000
step=3880800 rec=0.007409 dis=0.120810 adv=5.145214 lam=0.0001 accD=0.9375
step=3881600 rec=0.008077 dis=0.144802 adv=4.521674 lam=0.0001 accD=0.9375
step=3882400 rec=0.010493 dis=0.138738 adv=5.222966 lam=0.0001 accD=0.9375
step=3883200 rec=0.008509 dis=0.245911 adv=5.110593 lam=0.0001 accD=0.9062
step=3884000 rec=0.010882 dis=0.230958 adv=4.817978 lam=0.0001 accD=0.9375
step=3884800 rec=0.008747 dis=0.183976 adv=4.687016 lam=0.0001 accD=0.8750
step=3885600 rec=0.008944 dis=0.155071 adv=4.509898 lam=0.0001 accD=0.9375
step=3886400 rec=0.007753 dis=0.327738 adv=4.213105 lam=0.0001 accD=0.8750
step=3887200 rec=0.010510 dis=0.052730 adv=5.617699 lam=0.0001 accD=1.0000
step=3888000 rec=0.008670 dis=0.272967 adv=4.488204 lam=0.0001 accD=0.8438
step=3888800 rec=0.009556 dis=0.284090 adv=4.445577 lam=0.0001 accD=0.8750
step=3889600 rec=0.009653 dis=0.135044 adv=4.950969 lam=0.0001 accD=0.9375
step=3890400 rec=0.007949 dis=0.146170 adv=4.999506 lam=0.0001 accD=0.9688
step=3891200 rec=0.009439 dis=0.189733 adv=4.578287 lam=0.0001 accD=0.9062
step=3892000 rec=0.009069 dis=0.154858 adv=5.035357 lam=0.0001 accD=0.9375
step=3892800 rec=0.008799 dis=0.176188 adv=4.655191 lam=0.0001 accD=0.9375
step=3893600 rec=0.009289 dis=0.197404 adv=4.363315 lam=0.0001 accD=0.9375
step=3894400 rec=0.008105 dis=0.218667 adv=4.935452 lam=0.0001 accD=0.9688
step=3895200 rec=0.008824 dis=0.165214 adv=4.620994 lam=0.0001 accD=0.9375
step=3896000 rec=0.009698 dis=0.113258 adv=4.566384 lam=0.0001 accD=0.9688
step=3896800 rec=0.009046 dis=0.133720 adv=5.300803 lam=0.0001 accD=0.9688
step=3897600 rec=0.007893 dis=0.248812 adv=4.579140 lam=0.0001 accD=0.8438
step=3898400 rec=0.011175 dis=0.138838 adv=5.274564 lam=0.0001 accD=0.9375
[VAL] epoch=77 val_rec=0.008836 time_min=1.8
step=3899200 rec=0.009049 dis=0.228838 adv=4.358002 lam=0.0001 accD=0.9062
step=3900000 rec=0.010457 dis=0.211543 adv=4.575961 lam=0.0001 accD=0.8750
step=3900800 rec=0.008646 dis=0.209953 adv=4.553177 lam=0.0001 accD=0.9375
step=3901600 rec=0.009812 dis=0.175790 adv=5.296962 lam=0.0001 accD=0.9062
step=3902400 rec=0.009667 dis=0.208856 adv=4.701181 lam=0.0001 accD=0.9062
step=3903200 rec=0.009091 dis=0.182385 adv=4.518219 lam=0.0001 accD=0.9688
step=3904000 rec=0.009374 dis=0.212771 adv=4.969321 lam=0.0001 accD=0.8750
step=3904800 rec=0.007374 dis=0.311467 adv=4.782206 lam=0.0001 accD=0.8125
step=3905600 rec=0.009696 dis=0.162623 adv=5.989041 lam=0.0001 accD=0.9375
step=3906400 rec=0.008660 dis=0.108930 adv=4.764141 lam=0.0001 accD=0.9688
step=3907200 rec=0.008086 dis=0.099530 adv=5.199224 lam=0.0001 accD=0.9688
step=3908000 rec=0.010008 dis=0.467121 adv=4.695267 lam=0.0001 accD=0.9375
step=3908800 rec=0.010345 dis=0.274047 adv=4.201068 lam=0.0001 accD=0.9062
step=3909600 rec=0.007571 dis=0.272945 adv=4.476930 lam=0.0001 accD=0.9062
step=3910400 rec=0.007941 dis=0.194089 adv=5.219571 lam=0.0001 accD=0.9375
step=3911200 rec=0.008677 dis=0.272565 adv=3.574426 lam=0.0001 accD=0.9375
step=3912000 rec=0.009617 dis=0.159859 adv=5.088262 lam=0.0001 accD=0.9375
step=3912800 rec=0.008493 dis=0.253258 adv=3.961235 lam=0.0001 accD=0.9375
step=3913600 rec=0.009423 dis=0.149013 adv=5.386141 lam=0.0001 accD=0.8750
step=3914400 rec=0.010564 dis=0.145614 adv=4.744060 lam=0.0001 accD=0.9062
step=3915200 rec=0.008006 dis=0.063318 adv=5.392762 lam=0.0001 accD=1.0000
step=3916000 rec=0.008211 dis=0.216255 adv=5.135676 lam=0.0001 accD=0.9062
step=3916800 rec=0.008803 dis=0.092551 adv=4.697353 lam=0.0001 accD=1.0000
step=3917600 rec=0.008734 dis=0.216149 adv=4.731379 lam=0.0001 accD=0.9062
step=3918400 rec=0.008323 dis=0.195232 adv=4.342195 lam=0.0001 accD=0.8750
step=3919200 rec=0.009402 dis=0.168297 adv=4.741394 lam=0.0001 accD=0.9062
step=3920000 rec=0.008503 dis=0.072605 adv=4.952569 lam=0.0001 accD=1.0000
step=3920800 rec=0.009657 dis=0.117919 adv=5.018379 lam=0.0001 accD=0.9062
step=3921600 rec=0.010078 dis=0.317302 adv=4.338546 lam=0.0001 accD=0.9062
step=3922400 rec=0.009078 dis=0.076771 adv=4.587957 lam=0.0001 accD=1.0000
step=3923200 rec=0.009842 dis=0.200164 adv=4.556250 lam=0.0001 accD=0.9062
step=3924000 rec=0.008833 dis=0.107235 adv=5.229946 lam=0.0001 accD=0.9688
step=3924800 rec=0.009221 dis=0.161818 adv=5.048769 lam=0.0001 accD=0.9688
step=3925600 rec=0.007875 dis=0.108668 adv=5.098460 lam=0.0001 accD=0.9688
step=3926400 rec=0.008577 dis=0.213734 adv=4.814980 lam=0.0001 accD=0.9062
step=3927200 rec=0.008854 dis=0.234642 adv=4.158442 lam=0.0001 accD=0.9688
step=3928000 rec=0.009244 dis=0.087737 adv=4.915100 lam=0.0001 accD=0.9688
step=3928800 rec=0.008420 dis=0.118460 adv=4.970269 lam=0.0001 accD=0.9375
step=3929600 rec=0.009716 dis=0.179873 adv=4.835373 lam=0.0001 accD=0.9062
step=3930400 rec=0.009067 dis=0.099359 adv=4.929291 lam=0.0001 accD=0.9375
step=3931200 rec=0.008988 dis=0.145570 adv=4.485817 lam=0.0001 accD=0.9375
step=3932000 rec=0.008642 dis=0.456152 adv=4.429191 lam=0.0001 accD=0.8438
step=3932800 rec=0.007354 dis=0.157390 adv=4.489339 lam=0.0001 accD=0.9375
step=3933600 rec=0.008217 dis=0.325960 adv=5.114260 lam=0.0001 accD=0.9062
step=3934400 rec=0.009854 dis=0.183858 adv=4.358446 lam=0.0001 accD=0.9688
step=3935200 rec=0.010242 dis=0.129112 adv=4.856951 lam=0.0001 accD=0.9375
step=3936000 rec=0.009466 dis=0.192313 adv=4.531395 lam=0.0001 accD=0.9375
step=3936800 rec=0.007719 dis=0.279575 adv=4.002046 lam=0.0001 accD=0.8750
step=3937600 rec=0.009335 dis=0.197097 adv=4.690707 lam=0.0001 accD=0.9688
step=3938400 rec=0.009784 dis=0.142952 adv=4.335834 lam=0.0001 accD=0.9688
step=3939200 rec=0.008693 dis=0.065632 adv=5.170041 lam=0.0001 accD=1.0000
step=3940000 rec=0.009717 dis=0.186711 adv=4.917593 lam=0.0001 accD=0.9062
step=3940800 rec=0.010090 dis=0.234189 adv=4.770175 lam=0.0001 accD=0.9062
step=3941600 rec=0.008539 dis=0.264017 adv=4.314213 lam=0.0001 accD=0.9062
step=3942400 rec=0.009075 dis=0.138564 adv=4.591082 lam=0.0001 accD=0.9688
step=3943200 rec=0.008271 dis=0.159074 adv=4.085323 lam=0.0001 accD=0.9688
step=3944000 rec=0.008476 dis=0.214929 adv=4.267676 lam=0.0001 accD=0.8438
step=3944800 rec=0.009435 dis=0.206633 adv=4.499331 lam=0.0001 accD=0.9375
step=3945600 rec=0.009153 dis=0.191977 adv=5.091206 lam=0.0001 accD=0.9062
step=3946400 rec=0.010520 dis=0.058036 adv=4.417412 lam=0.0001 accD=1.0000
step=3947200 rec=0.008005 dis=0.152710 adv=4.499023 lam=0.0001 accD=0.9375
step=3948000 rec=0.007537 dis=0.115010 adv=4.778024 lam=0.0001 accD=0.9375
[VAL] epoch=78 val_rec=0.008884 time_min=1.9
step=3948800 rec=0.010629 dis=0.122072 adv=4.545039 lam=0.0001 accD=0.9688
step=3949600 rec=0.008870 dis=0.229879 adv=4.254854 lam=0.0001 accD=0.8125
step=3950400 rec=0.008000 dis=0.340872 adv=4.497514 lam=0.0001 accD=0.8125
step=3951200 rec=0.009594 dis=0.121984 adv=4.305095 lam=0.0001 accD=0.9688
step=3952000 rec=0.009167 dis=0.303235 adv=4.622651 lam=0.0001 accD=0.9062
step=3952800 rec=0.009785 dis=0.209748 adv=4.897195 lam=0.0001 accD=0.9062
step=3953600 rec=0.009858 dis=0.273929 adv=4.913711 lam=0.0001 accD=0.8438
step=3954400 rec=0.008210 dis=0.235147 adv=4.679123 lam=0.0001 accD=0.8750
step=3955200 rec=0.008421 dis=0.111456 adv=4.232985 lam=0.0001 accD=1.0000
step=3956000 rec=0.009786 dis=0.057118 adv=5.722816 lam=0.0001 accD=0.9688
step=3956800 rec=0.007787 dis=0.102061 adv=4.967602 lam=0.0001 accD=0.9375
step=3957600 rec=0.009452 dis=0.208939 adv=4.889582 lam=0.0001 accD=0.9062
step=3958400 rec=0.009112 dis=0.079919 adv=5.659513 lam=0.0001 accD=0.9688
step=3959200 rec=0.010614 dis=0.072980 adv=5.143855 lam=0.0001 accD=1.0000
step=3960000 rec=0.009080 dis=0.210464 adv=4.258163 lam=0.0001 accD=0.9062
step=3960800 rec=0.008267 dis=0.130552 adv=5.361666 lam=0.0001 accD=0.9375
step=3961600 rec=0.008575 dis=0.136183 adv=4.896588 lam=0.0001 accD=0.9375
step=3962400 rec=0.009468 dis=0.187207 adv=5.067146 lam=0.0001 accD=0.9375
step=3963200 rec=0.010338 dis=0.076995 adv=5.267734 lam=0.0001 accD=1.0000
step=3964000 rec=0.008232 dis=0.196449 adv=4.665733 lam=0.0001 accD=0.8750
step=3964800 rec=0.009499 dis=0.172758 adv=4.559681 lam=0.0001 accD=0.9688
step=3965600 rec=0.009768 dis=0.156186 adv=4.893991 lam=0.0001 accD=0.9688
step=3966400 rec=0.009308 dis=0.249656 adv=4.776996 lam=0.0001 accD=0.9062
step=3967200 rec=0.008287 dis=0.126867 adv=4.480809 lam=0.0001 accD=0.9688
step=3968000 rec=0.008529 dis=0.053815 adv=5.341682 lam=0.0001 accD=1.0000
step=3968800 rec=0.009594 dis=0.243129 adv=5.181102 lam=0.0001 accD=0.9062
step=3969600 rec=0.007906 dis=0.055080 adv=5.277914 lam=0.0001 accD=1.0000
step=3970400 rec=0.008489 dis=0.384897 adv=4.636651 lam=0.0001 accD=0.8750
step=3971200 rec=0.008663 dis=0.129377 adv=4.928691 lam=0.0001 accD=0.9375
step=3972000 rec=0.008979 dis=0.067205 adv=5.043698 lam=0.0001 accD=1.0000
step=3972800 rec=0.010883 dis=0.229636 adv=4.600560 lam=0.0001 accD=0.8750
step=3973600 rec=0.007927 dis=0.333067 adv=3.911428 lam=0.0001 accD=0.8750
step=3974400 rec=0.008042 dis=0.119714 adv=4.853695 lam=0.0001 accD=0.9375
step=3975200 rec=0.008664 dis=0.126222 adv=4.406682 lam=0.0001 accD=0.9688
step=3976000 rec=0.008928 dis=0.175928 adv=4.799154 lam=0.0001 accD=0.9062
step=3976800 rec=0.010166 dis=0.152285 adv=4.279213 lam=0.0001 accD=0.9688
step=3977600 rec=0.010745 dis=0.101110 adv=4.781765 lam=0.0001 accD=0.9688
step=3978400 rec=0.009257 dis=0.135802 adv=4.924203 lam=0.0001 accD=0.9688
step=3979200 rec=0.009768 dis=0.203419 adv=5.119454 lam=0.0001 accD=0.9375
step=3980000 rec=0.008341 dis=0.168338 adv=4.576288 lam=0.0001 accD=0.9688
step=3980800 rec=0.008718 dis=0.196847 adv=4.490085 lam=0.0001 accD=0.9375
step=3981600 rec=0.009274 dis=0.114644 adv=4.914608 lam=0.0001 accD=0.9062
step=3982400 rec=0.009395 dis=0.205230 adv=5.106698 lam=0.0001 accD=0.8438
step=3983200 rec=0.009220 dis=0.153083 adv=4.448936 lam=0.0001 accD=0.9375
step=3984000 rec=0.008556 dis=0.133014 adv=5.560452 lam=0.0001 accD=0.9062
step=3984800 rec=0.009090 dis=0.276209 adv=4.600003 lam=0.0001 accD=0.8438
step=3985600 rec=0.009302 dis=0.130866 adv=4.366642 lam=0.0001 accD=0.9688
step=3986400 rec=0.010445 dis=0.189595 adv=5.378376 lam=0.0001 accD=0.9688
step=3987200 rec=0.009734 dis=0.171280 adv=4.729452 lam=0.0001 accD=0.9062
step=3988000 rec=0.010536 dis=0.327537 adv=4.462532 lam=0.0001 accD=0.8125
step=3988800 rec=0.009685 dis=0.403093 adv=4.814979 lam=0.0001 accD=0.8750
step=3989600 rec=0.008868 dis=0.095392 adv=4.629373 lam=0.0001 accD=0.9375
step=3990400 rec=0.009183 dis=0.182043 adv=4.825273 lam=0.0001 accD=0.9688
step=3991200 rec=0.008925 dis=0.149655 adv=5.077188 lam=0.0001 accD=0.9062
step=3992000 rec=0.009248 dis=0.246858 adv=4.578358 lam=0.0001 accD=0.9062
step=3992800 rec=0.007930 dis=0.085633 adv=5.042089 lam=0.0001 accD=0.9688
step=3993600 rec=0.009009 dis=0.069713 adv=5.042725 lam=0.0001 accD=1.0000
step=3994400 rec=0.009790 dis=0.082052 adv=5.207336 lam=0.0001 accD=0.9688
step=3995200 rec=0.009117 dis=0.173653 adv=4.241988 lam=0.0001 accD=0.8750
step=3996000 rec=0.010087 dis=0.138809 adv=4.687821 lam=0.0001 accD=0.9688
step=3996800 rec=0.009389 dis=0.273391 adv=4.730322 lam=0.0001 accD=0.9062
step=3997600 rec=0.009534 dis=0.307279 adv=4.887626 lam=0.0001 accD=0.8750
step=3998400 rec=0.008899 dis=0.278577 adv=4.447170 lam=0.0001 accD=0.9062
[VAL] epoch=79 val_rec=0.008614 time_min=1.8
step=3999200 rec=0.008444 dis=0.190730 adv=5.082670 lam=0.0001 accD=0.9062
step=4000000 rec=0.008213 dis=0.034695 adv=5.847028 lam=0.0001 accD=1.0000
step=4000800 rec=0.008799 dis=0.107047 adv=4.953938 lam=0.0001 accD=0.9688
step=4001600 rec=0.008411 dis=0.218493 adv=4.372416 lam=0.0001 accD=0.9062
step=4002400 rec=0.009253 dis=0.113326 adv=4.436939 lam=0.0001 accD=0.9375
step=4003200 rec=0.008542 dis=0.300715 adv=4.411553 lam=0.0001 accD=0.8750
step=4004000 rec=0.009239 dis=0.125013 adv=4.379106 lam=0.0001 accD=0.9688
step=4004800 rec=0.009257 dis=0.329741 adv=4.605217 lam=0.0001 accD=0.8438
step=4005600 rec=0.007942 dis=0.124730 adv=4.338798 lam=0.0001 accD=0.9688
step=4006400 rec=0.009161 dis=0.228208 adv=5.064768 lam=0.0001 accD=0.9062
step=4007200 rec=0.010544 dis=0.211305 adv=4.999429 lam=0.0001 accD=0.9062
step=4008000 rec=0.009259 dis=0.106286 adv=4.076351 lam=0.0001 accD=1.0000
step=4008800 rec=0.008233 dis=0.117439 adv=4.754966 lam=0.0001 accD=0.9688
step=4009600 rec=0.008849 dis=0.270418 adv=4.019361 lam=0.0001 accD=0.9062
step=4010400 rec=0.009224 dis=0.279676 adv=4.986876 lam=0.0001 accD=0.9062
step=4011200 rec=0.009786 dis=0.281544 adv=4.435076 lam=0.0001 accD=0.8438
step=4012000 rec=0.009104 dis=0.189476 adv=4.920012 lam=0.0001 accD=0.8750
step=4012800 rec=0.008095 dis=0.298148 adv=4.386951 lam=0.0001 accD=0.9062
step=4013600 rec=0.008529 dis=0.070484 adv=5.560541 lam=0.0001 accD=0.9688
step=4014400 rec=0.008670 dis=0.075127 adv=5.039212 lam=0.0001 accD=1.0000
step=4015200 rec=0.010365 dis=0.086481 adv=4.995175 lam=0.0001 accD=0.9688
step=4016000 rec=0.008733 dis=0.268657 adv=4.253833 lam=0.0001 accD=0.8438
step=4016800 rec=0.009621 dis=0.205660 adv=4.692958 lam=0.0001 accD=0.9688
step=4017600 rec=0.010072 dis=0.197686 adv=4.149562 lam=0.0001 accD=0.9062
step=4018400 rec=0.008934 dis=0.178073 adv=5.666330 lam=0.0001 accD=0.9375
step=4019200 rec=0.010475 dis=0.114097 adv=5.271691 lam=0.0001 accD=0.9688
step=4020000 rec=0.009240 dis=0.350171 adv=4.526875 lam=0.0001 accD=0.9375
step=4020800 rec=0.008030 dis=0.236897 adv=4.965991 lam=0.0001 accD=0.9062
step=4021600 rec=0.010463 dis=0.348866 adv=4.525948 lam=0.0001 accD=0.9062
step=4022400 rec=0.009571 dis=0.331580 adv=4.431738 lam=0.0001 accD=0.8750
step=4023200 rec=0.007877 dis=0.302523 adv=5.433627 lam=0.0001 accD=0.8438
step=4024000 rec=0.009203 dis=0.352538 adv=4.476318 lam=0.0001 accD=0.9062
step=4024800 rec=0.008656 dis=0.125086 adv=4.646532 lam=0.0001 accD=0.9375
step=4025600 rec=0.009116 dis=0.150978 adv=5.001819 lam=0.0001 accD=0.9375
step=4026400 rec=0.008810 dis=0.103100 adv=4.990641 lam=0.0001 accD=0.9688
step=4027200 rec=0.009520 dis=0.117091 adv=4.591484 lam=0.0001 accD=0.9688
step=4028000 rec=0.008503 dis=0.140025 adv=4.248942 lam=0.0001 accD=0.9375
step=4028800 rec=0.008821 dis=0.084436 adv=4.723470 lam=0.0001 accD=0.9688
step=4029600 rec=0.007414 dis=0.073524 adv=5.025549 lam=0.0001 accD=0.9688
step=4030400 rec=0.008817 dis=0.088821 adv=5.484581 lam=0.0001 accD=1.0000
step=4031200 rec=0.008812 dis=0.360712 adv=3.913189 lam=0.0001 accD=0.8438
step=4032000 rec=0.009798 dis=0.168144 adv=4.556009 lam=0.0001 accD=0.9375
step=4032800 rec=0.009081 dis=0.176711 adv=4.392779 lam=0.0001 accD=0.8750
step=4033600 rec=0.009117 dis=0.118899 adv=4.362003 lam=0.0001 accD=0.9375
step=4034400 rec=0.008777 dis=0.427622 adv=4.337602 lam=0.0001 accD=0.9062
step=4035200 rec=0.009450 dis=0.087222 adv=4.687690 lam=0.0001 accD=1.0000
step=4036000 rec=0.008993 dis=0.163974 adv=4.981492 lam=0.0001 accD=0.9062
step=4036800 rec=0.008014 dis=0.137868 adv=4.593574 lam=0.0001 accD=0.9688
step=4037600 rec=0.009421 dis=0.378842 adv=4.826653 lam=0.0001 accD=0.8125
step=4038400 rec=0.009453 dis=0.405832 adv=4.348115 lam=0.0001 accD=0.8438
step=4039200 rec=0.010642 dis=0.174135 adv=4.790478 lam=0.0001 accD=0.9375
step=4040000 rec=0.008937 dis=0.070909 adv=5.067722 lam=0.0001 accD=1.0000
step=4040800 rec=0.007590 dis=0.095203 adv=4.938986 lam=0.0001 accD=0.9688
step=4041600 rec=0.009672 dis=0.047489 adv=5.640806 lam=0.0001 accD=0.9688
step=4042400 rec=0.009246 dis=0.365468 adv=4.348425 lam=0.0001 accD=0.7500
step=4043200 rec=0.008807 dis=0.177520 adv=5.209512 lam=0.0001 accD=0.9375
step=4044000 rec=0.010399 dis=0.201846 adv=5.101376 lam=0.0001 accD=0.9688
step=4044800 rec=0.010357 dis=0.053894 adv=5.231219 lam=0.0001 accD=1.0000
step=4045600 rec=0.009156 dis=0.199044 adv=4.338607 lam=0.0001 accD=0.9688
step=4046400 rec=0.008506 dis=0.248620 adv=3.822889 lam=0.0001 accD=0.9062
step=4047200 rec=0.009381 dis=0.108836 adv=4.959664 lam=0.0001 accD=0.9688
step=4048000 rec=0.007809 dis=0.102199 adv=4.616616 lam=0.0001 accD=0.9688
[VAL] epoch=80 val_rec=0.009056 time_min=1.8
step=4048800 rec=0.009509 dis=0.124891 adv=5.152732 lam=0.0001 accD=0.9375
step=4049600 rec=0.009212 dis=0.133686 adv=5.514565 lam=0.0001 accD=0.9688
step=4050400 rec=0.009441 dis=0.193519 adv=4.321169 lam=0.0001 accD=0.8750
step=4051200 rec=0.008970 dis=0.148104 adv=4.945710 lam=0.0001 accD=0.9688
step=4052000 rec=0.010192 dis=0.166243 adv=4.311041 lam=0.0001 accD=0.9375
step=4052800 rec=0.009666 dis=0.184453 adv=4.165061 lam=0.0001 accD=0.9375
step=4053600 rec=0.009920 dis=0.115034 adv=4.166598 lam=0.0001 accD=0.9688
step=4054400 rec=0.009527 dis=0.150794 adv=5.321685 lam=0.0001 accD=0.9375
step=4055200 rec=0.009797 dis=0.205089 adv=4.111303 lam=0.0001 accD=0.9688
step=4056000 rec=0.009806 dis=0.086775 adv=4.617602 lam=0.0001 accD=1.0000
step=4056800 rec=0.009025 dis=0.120185 adv=4.303276 lam=0.0001 accD=0.9688
step=4057600 rec=0.008437 dis=0.455469 adv=3.928518 lam=0.0001 accD=0.9062
step=4058400 rec=0.007694 dis=0.131991 adv=5.310150 lam=0.0001 accD=0.9375
step=4059200 rec=0.008123 dis=0.142072 adv=5.303305 lam=0.0001 accD=0.9688
step=4060000 rec=0.008569 dis=0.094017 adv=4.678091 lam=0.0001 accD=0.9688
step=4060800 rec=0.008278 dis=0.111969 adv=5.547235 lam=0.0001 accD=0.9375
step=4061600 rec=0.006740 dis=0.121169 adv=4.623884 lam=0.0001 accD=0.9375
step=4062400 rec=0.007875 dis=0.079640 adv=5.443385 lam=0.0001 accD=0.9688
step=4063200 rec=0.009085 dis=0.060403 adv=5.326693 lam=0.0001 accD=0.9688
step=4064000 rec=0.008872 dis=0.059741 adv=5.716005 lam=0.0001 accD=1.0000
step=4064800 rec=0.008835 dis=0.176041 adv=5.061172 lam=0.0001 accD=0.8750
step=4065600 rec=0.008096 dis=0.052418 adv=5.603264 lam=0.0001 accD=0.9688
step=4066400 rec=0.008668 dis=0.176736 adv=4.333211 lam=0.0001 accD=0.9062
step=4067200 rec=0.011648 dis=0.109584 adv=4.707923 lam=0.0001 accD=1.0000
step=4068000 rec=0.008313 dis=0.150045 adv=4.786988 lam=0.0001 accD=0.9375
step=4068800 rec=0.009033 dis=0.201931 adv=4.827932 lam=0.0001 accD=0.8750
step=4069600 rec=0.010008 dis=0.122742 adv=4.644846 lam=0.0001 accD=0.9375
step=4070400 rec=0.009483 dis=0.217528 adv=5.071342 lam=0.0001 accD=0.9062
step=4071200 rec=0.007746 dis=0.286382 adv=4.344611 lam=0.0001 accD=0.8750
step=4072000 rec=0.009464 dis=0.130468 adv=5.730889 lam=0.0001 accD=0.9375
step=4072800 rec=0.010171 dis=0.102928 adv=4.613285 lam=0.0001 accD=0.9688
step=4073600 rec=0.010739 dis=0.205052 adv=4.890348 lam=0.0001 accD=0.9062
step=4074400 rec=0.009053 dis=0.101978 adv=4.603243 lam=0.0001 accD=0.9688
step=4075200 rec=0.008399 dis=0.136341 adv=4.960506 lam=0.0001 accD=0.9688
step=4076000 rec=0.009957 dis=0.207344 adv=5.161994 lam=0.0001 accD=0.9375
step=4076800 rec=0.008738 dis=0.049784 adv=5.411698 lam=0.0001 accD=1.0000
step=4077600 rec=0.008562 dis=0.212180 adv=5.412333 lam=0.0001 accD=0.8438
step=4078400 rec=0.007460 dis=0.116547 adv=4.880583 lam=0.0001 accD=1.0000
step=4079200 rec=0.010041 dis=0.129078 adv=4.506015 lam=0.0001 accD=0.9375
step=4080000 rec=0.007877 dis=0.183055 adv=5.650936 lam=0.0001 accD=0.9688
step=4080800 rec=0.011378 dis=0.053999 adv=4.853823 lam=0.0001 accD=1.0000
step=4081600 rec=0.008764 dis=0.076870 adv=4.602899 lam=0.0001 accD=1.0000
step=4082400 rec=0.009055 dis=0.095218 adv=5.088882 lam=0.0001 accD=0.9375
step=4083200 rec=0.007549 dis=0.375799 adv=5.083314 lam=0.0001 accD=0.7812
step=4084000 rec=0.008330 dis=0.284564 adv=5.464863 lam=0.0001 accD=0.8438
step=4084800 rec=0.009808 dis=0.069613 adv=5.096215 lam=0.0001 accD=0.9688
step=4085600 rec=0.008994 dis=0.555789 adv=4.192415 lam=0.0001 accD=0.8438
step=4086400 rec=0.009444 dis=0.245481 adv=4.765569 lam=0.0001 accD=0.9062
step=4087200 rec=0.008809 dis=0.124146 adv=5.519841 lam=0.0001 accD=0.9062
step=4088000 rec=0.009133 dis=0.399368 adv=5.141930 lam=0.0001 accD=0.8438
step=4088800 rec=0.011445 dis=0.130823 adv=5.252323 lam=0.0001 accD=0.9375
step=4089600 rec=0.008158 dis=0.204087 adv=4.542495 lam=0.0001 accD=0.9062
step=4090400 rec=0.009364 dis=0.169534 adv=4.684442 lam=0.0001 accD=0.9375
step=4091200 rec=0.007480 dis=0.255195 adv=5.626616 lam=0.0001 accD=0.9375
step=4092000 rec=0.008544 dis=0.238907 adv=4.473651 lam=0.0001 accD=0.8750
step=4092800 rec=0.009471 dis=0.209241 adv=4.984425 lam=0.0001 accD=0.9062
step=4093600 rec=0.008284 dis=0.176205 adv=5.420537 lam=0.0001 accD=0.9062
step=4094400 rec=0.010522 dis=0.107667 adv=5.667415 lam=0.0001 accD=0.9688
step=4095200 rec=0.009985 dis=0.282425 adv=4.224886 lam=0.0001 accD=0.8438
step=4096000 rec=0.008729 dis=0.240099 adv=3.821260 lam=0.0001 accD=0.8750
step=4096800 rec=0.009719 dis=0.233656 adv=4.660872 lam=0.0001 accD=0.8438
step=4097600 rec=0.008933 dis=0.208013 adv=4.433026 lam=0.0001 accD=0.9688
step=4098400 rec=0.009576 dis=0.128585 adv=4.366529 lam=0.0001 accD=0.9688
[VAL] epoch=81 val_rec=0.008648 time_min=1.8
step=4099200 rec=0.009037 dis=0.114692 adv=4.718691 lam=0.0001 accD=0.9688
step=4100000 rec=0.008376 dis=0.139404 adv=4.542648 lam=0.0001 accD=0.9688
step=4100800 rec=0.009717 dis=0.172034 adv=4.360508 lam=0.0001 accD=0.9062
step=4101600 rec=0.009078 dis=0.161907 adv=4.705369 lam=0.0001 accD=0.9375
step=4102400 rec=0.008184 dis=0.259019 adv=4.613086 lam=0.0001 accD=0.8750
step=4103200 rec=0.009146 dis=0.181435 adv=4.503613 lam=0.0001 accD=0.9375
step=4104000 rec=0.010202 dis=0.226733 adv=4.685716 lam=0.0001 accD=0.8750
step=4104800 rec=0.008672 dis=0.374569 adv=4.275743 lam=0.0001 accD=0.8125
step=4105600 rec=0.008917 dis=0.097468 adv=4.433681 lam=0.0001 accD=0.9688
step=4106400 rec=0.007835 dis=0.322705 adv=4.604622 lam=0.0001 accD=0.8125
step=4107200 rec=0.007285 dis=0.147118 adv=4.646714 lam=0.0001 accD=0.9375
step=4108000 rec=0.009844 dis=0.165363 adv=5.213315 lam=0.0001 accD=0.9062
step=4108800 rec=0.010231 dis=0.126646 adv=4.503719 lam=0.0001 accD=0.9062
step=4109600 rec=0.011265 dis=0.201733 adv=5.143306 lam=0.0001 accD=0.9375
step=4110400 rec=0.008131 dis=0.111392 adv=4.967777 lam=0.0001 accD=0.9375
step=4111200 rec=0.009347 dis=0.085205 adv=5.441384 lam=0.0001 accD=0.9688
step=4112000 rec=0.009248 dis=0.182353 adv=4.370322 lam=0.0001 accD=0.9062
step=4112800 rec=0.011113 dis=0.128463 adv=4.856153 lam=0.0001 accD=0.9688
step=4113600 rec=0.009125 dis=0.141014 adv=4.651936 lam=0.0001 accD=0.9062
step=4114400 rec=0.010614 dis=0.062358 adv=4.991143 lam=0.0001 accD=0.9688
step=4115200 rec=0.009134 dis=0.062041 adv=4.989283 lam=0.0001 accD=1.0000
step=4116000 rec=0.008548 dis=0.157129 adv=5.020232 lam=0.0001 accD=0.9062
step=4116800 rec=0.009042 dis=0.193519 adv=3.864263 lam=0.0001 accD=0.9688
step=4117600 rec=0.008984 dis=0.149814 adv=5.387809 lam=0.0001 accD=0.9375
step=4118400 rec=0.008392 dis=0.157163 adv=5.141134 lam=0.0001 accD=0.9062
step=4119200 rec=0.010415 dis=0.162098 adv=5.049767 lam=0.0001 accD=0.9688
step=4120000 rec=0.008341 dis=0.064735 adv=5.096984 lam=0.0001 accD=0.9688
step=4120800 rec=0.008188 dis=0.186991 adv=4.428344 lam=0.0001 accD=0.9688
step=4121600 rec=0.007419 dis=0.243486 adv=4.579795 lam=0.0001 accD=0.9062
step=4122400 rec=0.007632 dis=0.121055 adv=4.306504 lam=0.0001 accD=0.9688
step=4123200 rec=0.008750 dis=0.156451 adv=4.864839 lam=0.0001 accD=0.9375
step=4124000 rec=0.010325 dis=0.087398 adv=6.141267 lam=0.0001 accD=0.9688
step=4124800 rec=0.009274 dis=0.197829 adv=4.704811 lam=0.0001 accD=0.9375
step=4125600 rec=0.007434 dis=0.096686 adv=4.600243 lam=0.0001 accD=0.9688
step=4126400 rec=0.009593 dis=0.346691 adv=4.150839 lam=0.0001 accD=0.8125
step=4127200 rec=0.010111 dis=0.372657 adv=3.673458 lam=0.0001 accD=0.8438
step=4128000 rec=0.008409 dis=0.373152 adv=5.082809 lam=0.0001 accD=0.8750
step=4128800 rec=0.009881 dis=0.384173 adv=4.292299 lam=0.0001 accD=0.8438
step=4129600 rec=0.008909 dis=0.080395 adv=4.662313 lam=0.0001 accD=0.9688
step=4130400 rec=0.009166 dis=0.243498 adv=5.732969 lam=0.0001 accD=0.9375
step=4131200 rec=0.008872 dis=0.163503 adv=5.077073 lam=0.0001 accD=0.8750
step=4132000 rec=0.009422 dis=0.090652 adv=4.711906 lam=0.0001 accD=0.9688
step=4132800 rec=0.008395 dis=0.133386 adv=5.408565 lam=0.0001 accD=0.9375
step=4133600 rec=0.009178 dis=0.198542 adv=4.679300 lam=0.0001 accD=0.9062
step=4134400 rec=0.009827 dis=0.251753 adv=5.123381 lam=0.0001 accD=0.8750
step=4135200 rec=0.008456 dis=0.053606 adv=5.984774 lam=0.0001 accD=1.0000
step=4136000 rec=0.008456 dis=0.251118 adv=4.578405 lam=0.0001 accD=0.8750
step=4136800 rec=0.007783 dis=0.164553 adv=4.509660 lam=0.0001 accD=0.9062
step=4137600 rec=0.008591 dis=0.099753 adv=4.914584 lam=0.0001 accD=0.9375
step=4138400 rec=0.007835 dis=0.165407 adv=4.891189 lam=0.0001 accD=0.9688
step=4139200 rec=0.008433 dis=0.136264 adv=4.168389 lam=0.0001 accD=0.9688
step=4140000 rec=0.009260 dis=0.187523 adv=4.149467 lam=0.0001 accD=0.9062
step=4140800 rec=0.009206 dis=0.130992 adv=4.532588 lam=0.0001 accD=0.9688
step=4141600 rec=0.007980 dis=0.210784 adv=4.696303 lam=0.0001 accD=0.9062
step=4142400 rec=0.009661 dis=0.120908 adv=4.654904 lam=0.0001 accD=1.0000
step=4143200 rec=0.008402 dis=0.337331 adv=4.434891 lam=0.0001 accD=0.8750
step=4144000 rec=0.008233 dis=0.286149 adv=4.707700 lam=0.0001 accD=0.8750
step=4144800 rec=0.008930 dis=0.124678 adv=5.053057 lam=0.0001 accD=0.9375
step=4145600 rec=0.010855 dis=0.221133 adv=4.833508 lam=0.0001 accD=0.9688
step=4146400 rec=0.008613 dis=0.125540 adv=5.404127 lam=0.0001 accD=0.9688
step=4147200 rec=0.009430 dis=0.138839 adv=5.478140 lam=0.0001 accD=0.9688
step=4148000 rec=0.009941 dis=0.162381 adv=4.919770 lam=0.0001 accD=0.9375
[VAL] epoch=82 val_rec=0.008485 time_min=1.8
step=4148800 rec=0.010011 dis=0.137471 adv=4.358083 lam=0.0001 accD=0.9375
step=4149600 rec=0.009350 dis=0.117884 adv=4.755429 lam=0.0001 accD=0.9688
step=4150400 rec=0.008086 dis=0.275997 adv=4.686223 lam=0.0001 accD=0.9062
step=4151200 rec=0.009094 dis=0.181259 adv=4.757734 lam=0.0001 accD=0.9375
step=4152000 rec=0.008607 dis=0.179302 adv=5.016133 lam=0.0001 accD=0.9688
step=4152800 rec=0.008284 dis=0.197528 adv=4.749617 lam=0.0001 accD=0.9062
step=4153600 rec=0.009234 dis=0.177539 adv=4.912230 lam=0.0001 accD=0.9062
step=4154400 rec=0.008067 dis=0.200952 adv=4.670715 lam=0.0001 accD=0.9062
step=4155200 rec=0.009230 dis=0.177716 adv=4.351426 lam=0.0001 accD=0.9062
step=4156000 rec=0.009073 dis=0.155528 adv=4.902461 lam=0.0001 accD=0.9062
step=4156800 rec=0.010263 dis=0.166147 adv=4.238903 lam=0.0001 accD=0.9375
step=4157600 rec=0.008662 dis=0.183831 adv=4.418125 lam=0.0001 accD=0.9375
step=4158400 rec=0.010396 dis=0.145927 adv=5.097726 lam=0.0001 accD=0.9375
step=4159200 rec=0.008787 dis=0.116373 adv=4.864894 lam=0.0001 accD=0.9688
step=4160000 rec=0.008892 dis=0.101400 adv=5.520092 lam=0.0001 accD=0.9375
step=4160800 rec=0.010013 dis=0.038042 adv=5.448764 lam=0.0001 accD=1.0000
step=4161600 rec=0.009713 dis=0.150763 adv=4.649031 lam=0.0001 accD=0.9375
step=4162400 rec=0.008852 dis=0.128380 adv=4.939290 lam=0.0001 accD=0.9375
step=4163200 rec=0.009685 dis=0.095259 adv=4.823642 lam=0.0001 accD=0.9375
step=4164000 rec=0.008717 dis=0.130395 adv=4.446129 lam=0.0001 accD=0.9688
step=4164800 rec=0.007563 dis=0.339569 adv=4.917975 lam=0.0001 accD=0.8125
step=4165600 rec=0.008945 dis=0.133240 adv=4.545196 lam=0.0001 accD=0.9688
step=4166400 rec=0.010312 dis=0.135041 adv=4.795399 lam=0.0001 accD=0.9688
step=4167200 rec=0.010238 dis=0.268268 adv=4.492326 lam=0.0001 accD=0.8438
step=4168000 rec=0.008848 dis=0.086493 adv=4.939810 lam=0.0001 accD=0.9688
step=4168800 rec=0.007941 dis=0.222356 adv=4.757873 lam=0.0001 accD=0.9375
step=4169600 rec=0.006960 dis=0.376585 adv=4.749454 lam=0.0001 accD=0.8438
step=4170400 rec=0.007965 dis=0.165157 adv=4.497225 lam=0.0001 accD=0.9062
step=4171200 rec=0.008238 dis=0.169448 adv=4.375237 lam=0.0001 accD=0.9375
step=4172000 rec=0.007572 dis=0.323650 adv=4.576513 lam=0.0001 accD=0.9062
step=4172800 rec=0.008930 dis=0.147035 adv=4.940300 lam=0.0001 accD=0.9375
step=4173600 rec=0.008702 dis=0.145821 adv=4.749219 lam=0.0001 accD=0.9375
step=4174400 rec=0.008299 dis=0.395636 adv=4.749905 lam=0.0001 accD=0.8125
step=4175200 rec=0.009961 dis=0.295980 adv=4.504707 lam=0.0001 accD=0.8750
step=4176000 rec=0.009590 dis=0.181401 adv=5.453078 lam=0.0001 accD=0.9062
step=4176800 rec=0.008227 dis=0.231035 adv=4.604924 lam=0.0001 accD=0.9062
step=4177600 rec=0.008743 dis=0.129269 adv=4.484533 lam=0.0001 accD=0.9688
step=4178400 rec=0.008359 dis=0.393000 adv=4.419205 lam=0.0001 accD=0.8125
step=4179200 rec=0.009031 dis=0.246897 adv=4.677002 lam=0.0001 accD=0.9375
step=4180000 rec=0.009120 dis=0.279075 adv=4.123894 lam=0.0001 accD=0.9375
step=4180800 rec=0.010088 dis=0.355267 adv=3.867230 lam=0.0001 accD=0.8438
step=4181600 rec=0.009149 dis=0.156248 adv=4.599562 lam=0.0001 accD=0.9375
step=4182400 rec=0.009128 dis=0.191055 adv=4.584744 lam=0.0001 accD=0.8750
step=4183200 rec=0.006934 dis=0.109778 adv=5.113500 lam=0.0001 accD=0.9688
step=4184000 rec=0.008393 dis=0.174848 adv=6.074398 lam=0.0001 accD=0.9375
step=4184800 rec=0.008768 dis=0.080310 adv=5.343154 lam=0.0001 accD=0.9688
step=4185600 rec=0.008655 dis=0.104117 adv=5.063333 lam=0.0001 accD=0.9688
step=4186400 rec=0.009238 dis=0.113416 adv=5.229916 lam=0.0001 accD=0.9688
step=4187200 rec=0.008822 dis=0.143190 adv=4.091497 lam=0.0001 accD=0.9375
step=4188000 rec=0.007074 dis=0.165907 adv=5.230104 lam=0.0001 accD=0.9375
step=4188800 rec=0.009803 dis=0.184389 adv=4.838440 lam=0.0001 accD=0.9062
step=4189600 rec=0.010068 dis=0.229212 adv=3.797791 lam=0.0001 accD=0.8750
step=4190400 rec=0.008153 dis=0.082979 adv=5.050496 lam=0.0001 accD=1.0000
step=4191200 rec=0.008163 dis=0.111493 adv=5.291387 lam=0.0001 accD=0.9375
step=4192000 rec=0.008981 dis=0.230425 adv=5.061150 lam=0.0001 accD=0.9375
step=4192800 rec=0.007547 dis=0.199918 adv=5.222841 lam=0.0001 accD=0.9688
step=4193600 rec=0.008356 dis=0.124150 adv=4.493923 lam=0.0001 accD=0.9375
step=4194400 rec=0.009936 dis=0.307890 adv=4.199748 lam=0.0001 accD=0.8125
step=4195200 rec=0.009891 dis=0.240641 adv=4.697980 lam=0.0001 accD=0.9062
step=4196000 rec=0.009301 dis=0.160308 adv=4.666745 lam=0.0001 accD=0.9062
step=4196800 rec=0.007160 dis=0.067153 adv=4.443579 lam=0.0001 accD=1.0000
step=4197600 rec=0.010112 dis=0.239043 adv=4.834005 lam=0.0001 accD=0.9062
step=4198400 rec=0.009447 dis=0.272741 adv=5.307324 lam=0.0001 accD=0.9375
[VAL] epoch=83 val_rec=0.008689 time_min=1.7
step=4199200 rec=0.009720 dis=0.061842 adv=4.847653 lam=0.0001 accD=0.9688
step=4200000 rec=0.011096 dis=0.213722 adv=4.311934 lam=0.0001 accD=0.9062
step=4200800 rec=0.009118 dis=0.085913 adv=4.830969 lam=0.0001 accD=1.0000
step=4201600 rec=0.009677 dis=0.328219 adv=4.050191 lam=0.0001 accD=0.8438
step=4202400 rec=0.008927 dis=0.171943 adv=5.381845 lam=0.0001 accD=0.9062
step=4203200 rec=0.008586 dis=0.364728 adv=4.863609 lam=0.0001 accD=0.8125
step=4204000 rec=0.007576 dis=0.136399 adv=5.194793 lam=0.0001 accD=0.9688
step=4204800 rec=0.009114 dis=0.220782 adv=4.338496 lam=0.0001 accD=0.9375
step=4205600 rec=0.008479 dis=0.133000 adv=4.462453 lam=0.0001 accD=0.9375
step=4206400 rec=0.008986 dis=0.131833 adv=4.169621 lam=0.0001 accD=0.9062
step=4207200 rec=0.008146 dis=0.239291 adv=4.287818 lam=0.0001 accD=0.9375
step=4208000 rec=0.008754 dis=0.106939 adv=4.645380 lam=0.0001 accD=1.0000
step=4208800 rec=0.008876 dis=0.159920 adv=4.703114 lam=0.0001 accD=0.9688
step=4209600 rec=0.009011 dis=0.118009 adv=5.031991 lam=0.0001 accD=0.9375
step=4210400 rec=0.009294 dis=0.199445 adv=4.611367 lam=0.0001 accD=0.9062
step=4211200 rec=0.008535 dis=0.081209 adv=5.241262 lam=0.0001 accD=0.9688
step=4212000 rec=0.008601 dis=0.275560 adv=4.196912 lam=0.0001 accD=0.9062
step=4212800 rec=0.008615 dis=0.090586 adv=4.291027 lam=0.0001 accD=1.0000
step=4213600 rec=0.010757 dis=0.128375 adv=4.312052 lam=0.0001 accD=0.9062
step=4214400 rec=0.007483 dis=0.074518 adv=5.398044 lam=0.0001 accD=0.9688
step=4215200 rec=0.008529 dis=0.157196 adv=4.620727 lam=0.0001 accD=0.9062
step=4216000 rec=0.010265 dis=0.181751 adv=4.556374 lam=0.0001 accD=0.9375
step=4216800 rec=0.008259 dis=0.170040 adv=5.240779 lam=0.0001 accD=0.9375
step=4217600 rec=0.010051 dis=0.259017 adv=4.421920 lam=0.0001 accD=0.8438
step=4218400 rec=0.010305 dis=0.216936 adv=4.072119 lam=0.0001 accD=0.9375
step=4219200 rec=0.008986 dis=0.222396 adv=5.125632 lam=0.0001 accD=0.9375
step=4220000 rec=0.007646 dis=0.072257 adv=4.991863 lam=0.0001 accD=1.0000
step=4220800 rec=0.007497 dis=0.128630 adv=5.164994 lam=0.0001 accD=0.9375
step=4221600 rec=0.008447 dis=0.185930 adv=4.549929 lam=0.0001 accD=0.9062
step=4222400 rec=0.008737 dis=0.103292 adv=4.512958 lam=0.0001 accD=1.0000
step=4223200 rec=0.009058 dis=0.105688 adv=4.884980 lam=0.0001 accD=0.9688
step=4224000 rec=0.008272 dis=0.275663 adv=4.723724 lam=0.0001 accD=0.8438
step=4224800 rec=0.008067 dis=0.132694 adv=5.414748 lam=0.0001 accD=0.9375
step=4225600 rec=0.008378 dis=0.089211 adv=5.011153 lam=0.0001 accD=0.9688
step=4226400 rec=0.008264 dis=0.297169 adv=4.143941 lam=0.0001 accD=0.8438
step=4227200 rec=0.008558 dis=0.234819 adv=4.114144 lam=0.0001 accD=0.8750
step=4228000 rec=0.007650 dis=0.241031 adv=4.967860 lam=0.0001 accD=0.9375
step=4228800 rec=0.009831 dis=0.045100 adv=5.367084 lam=0.0001 accD=1.0000
step=4229600 rec=0.008478 dis=0.153620 adv=5.070312 lam=0.0001 accD=0.8750
step=4230400 rec=0.009141 dis=0.200157 adv=4.272265 lam=0.0001 accD=0.9375
step=4231200 rec=0.008035 dis=0.123297 adv=3.954342 lam=0.0001 accD=0.9375
step=4232000 rec=0.007758 dis=0.216673 adv=4.645848 lam=0.0001 accD=0.8438
step=4232800 rec=0.008566 dis=0.164414 adv=4.257072 lam=0.0001 accD=0.9375
step=4233600 rec=0.010034 dis=0.126611 adv=4.475840 lam=0.0001 accD=0.9688
step=4234400 rec=0.009139 dis=0.149483 adv=5.476543 lam=0.0001 accD=0.9375
step=4235200 rec=0.008031 dis=0.107262 adv=5.728412 lam=0.0001 accD=0.9688
step=4236000 rec=0.009444 dis=0.115834 adv=5.240679 lam=0.0001 accD=0.9688
step=4236800 rec=0.008371 dis=0.116564 adv=4.708092 lam=0.0001 accD=0.9375
step=4237600 rec=0.009380 dis=0.101949 adv=5.432245 lam=0.0001 accD=0.9375
step=4238400 rec=0.007936 dis=0.141396 adv=5.504147 lam=0.0001 accD=0.9375
step=4239200 rec=0.008334 dis=0.117637 adv=5.140643 lam=0.0001 accD=0.9375
step=4240000 rec=0.010202 dis=0.256866 adv=4.891936 lam=0.0001 accD=0.8438
step=4240800 rec=0.009860 dis=0.174834 adv=4.922077 lam=0.0001 accD=0.9062
step=4241600 rec=0.007726 dis=0.085786 adv=4.860637 lam=0.0001 accD=0.9688
step=4242400 rec=0.009200 dis=0.109172 adv=4.957805 lam=0.0001 accD=0.9375
step=4243200 rec=0.009022 dis=0.104701 adv=4.863707 lam=0.0001 accD=0.9688
step=4244000 rec=0.008931 dis=0.071961 adv=4.746815 lam=0.0001 accD=0.9688
step=4244800 rec=0.007747 dis=0.109337 adv=4.555299 lam=0.0001 accD=1.0000
step=4245600 rec=0.008349 dis=0.125991 adv=5.385977 lam=0.0001 accD=0.9375
step=4246400 rec=0.009162 dis=0.355791 adv=4.824847 lam=0.0001 accD=0.7812
step=4247200 rec=0.007723 dis=0.292722 adv=4.686643 lam=0.0001 accD=0.9062
step=4248000 rec=0.008949 dis=0.190899 adv=4.717561 lam=0.0001 accD=0.8750
[VAL] epoch=84 val_rec=0.008615 time_min=1.7
step=4248800 rec=0.008948 dis=0.246697 adv=4.614249 lam=0.0001 accD=0.8750
step=4249600 rec=0.010531 dis=0.284803 adv=5.169514 lam=0.0001 accD=0.8750
step=4250400 rec=0.008410 dis=0.212482 adv=4.408171 lam=0.0001 accD=0.9375
step=4251200 rec=0.008397 dis=0.228338 adv=4.514395 lam=0.0001 accD=0.9062
step=4252000 rec=0.008443 dis=0.109426 adv=4.756716 lam=0.0001 accD=0.9688
step=4252800 rec=0.008227 dis=0.135442 adv=4.863687 lam=0.0001 accD=0.9375
step=4253600 rec=0.009073 dis=0.184430 adv=4.220141 lam=0.0001 accD=0.9062
step=4254400 rec=0.009345 dis=0.069241 adv=5.622976 lam=0.0001 accD=0.9688
step=4255200 rec=0.009641 dis=0.107053 adv=5.462484 lam=0.0001 accD=0.9375
step=4256000 rec=0.008751 dis=0.223934 adv=4.810705 lam=0.0001 accD=0.9375
step=4256800 rec=0.009625 dis=0.076383 adv=5.359599 lam=0.0001 accD=0.9688
step=4257600 rec=0.009617 dis=0.354173 adv=4.429554 lam=0.0001 accD=0.7500
step=4258400 rec=0.009292 dis=0.196429 adv=4.790951 lam=0.0001 accD=0.9062
step=4259200 rec=0.008443 dis=0.173301 adv=4.931249 lam=0.0001 accD=0.8750
step=4260000 rec=0.008490 dis=0.145897 adv=4.698753 lam=0.0001 accD=0.9062
step=4260800 rec=0.010067 dis=0.240326 adv=5.424638 lam=0.0001 accD=0.8750
step=4261600 rec=0.008236 dis=0.181198 adv=5.238391 lam=0.0001 accD=0.9375
step=4262400 rec=0.007691 dis=0.166424 adv=4.387061 lam=0.0001 accD=0.9062
step=4263200 rec=0.009959 dis=0.318607 adv=5.219295 lam=0.0001 accD=0.9375
step=4264000 rec=0.007455 dis=0.134603 adv=5.121938 lam=0.0001 accD=0.9062
step=4264800 rec=0.010009 dis=0.259469 adv=4.812217 lam=0.0001 accD=0.8125
step=4265600 rec=0.008743 dis=0.152184 adv=4.440979 lam=0.0001 accD=0.9375
step=4266400 rec=0.009158 dis=0.321724 adv=4.658618 lam=0.0001 accD=0.8438
step=4267200 rec=0.009623 dis=0.256792 adv=4.517115 lam=0.0001 accD=0.9062
step=4268000 rec=0.009195 dis=0.117145 adv=4.673441 lam=0.0001 accD=0.9688
step=4268800 rec=0.008381 dis=0.065564 adv=5.416058 lam=0.0001 accD=0.9688
step=4269600 rec=0.009797 dis=0.074751 adv=4.881448 lam=0.0001 accD=0.9688
step=4270400 rec=0.009520 dis=0.181974 adv=4.639293 lam=0.0001 accD=0.9375
step=4271200 rec=0.008121 dis=0.103518 adv=5.169560 lam=0.0001 accD=0.9062
step=4272000 rec=0.009324 dis=0.119468 adv=5.251538 lam=0.0001 accD=0.9375
step=4272800 rec=0.008272 dis=0.230537 adv=4.429290 lam=0.0001 accD=0.9375
step=4273600 rec=0.008722 dis=0.250428 adv=4.681966 lam=0.0001 accD=0.9062
step=4274400 rec=0.008582 dis=0.175420 adv=4.917820 lam=0.0001 accD=0.8750
step=4275200 rec=0.008763 dis=0.165452 adv=4.958450 lam=0.0001 accD=0.9375
step=4276000 rec=0.008449 dis=0.125830 adv=4.914008 lam=0.0001 accD=0.9688
step=4276800 rec=0.009784 dis=0.159080 adv=5.089926 lam=0.0001 accD=0.9375
step=4277600 rec=0.009496 dis=0.232000 adv=4.500904 lam=0.0001 accD=0.9062
step=4278400 rec=0.009144 dis=0.144835 adv=5.002886 lam=0.0001 accD=0.9062
step=4279200 rec=0.008480 dis=0.171162 adv=5.230732 lam=0.0001 accD=0.9062
step=4280000 rec=0.008661 dis=0.064975 adv=5.732639 lam=0.0001 accD=1.0000
step=4280800 rec=0.008557 dis=0.163563 adv=5.012484 lam=0.0001 accD=0.8750
step=4281600 rec=0.010472 dis=0.100130 adv=5.343054 lam=0.0001 accD=0.9375
step=4282400 rec=0.008802 dis=0.244121 adv=4.967238 lam=0.0001 accD=0.9062
step=4283200 rec=0.009277 dis=0.266070 adv=4.709433 lam=0.0001 accD=0.9062
step=4284000 rec=0.008008 dis=0.150413 adv=5.671964 lam=0.0001 accD=0.9062
step=4284800 rec=0.008735 dis=0.045641 adv=5.760877 lam=0.0001 accD=1.0000
step=4285600 rec=0.009301 dis=0.246117 adv=5.170158 lam=0.0001 accD=0.8438
step=4286400 rec=0.008922 dis=0.227690 adv=4.539860 lam=0.0001 accD=0.9375
step=4287200 rec=0.008306 dis=0.129752 adv=4.331207 lam=0.0001 accD=0.9688
step=4288000 rec=0.009848 dis=0.290713 adv=4.511718 lam=0.0001 accD=0.8750
step=4288800 rec=0.010115 dis=0.122965 adv=5.637610 lam=0.0001 accD=0.9688
step=4289600 rec=0.008758 dis=0.162686 adv=4.709980 lam=0.0001 accD=0.9688
step=4290400 rec=0.011293 dis=0.145885 adv=4.846762 lam=0.0001 accD=0.9062
step=4291200 rec=0.008904 dis=0.098640 adv=4.701040 lam=0.0001 accD=0.9688
step=4292000 rec=0.007991 dis=0.231553 adv=4.751080 lam=0.0001 accD=0.9375
step=4292800 rec=0.009726 dis=0.183405 adv=4.155008 lam=0.0001 accD=0.9688
step=4293600 rec=0.007791 dis=0.110252 adv=5.316548 lam=0.0001 accD=0.9375
step=4294400 rec=0.009730 dis=0.168542 adv=4.118373 lam=0.0001 accD=0.9375
step=4295200 rec=0.009433 dis=0.176743 adv=5.347210 lam=0.0001 accD=0.9375
step=4296000 rec=0.009087 dis=0.229877 adv=4.147152 lam=0.0001 accD=0.9062
step=4296800 rec=0.009013 dis=0.053478 adv=5.162372 lam=0.0001 accD=1.0000
step=4297600 rec=0.007974 dis=0.143230 adv=4.144341 lam=0.0001 accD=0.9375
step=4298400 rec=0.009026 dis=0.094299 adv=5.035634 lam=0.0001 accD=0.9375
[VAL] epoch=85 val_rec=0.009205 time_min=1.7
step=4299200 rec=0.010261 dis=0.118093 adv=5.499643 lam=0.0001 accD=0.9375
step=4300000 rec=0.008308 dis=0.180933 adv=4.130846 lam=0.0001 accD=0.8750
step=4300800 rec=0.009386 dis=0.213575 adv=4.651985 lam=0.0001 accD=0.9375
step=4301600 rec=0.008578 dis=0.133066 adv=5.274140 lam=0.0001 accD=0.9375
step=4302400 rec=0.008449 dis=0.193028 adv=4.920940 lam=0.0001 accD=0.9375
step=4303200 rec=0.010088 dis=0.301198 adv=4.915840 lam=0.0001 accD=0.9375
step=4304000 rec=0.008346 dis=0.177696 adv=4.229509 lam=0.0001 accD=0.9375
step=4304800 rec=0.008011 dis=0.114239 adv=4.802464 lam=0.0001 accD=0.9375
step=4305600 rec=0.007866 dis=0.081003 adv=5.096115 lam=0.0001 accD=1.0000
step=4306400 rec=0.009215 dis=0.091722 adv=5.537018 lam=0.0001 accD=0.9688
step=4307200 rec=0.008486 dis=0.191174 adv=4.188573 lam=0.0001 accD=0.8750
step=4308000 rec=0.010609 dis=0.088810 adv=4.684582 lam=0.0001 accD=0.9688
step=4308800 rec=0.008764 dis=0.087423 adv=4.882517 lam=0.0001 accD=1.0000
step=4309600 rec=0.009250 dis=0.300711 adv=4.759053 lam=0.0001 accD=0.9062
step=4310400 rec=0.007948 dis=0.423689 adv=5.357015 lam=0.0001 accD=0.8750
step=4311200 rec=0.008649 dis=0.331862 adv=4.384782 lam=0.0001 accD=0.8125
step=4312000 rec=0.010314 dis=0.105997 adv=4.998737 lam=0.0001 accD=0.9688
step=4312800 rec=0.009273 dis=0.135548 adv=4.238008 lam=0.0001 accD=0.9688
step=4313600 rec=0.008800 dis=0.140151 adv=4.729386 lam=0.0001 accD=0.9375
step=4314400 rec=0.009298 dis=0.372964 adv=4.887771 lam=0.0001 accD=0.8438
step=4315200 rec=0.008622 dis=0.159480 adv=5.318557 lam=0.0001 accD=0.9062
step=4316000 rec=0.007873 dis=0.139103 adv=4.462283 lam=0.0001 accD=0.9375
step=4316800 rec=0.008511 dis=0.143552 adv=4.273412 lam=0.0001 accD=0.9375
step=4317600 rec=0.007970 dis=0.106573 adv=5.394082 lam=0.0001 accD=0.9688
step=4318400 rec=0.009803 dis=0.045026 adv=5.242673 lam=0.0001 accD=1.0000
step=4319200 rec=0.007444 dis=0.272991 adv=3.901468 lam=0.0001 accD=0.8750
step=4320000 rec=0.009057 dis=0.106084 adv=5.130524 lam=0.0001 accD=0.9688
step=4320800 rec=0.009335 dis=0.176126 adv=4.414170 lam=0.0001 accD=0.9375
step=4321600 rec=0.008547 dis=0.116337 adv=4.747561 lam=0.0001 accD=0.9688
step=4322400 rec=0.008851 dis=0.202820 adv=5.302967 lam=0.0001 accD=0.9062
step=4323200 rec=0.009570 dis=0.108913 adv=5.237215 lam=0.0001 accD=0.9375
step=4324000 rec=0.008562 dis=0.195029 adv=4.106131 lam=0.0001 accD=0.9688
step=4324800 rec=0.007650 dis=0.235925 adv=4.593939 lam=0.0001 accD=0.8750
step=4325600 rec=0.008451 dis=0.159971 adv=4.732998 lam=0.0001 accD=0.9062
step=4326400 rec=0.009135 dis=0.169854 adv=5.031929 lam=0.0001 accD=0.9062
step=4327200 rec=0.009834 dis=0.132317 adv=4.670561 lam=0.0001 accD=0.9375
step=4328000 rec=0.008896 dis=0.187594 adv=4.376437 lam=0.0001 accD=0.9062
step=4328800 rec=0.008205 dis=0.115190 adv=4.893830 lam=0.0001 accD=0.9375
step=4329600 rec=0.007916 dis=0.108044 adv=4.711229 lam=0.0001 accD=0.9375
step=4330400 rec=0.008654 dis=0.108524 adv=5.084190 lam=0.0001 accD=0.9688
step=4331200 rec=0.010919 dis=0.145044 adv=4.789850 lam=0.0001 accD=0.9375
step=4332000 rec=0.008148 dis=0.148769 adv=4.492221 lam=0.0001 accD=0.9375
step=4332800 rec=0.008923 dis=0.176436 adv=4.879028 lam=0.0001 accD=0.9375
step=4333600 rec=0.009117 dis=0.159138 adv=4.763769 lam=0.0001 accD=0.9375
step=4334400 rec=0.009579 dis=0.186947 adv=4.647282 lam=0.0001 accD=0.8750
step=4335200 rec=0.008113 dis=0.181576 adv=5.079757 lam=0.0001 accD=0.9062
step=4336000 rec=0.009270 dis=0.168955 adv=3.990728 lam=0.0001 accD=0.9375
step=4336800 rec=0.009122 dis=0.229615 adv=4.982852 lam=0.0001 accD=0.9375
step=4337600 rec=0.008975 dis=0.201183 adv=5.060397 lam=0.0001 accD=0.8750
step=4338400 rec=0.008519 dis=0.213217 adv=4.905742 lam=0.0001 accD=0.9375
step=4339200 rec=0.009324 dis=0.262643 adv=4.669943 lam=0.0001 accD=0.8750
step=4340000 rec=0.009203 dis=0.143607 adv=5.034383 lam=0.0001 accD=0.9375
step=4340800 rec=0.008881 dis=0.155348 adv=4.367740 lam=0.0001 accD=0.9375
step=4341600 rec=0.008923 dis=0.323194 adv=4.163641 lam=0.0001 accD=0.8438
step=4342400 rec=0.009095 dis=0.236516 adv=5.013265 lam=0.0001 accD=0.9375
step=4343200 rec=0.008825 dis=0.188965 adv=4.566286 lam=0.0001 accD=0.9375
step=4344000 rec=0.008679 dis=0.108249 adv=5.256967 lam=0.0001 accD=0.9375
step=4344800 rec=0.008687 dis=0.195920 adv=4.605782 lam=0.0001 accD=0.9375
step=4345600 rec=0.008024 dis=0.154462 adv=5.384580 lam=0.0001 accD=0.9375
step=4346400 rec=0.008742 dis=0.213001 adv=4.622217 lam=0.0001 accD=0.8750
step=4347200 rec=0.008176 dis=0.232567 adv=4.599347 lam=0.0001 accD=0.8438
step=4348000 rec=0.008143 dis=0.156066 adv=4.599622 lam=0.0001 accD=0.9688
[VAL] epoch=86 val_rec=0.009506 time_min=1.7
step=4348800 rec=0.007036 dis=0.093433 adv=5.785374 lam=0.0001 accD=0.9688
step=4349600 rec=0.008493 dis=0.091252 adv=5.636849 lam=0.0001 accD=0.9688
step=4350400 rec=0.008838 dis=0.100103 adv=4.562263 lam=0.0001 accD=1.0000
step=4351200 rec=0.008621 dis=0.112580 adv=4.389144 lam=0.0001 accD=0.9688
step=4352000 rec=0.010542 dis=0.308931 adv=4.037605 lam=0.0001 accD=0.9062
step=4352800 rec=0.009316 dis=0.242103 adv=4.186199 lam=0.0001 accD=0.9062
step=4353600 rec=0.008929 dis=0.274972 adv=4.855511 lam=0.0001 accD=0.8750
step=4354400 rec=0.010070 dis=0.090772 adv=5.032089 lam=0.0001 accD=0.9688
step=4355200 rec=0.008872 dis=0.092784 adv=4.173586 lam=0.0001 accD=0.9375
step=4356000 rec=0.007555 dis=0.130961 adv=5.122027 lam=0.0001 accD=0.9375
step=4356800 rec=0.008672 dis=0.140926 adv=4.403614 lam=0.0001 accD=0.9375
step=4357600 rec=0.009454 dis=0.222596 adv=4.377319 lam=0.0001 accD=0.8438
step=4358400 rec=0.008445 dis=0.136524 adv=4.791111 lam=0.0001 accD=0.9375
step=4359200 rec=0.008657 dis=0.055488 adv=4.940732 lam=0.0001 accD=1.0000
step=4360000 rec=0.007797 dis=0.266844 adv=4.644224 lam=0.0001 accD=0.9062
step=4360800 rec=0.009159 dis=0.207528 adv=4.590815 lam=0.0001 accD=0.9062
step=4361600 rec=0.008647 dis=0.209505 adv=4.855411 lam=0.0001 accD=0.9375
step=4362400 rec=0.008178 dis=0.034258 adv=5.406383 lam=0.0001 accD=1.0000
step=4363200 rec=0.007638 dis=0.229610 adv=4.801068 lam=0.0001 accD=0.9062
step=4364000 rec=0.008635 dis=0.101312 adv=5.429984 lam=0.0001 accD=0.9688
step=4364800 rec=0.009806 dis=0.118053 adv=5.320985 lam=0.0001 accD=0.9375
step=4365600 rec=0.008000 dis=0.275854 adv=4.803986 lam=0.0001 accD=0.8750
step=4366400 rec=0.008609 dis=0.264536 adv=4.051204 lam=0.0001 accD=0.8438
step=4367200 rec=0.010097 dis=0.108470 adv=4.428674 lam=0.0001 accD=0.9688
step=4368000 rec=0.008243 dis=0.285243 adv=4.706786 lam=0.0001 accD=0.9062
step=4368800 rec=0.008631 dis=0.143656 adv=4.971405 lam=0.0001 accD=0.9062
step=4369600 rec=0.010248 dis=0.259999 adv=5.012773 lam=0.0001 accD=0.8750
step=4370400 rec=0.007509 dis=0.076403 adv=5.344079 lam=0.0001 accD=1.0000
step=4371200 rec=0.010772 dis=0.242049 adv=4.295938 lam=0.0001 accD=0.9375
step=4372000 rec=0.009158 dis=0.150383 adv=4.992427 lam=0.0001 accD=0.8750
step=4372800 rec=0.007277 dis=0.155339 adv=5.059134 lam=0.0001 accD=0.9062
step=4373600 rec=0.009386 dis=0.356652 adv=4.573898 lam=0.0001 accD=0.8438
step=4374400 rec=0.011382 dis=0.211928 adv=4.869631 lam=0.0001 accD=0.9062
step=4375200 rec=0.007541 dis=0.251403 adv=5.221855 lam=0.0001 accD=0.9062
step=4376000 rec=0.008407 dis=0.112696 adv=5.002740 lam=0.0001 accD=0.9688
step=4376800 rec=0.009816 dis=0.089430 adv=4.773515 lam=0.0001 accD=0.9688
step=4377600 rec=0.008954 dis=0.173675 adv=5.049950 lam=0.0001 accD=0.9375
step=4378400 rec=0.009469 dis=0.116357 adv=5.197877 lam=0.0001 accD=0.9375
step=4379200 rec=0.009618 dis=0.150950 adv=4.337950 lam=0.0001 accD=0.9688
step=4380000 rec=0.007970 dis=0.078384 adv=4.960430 lam=0.0001 accD=1.0000
step=4380800 rec=0.008704 dis=0.095931 adv=4.729773 lam=0.0001 accD=1.0000
step=4381600 rec=0.008354 dis=0.066740 adv=5.170324 lam=0.0001 accD=0.9688
step=4382400 rec=0.009659 dis=0.128060 adv=5.321268 lam=0.0001 accD=0.9688
step=4383200 rec=0.007267 dis=0.360842 adv=4.634578 lam=0.0001 accD=0.8438
step=4384000 rec=0.008321 dis=0.134467 adv=4.544317 lam=0.0001 accD=0.9375
step=4384800 rec=0.009521 dis=0.060000 adv=5.011184 lam=0.0001 accD=0.9688
step=4385600 rec=0.008400 dis=0.215809 adv=4.593602 lam=0.0001 accD=0.8750
step=4386400 rec=0.009543 dis=0.160693 adv=4.832347 lam=0.0001 accD=0.9062
step=4387200 rec=0.008509 dis=0.145975 adv=5.390032 lam=0.0001 accD=0.9375
step=4388000 rec=0.009328 dis=0.285150 adv=4.445045 lam=0.0001 accD=0.9062
step=4388800 rec=0.008073 dis=0.273254 adv=5.742249 lam=0.0001 accD=0.8750
step=4389600 rec=0.008388 dis=0.127981 adv=4.806486 lam=0.0001 accD=0.9375
step=4390400 rec=0.008528 dis=0.332762 adv=5.213966 lam=0.0001 accD=0.8750
step=4391200 rec=0.009147 dis=0.048741 adv=5.773769 lam=0.0001 accD=1.0000
step=4392000 rec=0.009862 dis=0.130454 adv=4.626832 lam=0.0001 accD=0.9375
step=4392800 rec=0.008657 dis=0.181519 adv=5.077594 lam=0.0001 accD=0.8750
step=4393600 rec=0.010136 dis=0.116045 adv=5.040717 lam=0.0001 accD=0.9375
step=4394400 rec=0.008769 dis=0.219646 adv=4.457327 lam=0.0001 accD=0.9062
step=4395200 rec=0.008710 dis=0.036630 adv=5.342544 lam=0.0001 accD=1.0000
step=4396000 rec=0.009336 dis=0.130636 adv=5.060641 lam=0.0001 accD=0.9688
step=4396800 rec=0.010029 dis=0.088035 adv=4.947698 lam=0.0001 accD=0.9375
step=4397600 rec=0.009427 dis=0.141680 adv=4.938036 lam=0.0001 accD=0.9688
step=4398400 rec=0.008015 dis=0.075145 adv=4.950466 lam=0.0001 accD=0.9688
[VAL] epoch=87 val_rec=0.008672 time_min=1.7
step=4399200 rec=0.007610 dis=0.090499 adv=4.592572 lam=0.0001 accD=0.9688
step=4400000 rec=0.008879 dis=0.087295 adv=4.792697 lam=0.0001 accD=0.9688
step=4400800 rec=0.007722 dis=0.186981 adv=4.342132 lam=0.0001 accD=0.9062
step=4401600 rec=0.009595 dis=0.225639 adv=5.079083 lam=0.0001 accD=0.9062
step=4402400 rec=0.010233 dis=0.123974 adv=4.810546 lam=0.0001 accD=0.9688
step=4403200 rec=0.009097 dis=0.361758 adv=4.653120 lam=0.0001 accD=0.7812
step=4404000 rec=0.007418 dis=0.147410 adv=5.280525 lam=0.0001 accD=0.9375
step=4404800 rec=0.007974 dis=0.207221 adv=5.402860 lam=0.0001 accD=0.9062
step=4405600 rec=0.009118 dis=0.221463 adv=4.718793 lam=0.0001 accD=0.9062
step=4406400 rec=0.008246 dis=0.125153 adv=4.876464 lam=0.0001 accD=0.9375
step=4407200 rec=0.010235 dis=0.040566 adv=5.715315 lam=0.0001 accD=1.0000
step=4408000 rec=0.007709 dis=0.097176 adv=5.098270 lam=0.0001 accD=1.0000
step=4408800 rec=0.009012 dis=0.117049 adv=4.698190 lam=0.0001 accD=0.9688
step=4409600 rec=0.008795 dis=0.116212 adv=4.798423 lam=0.0001 accD=0.9688
step=4410400 rec=0.009163 dis=0.087102 adv=4.908542 lam=0.0001 accD=0.9688
step=4411200 rec=0.009479 dis=0.186189 adv=5.477872 lam=0.0001 accD=0.9375
step=4412000 rec=0.010499 dis=0.087336 adv=5.023058 lam=0.0001 accD=0.9688
step=4412800 rec=0.008940 dis=0.258540 adv=5.509680 lam=0.0001 accD=0.8438
step=4413600 rec=0.009050 dis=0.062692 adv=4.776773 lam=0.0001 accD=1.0000
step=4414400 rec=0.007971 dis=0.203800 adv=4.554958 lam=0.0001 accD=0.8750
step=4415200 rec=0.010202 dis=0.176967 adv=4.363505 lam=0.0001 accD=0.9062
step=4416000 rec=0.008970 dis=0.080174 adv=4.878624 lam=0.0001 accD=0.9688
step=4416800 rec=0.007866 dis=0.181876 adv=4.693886 lam=0.0001 accD=0.9375
step=4417600 rec=0.008172 dis=0.123728 adv=5.421640 lam=0.0001 accD=0.9688
step=4418400 rec=0.008670 dis=0.055683 adv=5.719647 lam=0.0001 accD=1.0000
step=4419200 rec=0.007330 dis=0.113742 adv=5.174664 lam=0.0001 accD=0.9375
step=4420000 rec=0.009064 dis=0.151325 adv=5.257558 lam=0.0001 accD=0.9375
step=4420800 rec=0.008629 dis=0.108142 adv=4.582559 lam=0.0001 accD=0.9688
step=4421600 rec=0.008251 dis=0.142442 adv=4.984792 lam=0.0001 accD=0.9062
step=4422400 rec=0.008951 dis=0.285264 adv=4.683174 lam=0.0001 accD=0.8750
step=4423200 rec=0.008766 dis=0.113158 adv=4.663095 lam=0.0001 accD=0.9688
step=4424000 rec=0.009752 dis=0.262961 adv=4.728813 lam=0.0001 accD=0.9062
step=4424800 rec=0.008107 dis=0.257782 adv=4.428865 lam=0.0001 accD=0.8125
step=4425600 rec=0.008661 dis=0.333484 adv=4.096481 lam=0.0001 accD=0.8125
step=4426400 rec=0.008607 dis=0.138037 adv=5.584640 lam=0.0001 accD=0.9375
step=4427200 rec=0.008562 dis=0.136116 adv=4.526052 lam=0.0001 accD=0.9375
step=4428000 rec=0.010942 dis=0.086762 adv=4.707627 lam=0.0001 accD=0.9688
step=4428800 rec=0.008738 dis=0.252461 adv=4.587305 lam=0.0001 accD=0.8750
step=4429600 rec=0.008273 dis=0.124094 adv=5.730320 lam=0.0001 accD=0.8750
step=4430400 rec=0.007382 dis=0.225959 adv=5.203905 lam=0.0001 accD=0.9375
step=4431200 rec=0.009661 dis=0.070602 adv=4.992885 lam=0.0001 accD=1.0000
step=4432000 rec=0.008242 dis=0.154632 adv=5.197444 lam=0.0001 accD=0.9375
step=4432800 rec=0.008471 dis=0.245243 adv=4.776501 lam=0.0001 accD=0.9062
step=4433600 rec=0.008445 dis=0.206822 adv=5.123379 lam=0.0001 accD=0.8438
step=4434400 rec=0.010673 dis=0.142832 adv=5.117469 lam=0.0001 accD=0.9375
step=4435200 rec=0.007483 dis=0.144729 adv=5.083130 lam=0.0001 accD=0.9375
step=4436000 rec=0.009421 dis=0.125584 adv=5.071181 lam=0.0001 accD=0.9375
step=4436800 rec=0.009929 dis=0.236607 adv=4.460327 lam=0.0001 accD=0.8750
step=4437600 rec=0.006997 dis=0.245912 adv=4.938379 lam=0.0001 accD=0.9062
step=4438400 rec=0.008380 dis=0.169606 adv=4.671631 lam=0.0001 accD=0.9062
step=4439200 rec=0.008583 dis=0.216178 adv=4.247971 lam=0.0001 accD=0.9375
step=4440000 rec=0.008928 dis=0.059840 adv=4.903362 lam=0.0001 accD=1.0000
step=4440800 rec=0.010576 dis=0.200608 adv=4.248928 lam=0.0001 accD=0.9688
step=4441600 rec=0.008702 dis=0.200534 adv=5.213804 lam=0.0001 accD=0.9062
step=4442400 rec=0.008055 dis=0.111701 adv=4.625214 lam=0.0001 accD=0.9688
step=4443200 rec=0.008440 dis=0.066362 adv=4.719543 lam=0.0001 accD=1.0000
step=4444000 rec=0.009323 dis=0.184112 adv=4.302549 lam=0.0001 accD=0.9375
step=4444800 rec=0.009234 dis=0.204880 adv=3.962935 lam=0.0001 accD=0.8750
step=4445600 rec=0.009340 dis=0.058098 adv=5.020251 lam=0.0001 accD=1.0000
step=4446400 rec=0.007640 dis=0.112483 adv=4.610687 lam=0.0001 accD=0.9688
step=4447200 rec=0.007738 dis=0.117065 adv=4.535673 lam=0.0001 accD=0.9688
step=4448000 rec=0.009172 dis=0.151006 adv=5.039243 lam=0.0001 accD=0.9375
[VAL] epoch=88 val_rec=0.008429 time_min=1.8
step=4448800 rec=0.009271 dis=0.153211 adv=4.342784 lam=0.0001 accD=0.9688
step=4449600 rec=0.008888 dis=0.081077 adv=4.829626 lam=0.0001 accD=0.9688
step=4450400 rec=0.008884 dis=0.079912 adv=5.044509 lam=0.0001 accD=1.0000
step=4451200 rec=0.008090 dis=0.098226 adv=5.118174 lam=0.0001 accD=0.9688
step=4452000 rec=0.009147 dis=0.175274 adv=4.151330 lam=0.0001 accD=0.9375
step=4452800 rec=0.008994 dis=0.055387 adv=4.589046 lam=0.0001 accD=1.0000
step=4453600 rec=0.008798 dis=0.150608 adv=4.938119 lam=0.0001 accD=0.9375
step=4454400 rec=0.007558 dis=0.111948 adv=4.456505 lam=0.0001 accD=0.9688
step=4455200 rec=0.009611 dis=0.082465 adv=5.061042 lam=0.0001 accD=0.9688
step=4456000 rec=0.008151 dis=0.202023 adv=5.071280 lam=0.0001 accD=0.9375
step=4456800 rec=0.009793 dis=0.066958 adv=5.407570 lam=0.0001 accD=1.0000
step=4457600 rec=0.008415 dis=0.128188 adv=4.835912 lam=0.0001 accD=0.9688
step=4458400 rec=0.007964 dis=0.259424 adv=4.157353 lam=0.0001 accD=0.9062
step=4459200 rec=0.007158 dis=0.076634 adv=5.413373 lam=0.0001 accD=1.0000
step=4460000 rec=0.010148 dis=0.115065 adv=4.104384 lam=0.0001 accD=0.9688
step=4460800 rec=0.008227 dis=0.183965 adv=5.011610 lam=0.0001 accD=0.9375
step=4461600 rec=0.008540 dis=0.185809 adv=5.270109 lam=0.0001 accD=0.9375
step=4462400 rec=0.010067 dis=0.182603 adv=5.266907 lam=0.0001 accD=0.9375
step=4463200 rec=0.008814 dis=0.179568 adv=4.464729 lam=0.0001 accD=0.9062
step=4464000 rec=0.009446 dis=0.092783 adv=5.421762 lam=0.0001 accD=1.0000
step=4464800 rec=0.008674 dis=0.181242 adv=5.070130 lam=0.0001 accD=0.9062
step=4465600 rec=0.009066 dis=0.071195 adv=5.172752 lam=0.0001 accD=1.0000
step=4466400 rec=0.008207 dis=0.055926 adv=5.288584 lam=0.0001 accD=1.0000
step=4467200 rec=0.007328 dis=0.142276 adv=4.684011 lam=0.0001 accD=0.9688
step=4468000 rec=0.008768 dis=0.120087 adv=5.623584 lam=0.0001 accD=0.9688
step=4468800 rec=0.009522 dis=0.117138 adv=5.103273 lam=0.0001 accD=0.9375
step=4469600 rec=0.008829 dis=0.065968 adv=4.668563 lam=0.0001 accD=1.0000
step=4470400 rec=0.008159 dis=0.092240 adv=5.301563 lam=0.0001 accD=0.9688
step=4471200 rec=0.009290 dis=0.161223 adv=4.406789 lam=0.0001 accD=0.9688
step=4472000 rec=0.008274 dis=0.121101 adv=5.135155 lam=0.0001 accD=0.9688
step=4472800 rec=0.008200 dis=0.122450 adv=4.709611 lam=0.0001 accD=0.9375
step=4473600 rec=0.008200 dis=0.321274 adv=4.176273 lam=0.0001 accD=0.8438
step=4474400 rec=0.009600 dis=0.128394 adv=5.945687 lam=0.0001 accD=0.9375
step=4475200 rec=0.008696 dis=0.194696 adv=4.854300 lam=0.0001 accD=0.9375
step=4476000 rec=0.008888 dis=0.157104 adv=4.813839 lam=0.0001 accD=0.9062
step=4476800 rec=0.009737 dis=0.184508 adv=4.579730 lam=0.0001 accD=0.8750
step=4477600 rec=0.008624 dis=0.034664 adv=5.372415 lam=0.0001 accD=1.0000
step=4478400 rec=0.009367 dis=0.186731 adv=4.895164 lam=0.0001 accD=0.9062
step=4479200 rec=0.007629 dis=0.193600 adv=5.165021 lam=0.0001 accD=0.9688
step=4480000 rec=0.009807 dis=0.146693 adv=4.507893 lam=0.0001 accD=0.9375
step=4480800 rec=0.009365 dis=0.193688 adv=4.729542 lam=0.0001 accD=0.9062
step=4481600 rec=0.008907 dis=0.224172 adv=4.517328 lam=0.0001 accD=0.9688
step=4482400 rec=0.008902 dis=0.210539 adv=5.489120 lam=0.0001 accD=0.9375
step=4483200 rec=0.012250 dis=0.200983 adv=4.433630 lam=0.0001 accD=0.8438
step=4484000 rec=0.008628 dis=0.206646 adv=4.669972 lam=0.0001 accD=0.9375
step=4484800 rec=0.008950 dis=0.180142 adv=4.338028 lam=0.0001 accD=0.9062
step=4485600 rec=0.007827 dis=0.274081 adv=4.213396 lam=0.0001 accD=0.8750
step=4486400 rec=0.007837 dis=0.116903 adv=4.879268 lam=0.0001 accD=0.9375
step=4487200 rec=0.009908 dis=0.119652 adv=5.040062 lam=0.0001 accD=0.9688
step=4488000 rec=0.009990 dis=0.326710 adv=4.399644 lam=0.0001 accD=0.7500
step=4488800 rec=0.008549 dis=0.113189 adv=4.762948 lam=0.0001 accD=0.9688
step=4489600 rec=0.009651 dis=0.322124 adv=4.420439 lam=0.0001 accD=0.8438
step=4490400 rec=0.008218 dis=0.135511 adv=4.278118 lam=0.0001 accD=0.9375
step=4491200 rec=0.009793 dis=0.202056 adv=4.526167 lam=0.0001 accD=0.9375
step=4492000 rec=0.009307 dis=0.195195 adv=4.896540 lam=0.0001 accD=0.9688
step=4492800 rec=0.008796 dis=0.215192 adv=4.271599 lam=0.0001 accD=0.8750
step=4493600 rec=0.008418 dis=0.158175 adv=4.700275 lam=0.0001 accD=0.9375
step=4494400 rec=0.008395 dis=0.110023 adv=4.414624 lam=0.0001 accD=0.9375
step=4495200 rec=0.009202 dis=0.121208 adv=5.340533 lam=0.0001 accD=0.9375
step=4496000 rec=0.009197 dis=0.152621 adv=5.144542 lam=0.0001 accD=0.9688
step=4496800 rec=0.010344 dis=0.298606 adv=5.528866 lam=0.0001 accD=0.8750
step=4497600 rec=0.007979 dis=0.258724 adv=4.678835 lam=0.0001 accD=0.8750
step=4498400 rec=0.009024 dis=0.223690 adv=4.671414 lam=0.0001 accD=0.9062
[VAL] epoch=89 val_rec=0.008574 time_min=1.7
step=4499200 rec=0.008961 dis=0.175459 adv=4.678495 lam=0.0001 accD=0.9062
step=4500000 rec=0.009377 dis=0.169560 adv=4.812145 lam=0.0001 accD=0.9062
step=4500800 rec=0.007962 dis=0.155069 adv=4.499478 lam=0.0001 accD=0.9375
step=4501600 rec=0.008525 dis=0.217569 adv=4.452622 lam=0.0001 accD=0.9375
step=4502400 rec=0.009275 dis=0.350710 adv=4.779716 lam=0.0001 accD=0.8438
step=4503200 rec=0.008406 dis=0.286300 adv=5.071970 lam=0.0001 accD=0.8750
step=4504000 rec=0.007790 dis=0.148547 adv=5.222637 lam=0.0001 accD=0.9375
step=4504800 rec=0.010859 dis=0.093433 adv=4.373713 lam=0.0001 accD=0.9688
step=4505600 rec=0.007766 dis=0.269082 adv=4.556416 lam=0.0001 accD=0.9375
step=4506400 rec=0.010287 dis=0.354899 adv=4.874479 lam=0.0001 accD=0.9062
step=4507200 rec=0.007898 dis=0.221958 adv=4.804491 lam=0.0001 accD=0.9062
step=4508000 rec=0.009433 dis=0.161123 adv=4.835475 lam=0.0001 accD=0.9375
step=4508800 rec=0.009797 dis=0.219478 adv=5.276806 lam=0.0001 accD=0.9062
step=4509600 rec=0.008136 dis=0.117236 adv=5.124897 lam=0.0001 accD=0.9375
step=4510400 rec=0.009050 dis=0.154467 adv=4.933993 lam=0.0001 accD=0.9688
step=4511200 rec=0.009078 dis=0.069080 adv=4.934830 lam=0.0001 accD=1.0000
step=4512000 rec=0.008467 dis=0.335829 adv=4.618288 lam=0.0001 accD=0.8750
step=4512800 rec=0.008671 dis=0.310759 adv=4.419479 lam=0.0001 accD=0.8125
step=4513600 rec=0.007497 dis=0.119311 adv=5.016729 lam=0.0001 accD=0.9688
step=4514400 rec=0.010002 dis=0.331585 adv=4.545066 lam=0.0001 accD=0.9062
step=4515200 rec=0.011129 dis=0.200328 adv=4.738757 lam=0.0001 accD=0.8750
step=4516000 rec=0.010311 dis=0.093328 adv=4.895908 lam=0.0001 accD=0.9688
step=4516800 rec=0.008013 dis=0.091750 adv=5.123185 lam=0.0001 accD=1.0000
step=4517600 rec=0.008471 dis=0.180156 adv=4.784612 lam=0.0001 accD=0.9375
step=4518400 rec=0.009568 dis=0.049251 adv=4.878281 lam=0.0001 accD=1.0000
step=4519200 rec=0.008666 dis=0.116013 adv=4.317159 lam=0.0001 accD=0.9688
step=4520000 rec=0.009254 dis=0.205091 adv=4.485874 lam=0.0001 accD=0.8750
step=4520800 rec=0.006946 dis=0.168704 adv=5.632123 lam=0.0001 accD=0.9375
step=4521600 rec=0.008563 dis=0.226695 adv=4.683161 lam=0.0001 accD=0.8125
step=4522400 rec=0.010666 dis=0.158974 adv=5.834404 lam=0.0001 accD=0.9062
step=4523200 rec=0.007655 dis=0.243520 adv=4.413133 lam=0.0001 accD=0.8750
step=4524000 rec=0.009201 dis=0.237132 adv=4.388934 lam=0.0001 accD=0.9062
step=4524800 rec=0.008293 dis=0.106334 adv=5.307752 lam=0.0001 accD=0.9688
step=4525600 rec=0.007685 dis=0.060907 adv=5.497187 lam=0.0001 accD=1.0000
step=4526400 rec=0.008118 dis=0.067188 adv=4.896439 lam=0.0001 accD=0.9688
step=4527200 rec=0.007956 dis=0.117129 adv=5.088204 lam=0.0001 accD=0.9688
step=4528000 rec=0.007583 dis=0.217322 adv=5.609998 lam=0.0001 accD=0.8750
step=4528800 rec=0.008075 dis=0.179202 adv=4.778799 lam=0.0001 accD=0.9375
step=4529600 rec=0.010907 dis=0.192896 adv=4.533014 lam=0.0001 accD=0.9375
step=4530400 rec=0.009215 dis=0.242220 adv=4.857419 lam=0.0001 accD=0.8438
step=4531200 rec=0.007935 dis=0.132792 adv=4.933761 lam=0.0001 accD=0.9688
step=4532000 rec=0.008441 dis=0.137279 adv=4.709814 lam=0.0001 accD=0.9688
step=4532800 rec=0.009507 dis=0.099528 adv=5.809104 lam=0.0001 accD=0.9375
step=4533600 rec=0.008771 dis=0.227265 adv=5.162943 lam=0.0001 accD=0.9375
step=4534400 rec=0.007859 dis=0.171294 adv=4.349020 lam=0.0001 accD=0.9375
step=4535200 rec=0.009718 dis=0.112585 adv=5.251053 lam=0.0001 accD=0.9375
step=4536000 rec=0.009466 dis=0.036810 adv=5.315752 lam=0.0001 accD=1.0000
step=4536800 rec=0.007577 dis=0.075206 adv=5.277113 lam=0.0001 accD=1.0000
step=4537600 rec=0.007646 dis=0.117943 adv=5.478999 lam=0.0001 accD=0.9375
step=4538400 rec=0.009042 dis=0.186491 adv=4.080874 lam=0.0001 accD=0.8750
step=4539200 rec=0.007515 dis=0.480190 adv=4.566041 lam=0.0001 accD=0.7500
step=4540000 rec=0.011066 dis=0.209606 adv=4.303730 lam=0.0001 accD=0.8750
step=4540800 rec=0.008866 dis=0.224561 adv=5.134396 lam=0.0001 accD=0.8750
step=4541600 rec=0.008518 dis=0.160784 adv=4.440730 lam=0.0001 accD=0.9062
step=4542400 rec=0.007535 dis=0.138659 adv=5.310994 lam=0.0001 accD=0.9375
step=4543200 rec=0.008942 dis=0.221396 adv=5.453934 lam=0.0001 accD=0.8750
step=4544000 rec=0.010274 dis=0.116437 adv=4.661023 lam=0.0001 accD=0.9688
step=4544800 rec=0.007180 dis=0.305883 adv=4.940593 lam=0.0001 accD=0.9062
step=4545600 rec=0.007508 dis=0.175842 adv=5.027856 lam=0.0001 accD=0.9375
step=4546400 rec=0.008887 dis=0.135206 adv=5.490185 lam=0.0001 accD=0.9375
step=4547200 rec=0.009536 dis=0.076263 adv=5.207514 lam=0.0001 accD=0.9688
step=4548000 rec=0.009616 dis=0.091446 adv=5.078269 lam=0.0001 accD=1.0000
[VAL] epoch=90 val_rec=0.008495 time_min=1.7
step=4548800 rec=0.009100 dis=0.119707 adv=5.100698 lam=0.0001 accD=0.9375
step=4549600 rec=0.008682 dis=0.111791 adv=5.468264 lam=0.0001 accD=0.9688
step=4550400 rec=0.009647 dis=0.370896 adv=4.610927 lam=0.0001 accD=0.8438
step=4551200 rec=0.007579 dis=0.087951 adv=4.637717 lam=0.0001 accD=0.9688
step=4552000 rec=0.008911 dis=0.153176 adv=4.733335 lam=0.0001 accD=0.9375
step=4552800 rec=0.007895 dis=0.184484 adv=4.929235 lam=0.0001 accD=0.9375
step=4553600 rec=0.008769 dis=0.240636 adv=4.898302 lam=0.0001 accD=0.9062
step=4554400 rec=0.007185 dis=0.267178 adv=4.690697 lam=0.0001 accD=0.8750
step=4555200 rec=0.007801 dis=0.127196 adv=4.708955 lam=0.0001 accD=0.9375
step=4556000 rec=0.008316 dis=0.087062 adv=5.448317 lam=0.0001 accD=0.9688
step=4556800 rec=0.007846 dis=0.194438 adv=4.386865 lam=0.0001 accD=0.9062
step=4557600 rec=0.008815 dis=0.174638 adv=4.991437 lam=0.0001 accD=0.9375
step=4558400 rec=0.009621 dis=0.140415 adv=5.035080 lam=0.0001 accD=0.9062
step=4559200 rec=0.009368 dis=0.116987 adv=4.101025 lam=0.0001 accD=1.0000
step=4560000 rec=0.010791 dis=0.184273 adv=4.671314 lam=0.0001 accD=0.8750
step=4560800 rec=0.009615 dis=0.198676 adv=4.818485 lam=0.0001 accD=0.9062
step=4561600 rec=0.009567 dis=0.060354 adv=4.641368 lam=0.0001 accD=1.0000
step=4562400 rec=0.009281 dis=0.254748 adv=4.031596 lam=0.0001 accD=0.9062
step=4563200 rec=0.010069 dis=0.082665 adv=4.704393 lam=0.0001 accD=0.9688
step=4564000 rec=0.008567 dis=0.091127 adv=4.863023 lam=0.0001 accD=0.9688
step=4564800 rec=0.007832 dis=0.343174 adv=4.752568 lam=0.0001 accD=0.8750
step=4565600 rec=0.008829 dis=0.093474 adv=5.408263 lam=0.0001 accD=0.9688
step=4566400 rec=0.008356 dis=0.104475 adv=4.761451 lam=0.0001 accD=0.9375
step=4567200 rec=0.008546 dis=0.210364 adv=4.522263 lam=0.0001 accD=0.8750
step=4568000 rec=0.008560 dis=0.171403 adv=4.688105 lam=0.0001 accD=0.9062
step=4568800 rec=0.009313 dis=0.107563 adv=5.431948 lam=0.0001 accD=0.9375
step=4569600 rec=0.008648 dis=0.116444 adv=5.404039 lam=0.0001 accD=0.9688
step=4570400 rec=0.007824 dis=0.339897 adv=5.233557 lam=0.0001 accD=0.9062
step=4571200 rec=0.008864 dis=0.043807 adv=5.887069 lam=0.0001 accD=1.0000
step=4572000 rec=0.008116 dis=0.130928 adv=4.996336 lam=0.0001 accD=0.9688
step=4572800 rec=0.008813 dis=0.232657 adv=4.563806 lam=0.0001 accD=0.9062
step=4573600 rec=0.009685 dis=0.092164 adv=4.620365 lam=0.0001 accD=1.0000
step=4574400 rec=0.007626 dis=0.156655 adv=4.021470 lam=0.0001 accD=0.9688
step=4575200 rec=0.009443 dis=0.196041 adv=4.598160 lam=0.0001 accD=0.9062
step=4576000 rec=0.008391 dis=0.079016 adv=4.762461 lam=0.0001 accD=1.0000
step=4576800 rec=0.007832 dis=0.165673 adv=5.353537 lam=0.0001 accD=0.9062
step=4577600 rec=0.008376 dis=0.108726 adv=5.146046 lam=0.0001 accD=0.9375
step=4578400 rec=0.007926 dis=0.168726 adv=4.906245 lam=0.0001 accD=0.9062
step=4579200 rec=0.009098 dis=0.098235 adv=4.547605 lam=0.0001 accD=0.9375
step=4580000 rec=0.008375 dis=0.344293 adv=4.320180 lam=0.0001 accD=0.8438
step=4580800 rec=0.008331 dis=0.333676 adv=4.653731 lam=0.0001 accD=0.8750
step=4581600 rec=0.009818 dis=0.236110 adv=4.360220 lam=0.0001 accD=0.9062
step=4582400 rec=0.008424 dis=0.070827 adv=5.072163 lam=0.0001 accD=0.9688
step=4583200 rec=0.011025 dis=0.075597 adv=5.233208 lam=0.0001 accD=0.9688
step=4584000 rec=0.008361 dis=0.267995 adv=4.823970 lam=0.0001 accD=0.8750
step=4584800 rec=0.008798 dis=0.121464 adv=4.199686 lam=0.0001 accD=0.9375
step=4585600 rec=0.009547 dis=0.270394 adv=4.823778 lam=0.0001 accD=0.9062
step=4586400 rec=0.009201 dis=0.037522 adv=5.317362 lam=0.0001 accD=1.0000
step=4587200 rec=0.009957 dis=0.071862 adv=5.479776 lam=0.0001 accD=1.0000
step=4588000 rec=0.008040 dis=0.179231 adv=5.047667 lam=0.0001 accD=0.9375
step=4588800 rec=0.009102 dis=0.101879 adv=4.748106 lam=0.0001 accD=0.9375
step=4589600 rec=0.009568 dis=0.096361 adv=4.867529 lam=0.0001 accD=0.9688
step=4590400 rec=0.008683 dis=0.135525 adv=4.684422 lam=0.0001 accD=0.9375
step=4591200 rec=0.008879 dis=0.257934 adv=4.497465 lam=0.0001 accD=0.9062
step=4592000 rec=0.009838 dis=0.150299 adv=5.251077 lam=0.0001 accD=0.9062
step=4592800 rec=0.008281 dis=0.152194 adv=4.558394 lam=0.0001 accD=0.9062
step=4593600 rec=0.008922 dis=0.128257 adv=5.099558 lam=0.0001 accD=0.9688
step=4594400 rec=0.009283 dis=0.331794 adv=4.721702 lam=0.0001 accD=0.8750
step=4595200 rec=0.008955 dis=0.085953 adv=5.200818 lam=0.0001 accD=0.9688
step=4596000 rec=0.009099 dis=0.220760 adv=5.708778 lam=0.0001 accD=0.9062
step=4596800 rec=0.008823 dis=0.202113 adv=4.115551 lam=0.0001 accD=0.9062
step=4597600 rec=0.010419 dis=0.200654 adv=4.853499 lam=0.0001 accD=0.9375
step=4598400 rec=0.009737 dis=0.144983 adv=4.646406 lam=0.0001 accD=0.9062
[VAL] epoch=91 val_rec=0.008556 time_min=1.7
step=4599200 rec=0.008779 dis=0.178084 adv=4.892154 lam=0.0001 accD=0.9062
step=4600000 rec=0.008696 dis=0.059761 adv=4.950844 lam=0.0001 accD=0.9688
step=4600800 rec=0.008637 dis=0.146166 adv=4.999086 lam=0.0001 accD=0.9062
step=4601600 rec=0.008924 dis=0.122574 adv=4.927269 lam=0.0001 accD=0.9688
step=4602400 rec=0.011089 dis=0.159354 adv=4.637583 lam=0.0001 accD=0.9062
step=4603200 rec=0.008727 dis=0.073577 adv=4.874099 lam=0.0001 accD=1.0000
step=4604000 rec=0.009109 dis=0.178421 adv=5.387029 lam=0.0001 accD=0.9375
step=4604800 rec=0.009872 dis=0.153199 adv=4.857574 lam=0.0001 accD=0.9375
step=4605600 rec=0.011133 dis=0.164039 adv=4.886969 lam=0.0001 accD=0.9062
step=4606400 rec=0.008544 dis=0.143350 adv=4.270263 lam=0.0001 accD=0.9688
step=4607200 rec=0.009518 dis=0.069639 adv=5.172816 lam=0.0001 accD=0.9688
step=4608000 rec=0.009410 dis=0.060410 adv=5.070394 lam=0.0001 accD=1.0000
step=4608800 rec=0.009977 dis=0.202888 adv=4.679342 lam=0.0001 accD=0.9062
step=4609600 rec=0.008403 dis=0.060704 adv=5.062221 lam=0.0001 accD=1.0000
step=4610400 rec=0.008229 dis=0.133185 adv=4.454962 lam=0.0001 accD=0.9688
step=4611200 rec=0.009060 dis=0.288651 adv=4.469064 lam=0.0001 accD=0.8438
step=4612000 rec=0.006719 dis=0.112260 adv=4.404273 lam=0.0001 accD=1.0000
step=4612800 rec=0.009235 dis=0.103660 adv=4.729085 lam=0.0001 accD=0.9688
step=4613600 rec=0.008274 dis=0.153360 adv=4.857527 lam=0.0001 accD=0.9688
step=4614400 rec=0.009673 dis=0.114413 adv=4.887076 lam=0.0001 accD=0.9688
step=4615200 rec=0.007051 dis=0.127964 adv=5.264217 lam=0.0001 accD=0.9375
step=4616000 rec=0.010023 dis=0.271703 adv=4.471604 lam=0.0001 accD=0.9062
step=4616800 rec=0.007814 dis=0.133880 adv=4.714323 lam=0.0001 accD=0.9375
step=4617600 rec=0.009243 dis=0.266904 adv=4.531013 lam=0.0001 accD=0.8438
step=4618400 rec=0.009884 dis=0.185981 adv=4.719913 lam=0.0001 accD=0.8750
step=4619200 rec=0.010661 dis=0.151130 adv=4.379413 lam=0.0001 accD=0.9375
step=4620000 rec=0.011118 dis=0.109671 adv=4.769269 lam=0.0001 accD=0.9375
step=4620800 rec=0.007195 dis=0.110912 adv=4.405292 lam=0.0001 accD=0.9688
step=4621600 rec=0.009211 dis=0.108809 adv=4.614326 lam=0.0001 accD=0.9688
step=4622400 rec=0.007858 dis=0.267959 adv=4.924319 lam=0.0001 accD=0.9062
step=4623200 rec=0.007943 dis=0.128309 adv=4.886618 lam=0.0001 accD=0.9375
step=4624000 rec=0.009035 dis=0.122314 adv=4.799582 lam=0.0001 accD=0.9062
step=4624800 rec=0.008677 dis=0.283734 adv=5.416981 lam=0.0001 accD=0.8750
step=4625600 rec=0.008674 dis=0.049836 adv=5.184211 lam=0.0001 accD=1.0000
step=4626400 rec=0.007972 dis=0.123899 adv=4.729596 lam=0.0001 accD=0.9375
step=4627200 rec=0.008617 dis=0.162404 adv=4.608469 lam=0.0001 accD=0.9688
step=4628000 rec=0.007854 dis=0.186202 adv=5.089602 lam=0.0001 accD=0.9375
step=4628800 rec=0.008449 dis=0.250314 adv=4.067682 lam=0.0001 accD=0.9062
step=4629600 rec=0.008369 dis=0.123606 adv=4.575492 lam=0.0001 accD=0.9688
step=4630400 rec=0.008387 dis=0.128601 adv=4.733654 lam=0.0001 accD=0.9375
step=4631200 rec=0.007728 dis=0.293748 adv=4.355460 lam=0.0001 accD=0.8438
step=4632000 rec=0.008559 dis=0.463126 adv=4.672651 lam=0.0001 accD=0.8438
step=4632800 rec=0.007967 dis=0.164550 adv=4.680013 lam=0.0001 accD=0.9375
step=4633600 rec=0.007893 dis=0.252533 adv=4.636893 lam=0.0001 accD=0.8750
step=4634400 rec=0.007679 dis=0.207592 adv=4.730010 lam=0.0001 accD=0.9062
step=4635200 rec=0.008169 dis=0.132676 adv=5.339893 lam=0.0001 accD=0.9375
step=4636000 rec=0.008888 dis=0.233462 adv=5.100981 lam=0.0001 accD=0.8750
step=4636800 rec=0.008991 dis=0.182151 adv=5.764036 lam=0.0001 accD=0.9062
step=4637600 rec=0.009315 dis=0.254747 adv=4.108943 lam=0.0001 accD=0.8438
step=4638400 rec=0.007967 dis=0.054423 adv=5.506338 lam=0.0001 accD=1.0000
step=4639200 rec=0.007724 dis=0.116382 adv=4.435334 lam=0.0001 accD=0.9375
step=4640000 rec=0.008926 dis=0.353032 adv=4.177389 lam=0.0001 accD=0.8438
step=4640800 rec=0.007013 dis=0.100338 adv=4.719072 lam=0.0001 accD=0.9375
step=4641600 rec=0.009269 dis=0.149778 adv=5.369780 lam=0.0001 accD=0.9062
step=4642400 rec=0.008423 dis=0.299611 adv=4.634696 lam=0.0001 accD=0.8750
step=4643200 rec=0.008951 dis=0.137216 adv=4.412226 lam=0.0001 accD=0.9688
step=4644000 rec=0.008029 dis=0.191000 adv=4.637295 lam=0.0001 accD=0.9062
step=4644800 rec=0.007310 dis=0.120289 adv=4.857833 lam=0.0001 accD=0.9375
step=4645600 rec=0.008238 dis=0.126766 adv=4.911366 lam=0.0001 accD=0.9688
step=4646400 rec=0.009057 dis=0.496805 adv=4.144623 lam=0.0001 accD=0.7500
step=4647200 rec=0.009105 dis=0.071662 adv=5.176890 lam=0.0001 accD=1.0000
step=4648000 rec=0.009630 dis=0.148363 adv=4.171093 lam=0.0001 accD=0.9375
[VAL] epoch=92 val_rec=0.008490 time_min=1.7
step=4648800 rec=0.008304 dis=0.247412 adv=4.451921 lam=0.0001 accD=0.9062
step=4649600 rec=0.007375 dis=0.117897 adv=5.105435 lam=0.0001 accD=0.9688
step=4650400 rec=0.007453 dis=0.257326 adv=5.431294 lam=0.0001 accD=0.9062
step=4651200 rec=0.008162 dis=0.051917 adv=5.116498 lam=0.0001 accD=1.0000
step=4652000 rec=0.010154 dis=0.155408 adv=4.545655 lam=0.0001 accD=0.9688
step=4652800 rec=0.008615 dis=0.121638 adv=5.034146 lam=0.0001 accD=0.9375
step=4653600 rec=0.008021 dis=0.253621 adv=4.454625 lam=0.0001 accD=0.8750
step=4654400 rec=0.008208 dis=0.257317 adv=4.956869 lam=0.0001 accD=0.8750
step=4655200 rec=0.008683 dis=0.216626 adv=5.019104 lam=0.0001 accD=0.9375
step=4656000 rec=0.008862 dis=0.057803 adv=5.126722 lam=0.0001 accD=1.0000
step=4656800 rec=0.009207 dis=0.118663 adv=5.188413 lam=0.0001 accD=0.9688
step=4657600 rec=0.008540 dis=0.115583 adv=4.766298 lam=0.0001 accD=0.9688
step=4658400 rec=0.008879 dis=0.245162 adv=4.483957 lam=0.0001 accD=0.9062
step=4659200 rec=0.007044 dis=0.119827 adv=4.216374 lam=0.0001 accD=0.9688
step=4660000 rec=0.008624 dis=0.187679 adv=4.813707 lam=0.0001 accD=0.9062
step=4660800 rec=0.009220 dis=0.220180 adv=4.825633 lam=0.0001 accD=0.9062
step=4661600 rec=0.007796 dis=0.132158 adv=4.148361 lam=0.0001 accD=0.9375
step=4662400 rec=0.009582 dis=0.138822 adv=4.483613 lam=0.0001 accD=0.9688
step=4663200 rec=0.008082 dis=0.119911 adv=5.449282 lam=0.0001 accD=0.9688
step=4664000 rec=0.009837 dis=0.222917 adv=5.385715 lam=0.0001 accD=0.8750
step=4664800 rec=0.009517 dis=0.204673 adv=4.218285 lam=0.0001 accD=0.9375
step=4665600 rec=0.008890 dis=0.135772 adv=4.425690 lam=0.0001 accD=0.9688
step=4666400 rec=0.010143 dis=0.260049 adv=4.919590 lam=0.0001 accD=0.8750
step=4667200 rec=0.008832 dis=0.199617 adv=4.544376 lam=0.0001 accD=0.9062
step=4668000 rec=0.008868 dis=0.108903 adv=4.731863 lam=0.0001 accD=0.9688
step=4668800 rec=0.009212 dis=0.147198 adv=4.641305 lam=0.0001 accD=0.9688
step=4669600 rec=0.009649 dis=0.105861 adv=5.360040 lam=0.0001 accD=0.9375
step=4670400 rec=0.007560 dis=0.235592 adv=4.837927 lam=0.0001 accD=0.8750
step=4671200 rec=0.007998 dis=0.148148 adv=5.949798 lam=0.0001 accD=0.9688
step=4672000 rec=0.008290 dis=0.162907 adv=4.691621 lam=0.0001 accD=0.9062
step=4672800 rec=0.008113 dis=0.221157 adv=4.668112 lam=0.0001 accD=0.9375
step=4673600 rec=0.008276 dis=0.300549 adv=5.710365 lam=0.0001 accD=0.9062
step=4674400 rec=0.009173 dis=0.133228 adv=5.279827 lam=0.0001 accD=0.9375
step=4675200 rec=0.008672 dis=0.165646 adv=4.191811 lam=0.0001 accD=0.9375
step=4676000 rec=0.008157 dis=0.139137 adv=4.845501 lam=0.0001 accD=0.9375
step=4676800 rec=0.008768 dis=0.128797 adv=5.111119 lam=0.0001 accD=0.9688
step=4677600 rec=0.009088 dis=0.135963 adv=5.421033 lam=0.0001 accD=0.9375
step=4678400 rec=0.010131 dis=0.111216 adv=4.841548 lam=0.0001 accD=0.9375
step=4679200 rec=0.008590 dis=0.071413 adv=5.753636 lam=0.0001 accD=0.9688
step=4680000 rec=0.008851 dis=0.161091 adv=4.325334 lam=0.0001 accD=0.9375
step=4680800 rec=0.009720 dis=0.272643 adv=5.285041 lam=0.0001 accD=0.9062
step=4681600 rec=0.009412 dis=0.121461 adv=4.625215 lam=0.0001 accD=0.9688
step=4682400 rec=0.007673 dis=0.174252 adv=5.085121 lam=0.0001 accD=0.9062
step=4683200 rec=0.008981 dis=0.079431 adv=5.166525 lam=0.0001 accD=0.9688
step=4684000 rec=0.008478 dis=0.257328 adv=4.532315 lam=0.0001 accD=0.9062
step=4684800 rec=0.008814 dis=0.358499 adv=5.079437 lam=0.0001 accD=0.9062
step=4685600 rec=0.009776 dis=0.122396 adv=4.809832 lam=0.0001 accD=0.9375
step=4686400 rec=0.009278 dis=0.345493 adv=4.842377 lam=0.0001 accD=0.8438
step=4687200 rec=0.008042 dis=0.111559 adv=4.740744 lam=0.0001 accD=1.0000
step=4688000 rec=0.008592 dis=0.216707 adv=4.762123 lam=0.0001 accD=0.9062
step=4688800 rec=0.007988 dis=0.094295 adv=4.270613 lam=0.0001 accD=0.9688
step=4689600 rec=0.009379 dis=0.087259 adv=4.494705 lam=0.0001 accD=0.9375
step=4690400 rec=0.007871 dis=0.044796 adv=5.341162 lam=0.0001 accD=1.0000
step=4691200 rec=0.007861 dis=0.171402 adv=5.272393 lam=0.0001 accD=0.9062
step=4692000 rec=0.008318 dis=0.483047 adv=4.358974 lam=0.0001 accD=0.8125
step=4692800 rec=0.008057 dis=0.116312 adv=4.765743 lam=0.0001 accD=0.9375
step=4693600 rec=0.008853 dis=0.090083 adv=4.794824 lam=0.0001 accD=1.0000
step=4694400 rec=0.008116 dis=0.131607 adv=4.914583 lam=0.0001 accD=0.9375
step=4695200 rec=0.008318 dis=0.155543 adv=4.597392 lam=0.0001 accD=0.9375
step=4696000 rec=0.009350 dis=0.138443 adv=4.453521 lam=0.0001 accD=0.9375
step=4696800 rec=0.008250 dis=0.219159 adv=4.585060 lam=0.0001 accD=0.9062
step=4697600 rec=0.009797 dis=0.149585 adv=5.680376 lam=0.0001 accD=0.9375
step=4698400 rec=0.009759 dis=0.108285 adv=4.947332 lam=0.0001 accD=0.9375
[VAL] epoch=93 val_rec=0.008678 time_min=1.7
step=4699200 rec=0.008595 dis=0.105664 adv=5.894689 lam=0.0001 accD=0.9688
step=4700000 rec=0.007716 dis=0.143507 adv=5.659678 lam=0.0001 accD=0.9375
step=4700800 rec=0.008350 dis=0.265097 adv=3.944418 lam=0.0001 accD=0.9062
step=4701600 rec=0.007945 dis=0.128679 adv=5.209313 lam=0.0001 accD=0.9375
step=4702400 rec=0.008858 dis=0.118697 adv=5.078302 lam=0.0001 accD=0.9062
step=4703200 rec=0.009216 dis=0.389866 adv=4.148376 lam=0.0001 accD=0.8125
step=4704000 rec=0.009055 dis=0.075074 adv=4.511423 lam=0.0001 accD=0.9688
step=4704800 rec=0.009805 dis=0.149488 adv=4.709398 lam=0.0001 accD=0.9375
step=4705600 rec=0.009818 dis=0.112559 adv=4.628066 lam=0.0001 accD=0.9688
step=4706400 rec=0.009101 dis=0.236261 adv=4.939635 lam=0.0001 accD=0.9062
step=4707200 rec=0.010097 dis=0.108879 adv=4.693101 lam=0.0001 accD=0.9688
step=4708000 rec=0.009756 dis=0.198998 adv=5.108098 lam=0.0001 accD=0.9062
step=4708800 rec=0.008022 dis=0.194405 adv=4.721527 lam=0.0001 accD=0.9375
step=4709600 rec=0.008971 dis=0.278539 adv=5.303935 lam=0.0001 accD=0.8750
step=4710400 rec=0.008042 dis=0.091373 adv=4.784739 lam=0.0001 accD=1.0000
step=4711200 rec=0.008365 dis=0.097641 adv=4.600342 lam=0.0001 accD=0.9688
step=4712000 rec=0.009037 dis=0.222809 adv=5.278872 lam=0.0001 accD=0.8438
step=4712800 rec=0.008808 dis=0.270836 adv=4.045419 lam=0.0001 accD=0.9062
step=4713600 rec=0.009216 dis=0.412448 adv=3.922617 lam=0.0001 accD=0.7500
step=4714400 rec=0.009165 dis=0.344157 adv=5.061140 lam=0.0001 accD=0.9062
step=4715200 rec=0.008814 dis=0.254124 adv=4.779631 lam=0.0001 accD=0.8125
step=4716000 rec=0.010572 dis=0.119269 adv=4.949252 lam=0.0001 accD=0.9688
step=4716800 rec=0.008415 dis=0.227813 adv=5.072010 lam=0.0001 accD=0.8438
step=4717600 rec=0.009042 dis=0.333222 adv=4.324024 lam=0.0001 accD=0.8438
step=4718400 rec=0.007532 dis=0.171358 adv=4.701456 lam=0.0001 accD=0.9375
step=4719200 rec=0.008404 dis=0.329179 adv=4.218121 lam=0.0001 accD=0.9062
step=4720000 rec=0.007740 dis=0.341593 adv=4.430466 lam=0.0001 accD=0.8125
step=4720800 rec=0.008485 dis=0.043497 adv=5.570508 lam=0.0001 accD=1.0000
step=4721600 rec=0.009026 dis=0.235472 adv=4.248180 lam=0.0001 accD=0.9375
step=4722400 rec=0.007983 dis=0.173272 adv=5.249885 lam=0.0001 accD=0.9375
step=4723200 rec=0.008858 dis=0.174813 adv=4.787071 lam=0.0001 accD=0.9375
step=4724000 rec=0.008037 dis=0.107525 adv=5.767416 lam=0.0001 accD=0.9688
step=4724800 rec=0.008521 dis=0.167293 adv=4.585808 lam=0.0001 accD=0.9375
step=4725600 rec=0.008588 dis=0.057705 adv=5.526250 lam=0.0001 accD=1.0000
step=4726400 rec=0.008210 dis=0.204693 adv=4.689363 lam=0.0001 accD=0.9062
step=4727200 rec=0.009628 dis=0.286376 adv=4.605396 lam=0.0001 accD=0.8750
step=4728000 rec=0.008988 dis=0.189082 adv=4.590373 lam=0.0001 accD=0.9688
step=4728800 rec=0.009868 dis=0.155052 adv=5.614965 lam=0.0001 accD=0.9062
step=4729600 rec=0.009965 dis=0.062336 adv=5.327899 lam=0.0001 accD=0.9688
step=4730400 rec=0.008685 dis=0.162855 adv=4.949172 lam=0.0001 accD=0.9375
step=4731200 rec=0.009142 dis=0.139186 adv=4.907416 lam=0.0001 accD=0.9062
step=4732000 rec=0.008858 dis=0.233060 adv=4.784452 lam=0.0001 accD=0.8750
step=4732800 rec=0.007942 dis=0.104630 adv=5.275688 lam=0.0001 accD=0.9375
step=4733600 rec=0.007201 dis=0.247160 adv=4.223397 lam=0.0001 accD=0.8750
step=4734400 rec=0.008229 dis=0.218397 adv=5.299904 lam=0.0001 accD=0.9375
step=4735200 rec=0.008762 dis=0.077261 adv=4.638807 lam=0.0001 accD=0.9688
step=4736000 rec=0.008480 dis=0.157370 adv=4.757432 lam=0.0001 accD=0.9375
step=4736800 rec=0.008631 dis=0.209289 adv=5.183988 lam=0.0001 accD=0.9375
step=4737600 rec=0.008412 dis=0.169269 adv=4.524290 lam=0.0001 accD=0.9375
step=4738400 rec=0.008951 dis=0.263954 adv=4.119928 lam=0.0001 accD=0.8750
step=4739200 rec=0.009203 dis=0.095486 adv=5.503280 lam=0.0001 accD=0.9375
step=4740000 rec=0.009099 dis=0.212132 adv=4.949433 lam=0.0001 accD=0.9375
step=4740800 rec=0.008975 dis=0.321634 adv=4.654948 lam=0.0001 accD=0.9062
step=4741600 rec=0.009309 dis=0.058208 adv=5.362302 lam=0.0001 accD=1.0000
step=4742400 rec=0.007548 dis=0.141229 adv=5.141231 lam=0.0001 accD=0.9375
step=4743200 rec=0.007362 dis=0.042968 adv=5.876978 lam=0.0001 accD=1.0000
step=4744000 rec=0.009410 dis=0.238055 adv=5.210503 lam=0.0001 accD=0.9062
step=4744800 rec=0.008029 dis=0.162813 adv=4.817161 lam=0.0001 accD=0.9062
step=4745600 rec=0.008131 dis=0.128929 adv=5.273068 lam=0.0001 accD=0.9062
step=4746400 rec=0.008754 dis=0.211459 adv=5.231760 lam=0.0001 accD=0.9062
step=4747200 rec=0.008614 dis=0.091798 adv=5.121401 lam=0.0001 accD=0.9688
step=4748000 rec=0.009375 dis=0.180825 adv=4.779563 lam=0.0001 accD=0.9062
[VAL] epoch=94 val_rec=0.008394 time_min=1.8
step=4748800 rec=0.009351 dis=0.160317 adv=4.730948 lam=0.0001 accD=0.9062
step=4749600 rec=0.008646 dis=0.199424 adv=4.866236 lam=0.0001 accD=0.9062
step=4750400 rec=0.009058 dis=0.243547 adv=4.524881 lam=0.0001 accD=0.8750
step=4751200 rec=0.008840 dis=0.218692 adv=4.386535 lam=0.0001 accD=0.8750
step=4752000 rec=0.008446 dis=0.154483 adv=5.749215 lam=0.0001 accD=0.9375
step=4752800 rec=0.008888 dis=0.142563 adv=5.357802 lam=0.0001 accD=0.9688
step=4753600 rec=0.008301 dis=0.294327 adv=3.963799 lam=0.0001 accD=0.9062
step=4754400 rec=0.007265 dis=0.188948 adv=4.814656 lam=0.0001 accD=0.9062
step=4755200 rec=0.008877 dis=0.074924 adv=4.870962 lam=0.0001 accD=0.9688
step=4756000 rec=0.008408 dis=0.133044 adv=4.508104 lam=0.0001 accD=0.9375
step=4756800 rec=0.007755 dis=0.100433 adv=5.343854 lam=0.0001 accD=0.9688
step=4757600 rec=0.007144 dis=0.153357 adv=4.265278 lam=0.0001 accD=0.9062
step=4758400 rec=0.009609 dis=0.136169 adv=4.809349 lam=0.0001 accD=0.9375
step=4759200 rec=0.007100 dis=0.152100 adv=4.293627 lam=0.0001 accD=0.9375
step=4760000 rec=0.007539 dis=0.178838 adv=4.943810 lam=0.0001 accD=0.9062
step=4760800 rec=0.009954 dis=0.106055 adv=4.635219 lam=0.0001 accD=0.9688
step=4761600 rec=0.008645 dis=0.105118 adv=4.734834 lam=0.0001 accD=0.9688
step=4762400 rec=0.007143 dis=0.090119 adv=4.911419 lam=0.0001 accD=0.9688
step=4763200 rec=0.008015 dis=0.244863 adv=5.588597 lam=0.0001 accD=0.8750
step=4764000 rec=0.009613 dis=0.175032 adv=4.853195 lam=0.0001 accD=0.9375
step=4764800 rec=0.009984 dis=0.130937 adv=4.823249 lam=0.0001 accD=0.9375
step=4765600 rec=0.010732 dis=0.211718 adv=4.765398 lam=0.0001 accD=0.9375
step=4766400 rec=0.007918 dis=0.258240 adv=4.679919 lam=0.0001 accD=0.8750
step=4767200 rec=0.009119 dis=0.277244 adv=4.855618 lam=0.0001 accD=0.8750
step=4768000 rec=0.010302 dis=0.273335 adv=4.558937 lam=0.0001 accD=0.8750
step=4768800 rec=0.008786 dis=0.132577 adv=5.203466 lam=0.0001 accD=0.9375
step=4769600 rec=0.009011 dis=0.211786 adv=5.131422 lam=0.0001 accD=0.9062
step=4770400 rec=0.007605 dis=0.074833 adv=4.555717 lam=0.0001 accD=0.9688
step=4771200 rec=0.008760 dis=0.384315 adv=5.208294 lam=0.0001 accD=0.8750
step=4772000 rec=0.008062 dis=0.114160 adv=5.277894 lam=0.0001 accD=0.9688
step=4772800 rec=0.007812 dis=0.204949 adv=4.103167 lam=0.0001 accD=0.9375
step=4773600 rec=0.009060 dis=0.299360 adv=4.699275 lam=0.0001 accD=0.8750
step=4774400 rec=0.008506 dis=0.218030 adv=4.339430 lam=0.0001 accD=0.9062
step=4775200 rec=0.008850 dis=0.094105 adv=4.929790 lam=0.0001 accD=0.9688
step=4776000 rec=0.008104 dis=0.273207 adv=5.600602 lam=0.0001 accD=0.8750
step=4776800 rec=0.010368 dis=0.215951 adv=5.786924 lam=0.0001 accD=0.8750
step=4777600 rec=0.007604 dis=0.181842 adv=4.651442 lam=0.0001 accD=0.9062
step=4778400 rec=0.007586 dis=0.095604 adv=5.563061 lam=0.0001 accD=0.9688
step=4779200 rec=0.009281 dis=0.174050 adv=4.221083 lam=0.0001 accD=0.9375
step=4780000 rec=0.008754 dis=0.149623 adv=4.209265 lam=0.0001 accD=0.9375
step=4780800 rec=0.008807 dis=0.249409 adv=5.698511 lam=0.0001 accD=0.9062
step=4781600 rec=0.009065 dis=0.244186 adv=4.743449 lam=0.0001 accD=0.9062
step=4782400 rec=0.008172 dis=0.059989 adv=5.350389 lam=0.0001 accD=0.9688
step=4783200 rec=0.008276 dis=0.203287 adv=4.466389 lam=0.0001 accD=0.9062
step=4784000 rec=0.008545 dis=0.575892 adv=4.296430 lam=0.0001 accD=0.7812
step=4784800 rec=0.008934 dis=0.152880 adv=5.291229 lam=0.0001 accD=0.9375
step=4785600 rec=0.008951 dis=0.118706 adv=5.034066 lam=0.0001 accD=0.9375
step=4786400 rec=0.008816 dis=0.157951 adv=4.785105 lam=0.0001 accD=0.9375
step=4787200 rec=0.007317 dis=0.179676 adv=4.939327 lam=0.0001 accD=0.9062
step=4788000 rec=0.009750 dis=0.295497 adv=5.372047 lam=0.0001 accD=0.8750
step=4788800 rec=0.008942 dis=0.095595 adv=4.959613 lam=0.0001 accD=0.9688
step=4789600 rec=0.009477 dis=0.135126 adv=4.316795 lam=0.0001 accD=1.0000
step=4790400 rec=0.008882 dis=0.085643 adv=5.092265 lam=0.0001 accD=0.9688
step=4791200 rec=0.009080 dis=0.141177 adv=5.308217 lam=0.0001 accD=0.9688
step=4792000 rec=0.008129 dis=0.109186 adv=4.758775 lam=0.0001 accD=0.9688
step=4792800 rec=0.010796 dis=0.071694 adv=4.892828 lam=0.0001 accD=0.9688
step=4793600 rec=0.006609 dis=0.269509 adv=4.805102 lam=0.0001 accD=0.8750
step=4794400 rec=0.008393 dis=0.165654 adv=4.453788 lam=0.0001 accD=0.9688
step=4795200 rec=0.009226 dis=0.115489 adv=5.087310 lam=0.0001 accD=0.9688
step=4796000 rec=0.008896 dis=0.028439 adv=5.033006 lam=0.0001 accD=1.0000
step=4796800 rec=0.010043 dis=0.246580 adv=4.714980 lam=0.0001 accD=0.9062
step=4797600 rec=0.008380 dis=0.208977 adv=5.849931 lam=0.0001 accD=0.9062
step=4798400 rec=0.008800 dis=0.100290 adv=4.837990 lam=0.0001 accD=0.9688
[VAL] epoch=95 val_rec=0.008352 time_min=1.7
step=4799200 rec=0.009050 dis=0.144289 adv=5.481826 lam=0.0001 accD=0.9688
step=4800000 rec=0.009685 dis=0.087418 adv=5.201246 lam=0.0001 accD=1.0000
step=4800800 rec=0.009468 dis=0.196718 adv=4.469066 lam=0.0001 accD=0.9375
step=4801600 rec=0.009576 dis=0.112354 adv=5.217185 lam=0.0001 accD=0.9688
step=4802400 rec=0.009355 dis=0.091801 adv=5.713247 lam=0.0001 accD=0.9688
step=4803200 rec=0.008747 dis=0.110306 adv=4.961828 lam=0.0001 accD=0.9688
step=4804000 rec=0.010538 dis=0.281619 adv=4.297687 lam=0.0001 accD=0.9062
step=4804800 rec=0.009132 dis=0.365784 adv=4.876425 lam=0.0001 accD=0.8438
step=4805600 rec=0.007681 dis=0.156806 adv=4.993485 lam=0.0001 accD=0.9688
step=4806400 rec=0.009042 dis=0.174744 adv=4.441458 lam=0.0001 accD=0.9062
step=4807200 rec=0.008847 dis=0.104298 adv=4.745711 lam=0.0001 accD=0.9375
step=4808000 rec=0.008140 dis=0.129618 adv=5.109136 lam=0.0001 accD=0.9688
step=4808800 rec=0.008684 dis=0.215264 adv=4.730057 lam=0.0001 accD=0.8750
step=4809600 rec=0.007719 dis=0.107404 adv=5.811678 lam=0.0001 accD=0.9375
step=4810400 rec=0.008607 dis=0.172836 adv=4.825146 lam=0.0001 accD=0.9062
step=4811200 rec=0.009222 dis=0.315170 adv=5.063818 lam=0.0001 accD=0.8438
step=4812000 rec=0.008429 dis=0.204481 adv=4.656916 lam=0.0001 accD=0.9062
step=4812800 rec=0.009027 dis=0.195896 adv=4.737041 lam=0.0001 accD=0.9062
step=4813600 rec=0.007974 dis=0.204635 adv=5.135689 lam=0.0001 accD=0.8750
step=4814400 rec=0.009221 dis=0.093932 adv=5.203445 lam=0.0001 accD=0.9688
step=4815200 rec=0.008307 dis=0.188194 adv=5.141399 lam=0.0001 accD=0.9375
step=4816000 rec=0.008199 dis=0.353355 adv=4.411121 lam=0.0001 accD=0.8438
step=4816800 rec=0.007625 dis=0.034302 adv=5.252802 lam=0.0001 accD=1.0000
step=4817600 rec=0.010023 dis=0.198207 adv=5.027113 lam=0.0001 accD=0.8750
step=4818400 rec=0.008428 dis=0.120464 adv=5.417131 lam=0.0001 accD=0.9375
step=4819200 rec=0.008808 dis=0.153747 adv=5.144504 lam=0.0001 accD=0.9375
step=4820000 rec=0.009305 dis=0.148124 adv=5.051991 lam=0.0001 accD=0.9375
step=4820800 rec=0.007786 dis=0.182071 adv=4.745231 lam=0.0001 accD=0.8750
step=4821600 rec=0.008605 dis=0.166397 adv=4.085466 lam=0.0001 accD=0.9062
step=4822400 rec=0.009068 dis=0.331399 adv=4.740007 lam=0.0001 accD=0.8125
step=4823200 rec=0.008881 dis=0.256171 adv=4.633943 lam=0.0001 accD=0.9062
step=4824000 rec=0.008453 dis=0.170604 adv=4.924801 lam=0.0001 accD=0.9062
step=4824800 rec=0.009738 dis=0.368544 adv=4.826860 lam=0.0001 accD=0.7500
step=4825600 rec=0.009032 dis=0.136524 adv=4.347626 lam=0.0001 accD=0.9375
step=4826400 rec=0.008999 dis=0.158202 adv=4.538116 lam=0.0001 accD=0.9375
step=4827200 rec=0.009224 dis=0.162363 adv=4.520061 lam=0.0001 accD=0.9375
step=4828000 rec=0.009607 dis=0.288843 adv=5.418047 lam=0.0001 accD=0.8750
step=4828800 rec=0.009661 dis=0.355183 adv=5.489864 lam=0.0001 accD=0.9062
step=4829600 rec=0.008798 dis=0.271202 adv=4.815470 lam=0.0001 accD=0.8438
step=4830400 rec=0.007069 dis=0.090973 adv=5.254040 lam=0.0001 accD=0.9688
step=4831200 rec=0.008980 dis=0.140358 adv=4.645226 lam=0.0001 accD=0.9688
step=4832000 rec=0.010372 dis=0.146547 adv=5.016932 lam=0.0001 accD=0.9375
step=4832800 rec=0.007930 dis=0.239226 adv=5.099947 lam=0.0001 accD=0.9062
step=4833600 rec=0.008248 dis=0.143218 adv=4.997272 lam=0.0001 accD=0.9375
step=4834400 rec=0.007982 dis=0.097592 adv=5.536879 lam=0.0001 accD=0.9688
step=4835200 rec=0.008885 dis=0.060222 adv=5.430348 lam=0.0001 accD=1.0000
step=4836000 rec=0.008102 dis=0.064537 adv=5.165302 lam=0.0001 accD=1.0000
step=4836800 rec=0.008914 dis=0.115282 adv=5.006731 lam=0.0001 accD=0.9688
step=4837600 rec=0.009387 dis=0.114966 adv=5.854902 lam=0.0001 accD=0.9688
step=4838400 rec=0.009275 dis=0.109773 adv=5.045473 lam=0.0001 accD=0.9375
step=4839200 rec=0.007451 dis=0.122643 adv=4.962486 lam=0.0001 accD=0.9062
step=4840000 rec=0.008838 dis=0.139278 adv=4.862364 lam=0.0001 accD=0.9062
step=4840800 rec=0.008867 dis=0.123497 adv=4.623349 lam=0.0001 accD=0.9688
step=4841600 rec=0.008644 dis=0.217146 adv=6.063990 lam=0.0001 accD=0.9375
step=4842400 rec=0.008320 dis=0.137296 adv=5.187246 lam=0.0001 accD=0.9375
step=4843200 rec=0.008682 dis=0.150395 adv=4.922668 lam=0.0001 accD=0.9688
step=4844000 rec=0.007806 dis=0.298811 adv=4.324098 lam=0.0001 accD=0.9062
step=4844800 rec=0.008533 dis=0.244473 adv=4.597216 lam=0.0001 accD=0.9062
step=4845600 rec=0.009783 dis=0.168843 adv=4.783868 lam=0.0001 accD=0.9375
step=4846400 rec=0.008277 dis=0.192328 adv=5.181284 lam=0.0001 accD=0.9062
step=4847200 rec=0.007781 dis=0.065934 adv=5.160848 lam=0.0001 accD=1.0000
step=4848000 rec=0.007337 dis=0.136829 adv=5.286843 lam=0.0001 accD=0.9062
[VAL] epoch=96 val_rec=0.008435 time_min=1.8
step=4848800 rec=0.008333 dis=0.317495 adv=4.580143 lam=0.0001 accD=0.8750
step=4849600 rec=0.008598 dis=0.115768 adv=5.287379 lam=0.0001 accD=0.9688
step=4850400 rec=0.009134 dis=0.207732 adv=4.761807 lam=0.0001 accD=0.8438
step=4851200 rec=0.008401 dis=0.222553 adv=4.546056 lam=0.0001 accD=0.9062
step=4852000 rec=0.008674 dis=0.125356 adv=5.410822 lam=0.0001 accD=0.9375
step=4852800 rec=0.008841 dis=0.029347 adv=5.036754 lam=0.0001 accD=1.0000
step=4853600 rec=0.010617 dis=0.050736 adv=4.921003 lam=0.0001 accD=1.0000
step=4854400 rec=0.008903 dis=0.263607 adv=4.694145 lam=0.0001 accD=0.9062
step=4855200 rec=0.008291 dis=0.247772 adv=4.409249 lam=0.0001 accD=0.8750
step=4856000 rec=0.009173 dis=0.116122 adv=4.528581 lam=0.0001 accD=0.9688
step=4856800 rec=0.008489 dis=0.286128 adv=5.081294 lam=0.0001 accD=0.8750
step=4857600 rec=0.008297 dis=0.114591 adv=4.466609 lam=0.0001 accD=0.9688
step=4858400 rec=0.007987 dis=0.315580 adv=4.165491 lam=0.0001 accD=0.8750
step=4859200 rec=0.008444 dis=0.144141 adv=4.384707 lam=0.0001 accD=0.9062
step=4860000 rec=0.008483 dis=0.205379 adv=4.394794 lam=0.0001 accD=0.9062
step=4860800 rec=0.009617 dis=0.132535 adv=5.344313 lam=0.0001 accD=0.9688
step=4861600 rec=0.008829 dis=0.189788 adv=4.650496 lam=0.0001 accD=0.9062
step=4862400 rec=0.009384 dis=0.162061 adv=4.876232 lam=0.0001 accD=0.9375
step=4863200 rec=0.008428 dis=0.340633 adv=4.790128 lam=0.0001 accD=0.8750
step=4864000 rec=0.008243 dis=0.104730 adv=4.342654 lam=0.0001 accD=0.9688
step=4864800 rec=0.008334 dis=0.088119 adv=4.729898 lam=0.0001 accD=1.0000
step=4865600 rec=0.008898 dis=0.256112 adv=4.608688 lam=0.0001 accD=0.9688
step=4866400 rec=0.009900 dis=0.114569 adv=5.342110 lam=0.0001 accD=0.9688
step=4867200 rec=0.008177 dis=0.139881 adv=4.488556 lam=0.0001 accD=0.9688
step=4868000 rec=0.009767 dis=0.351695 adv=4.114924 lam=0.0001 accD=0.8438
step=4868800 rec=0.010274 dis=0.162367 adv=4.952951 lam=0.0001 accD=0.9375
step=4869600 rec=0.008837 dis=0.168572 adv=5.135665 lam=0.0001 accD=0.8750
step=4870400 rec=0.007957 dis=0.132238 adv=5.034012 lam=0.0001 accD=0.9062
step=4871200 rec=0.008544 dis=0.122869 adv=4.944804 lam=0.0001 accD=0.9375
step=4872000 rec=0.009180 dis=0.264791 adv=5.147540 lam=0.0001 accD=0.9062
step=4872800 rec=0.007225 dis=0.334990 adv=5.297283 lam=0.0001 accD=0.8125
step=4873600 rec=0.007348 dis=0.114742 adv=5.076365 lam=0.0001 accD=0.9688
step=4874400 rec=0.009603 dis=0.112814 adv=5.175545 lam=0.0001 accD=0.9688
step=4875200 rec=0.008938 dis=0.143694 adv=4.637480 lam=0.0001 accD=0.9062
step=4876000 rec=0.009058 dis=0.104302 adv=4.745942 lam=0.0001 accD=0.9375
step=4876800 rec=0.010310 dis=0.223833 adv=4.576558 lam=0.0001 accD=0.9375
step=4877600 rec=0.007738 dis=0.155508 adv=4.686629 lam=0.0001 accD=0.9375
step=4878400 rec=0.008344 dis=0.084062 adv=4.730323 lam=0.0001 accD=0.9688
step=4879200 rec=0.009321 dis=0.174012 adv=4.729973 lam=0.0001 accD=0.9062
step=4880000 rec=0.007186 dis=0.157334 adv=4.595102 lam=0.0001 accD=0.9375
step=4880800 rec=0.009032 dis=0.144350 adv=5.862903 lam=0.0001 accD=0.9375
step=4881600 rec=0.008116 dis=0.136704 adv=4.445072 lam=0.0001 accD=0.9375
step=4882400 rec=0.009134 dis=0.180670 adv=5.210403 lam=0.0001 accD=0.9375
step=4883200 rec=0.009130 dis=0.051731 adv=5.986419 lam=0.0001 accD=1.0000
step=4884000 rec=0.008005 dis=0.117386 adv=5.166190 lam=0.0001 accD=0.9375
step=4884800 rec=0.007764 dis=0.299690 adv=4.449890 lam=0.0001 accD=0.9062
step=4885600 rec=0.008650 dis=0.088094 adv=5.023131 lam=0.0001 accD=1.0000
step=4886400 rec=0.007315 dis=0.360920 adv=5.248967 lam=0.0001 accD=0.8750
step=4887200 rec=0.007392 dis=0.177771 adv=4.167738 lam=0.0001 accD=0.9375
step=4888000 rec=0.009019 dis=0.273061 adv=4.800779 lam=0.0001 accD=0.8438
step=4888800 rec=0.008763 dis=0.061581 adv=5.621150 lam=0.0001 accD=1.0000
step=4889600 rec=0.008226 dis=0.129085 adv=4.841794 lam=0.0001 accD=0.9062
step=4890400 rec=0.010360 dis=0.190740 adv=4.916732 lam=0.0001 accD=0.9375
step=4891200 rec=0.008059 dis=0.057851 adv=6.110312 lam=0.0001 accD=0.9688
step=4892000 rec=0.009157 dis=0.172964 adv=5.305363 lam=0.0001 accD=0.9375
step=4892800 rec=0.007732 dis=0.195430 adv=4.614240 lam=0.0001 accD=0.9062
step=4893600 rec=0.009032 dis=0.236426 adv=5.020467 lam=0.0001 accD=0.9375
step=4894400 rec=0.009531 dis=0.233174 adv=4.573916 lam=0.0001 accD=0.9375
step=4895200 rec=0.008073 dis=0.093171 adv=5.612357 lam=0.0001 accD=0.9688
step=4896000 rec=0.009184 dis=0.313511 adv=4.977989 lam=0.0001 accD=0.8750
step=4896800 rec=0.009919 dis=0.059421 adv=5.268493 lam=0.0001 accD=1.0000
step=4897600 rec=0.008908 dis=0.229597 adv=4.184153 lam=0.0001 accD=0.9062
step=4898400 rec=0.009817 dis=0.283133 adv=4.627781 lam=0.0001 accD=0.9062
[VAL] epoch=97 val_rec=0.008394 time_min=1.7
step=4899200 rec=0.008245 dis=0.129026 adv=5.355092 lam=0.0001 accD=0.9375
step=4900000 rec=0.008482 dis=0.234643 adv=4.914926 lam=0.0001 accD=0.8750
step=4900800 rec=0.007805 dis=0.108666 adv=4.969177 lam=0.0001 accD=0.9688
step=4901600 rec=0.008000 dis=0.296520 adv=4.677784 lam=0.0001 accD=0.8750
step=4902400 rec=0.008715 dis=0.161934 adv=4.653240 lam=0.0001 accD=0.9062
step=4903200 rec=0.010326 dis=0.109565 adv=5.348993 lam=0.0001 accD=0.9688
step=4904000 rec=0.009575 dis=0.217256 adv=4.117714 lam=0.0001 accD=0.9375
step=4904800 rec=0.008057 dis=0.125166 adv=5.278136 lam=0.0001 accD=0.9375
step=4905600 rec=0.008632 dis=0.052738 adv=5.056010 lam=0.0001 accD=1.0000
step=4906400 rec=0.010132 dis=0.150156 adv=5.311934 lam=0.0001 accD=0.9375
step=4907200 rec=0.008086 dis=0.167411 adv=5.325411 lam=0.0001 accD=0.9062
step=4908000 rec=0.008460 dis=0.081100 adv=5.011680 lam=0.0001 accD=0.9688
step=4908800 rec=0.009624 dis=0.099654 adv=5.622137 lam=0.0001 accD=0.9688
step=4909600 rec=0.008677 dis=0.243464 adv=4.913404 lam=0.0001 accD=0.9062
step=4910400 rec=0.007717 dis=0.134490 adv=5.602857 lam=0.0001 accD=0.9375
step=4911200 rec=0.008457 dis=0.187608 adv=4.840177 lam=0.0001 accD=0.8750
step=4912000 rec=0.009894 dis=0.217573 adv=5.077388 lam=0.0001 accD=0.8750
step=4912800 rec=0.009048 dis=0.209258 adv=4.590386 lam=0.0001 accD=0.9062
step=4913600 rec=0.007541 dis=0.143582 adv=5.008132 lam=0.0001 accD=0.9688
step=4914400 rec=0.009319 dis=0.251991 adv=4.994626 lam=0.0001 accD=0.9062
step=4915200 rec=0.008291 dis=0.043460 adv=5.699156 lam=0.0001 accD=0.9688
step=4916000 rec=0.008416 dis=0.025955 adv=5.497119 lam=0.0001 accD=1.0000
step=4916800 rec=0.008874 dis=0.045464 adv=5.230810 lam=0.0001 accD=1.0000
step=4917600 rec=0.007700 dis=0.128150 adv=4.651580 lam=0.0001 accD=0.9375
step=4918400 rec=0.007522 dis=0.166080 adv=4.253177 lam=0.0001 accD=0.9062
step=4919200 rec=0.008420 dis=0.151130 adv=4.507067 lam=0.0001 accD=0.9062
step=4920000 rec=0.009426 dis=0.252772 adv=4.607309 lam=0.0001 accD=0.9375
step=4920800 rec=0.008775 dis=0.030876 adv=5.970628 lam=0.0001 accD=1.0000
step=4921600 rec=0.007097 dis=0.286523 adv=4.792374 lam=0.0001 accD=0.9062
step=4922400 rec=0.008287 dis=0.196726 adv=4.779991 lam=0.0001 accD=0.9375
step=4923200 rec=0.007979 dis=0.117047 adv=5.515973 lam=0.0001 accD=0.9688
step=4924000 rec=0.007827 dis=0.167603 adv=5.074906 lam=0.0001 accD=0.9375
step=4924800 rec=0.008916 dis=0.140396 adv=5.253667 lam=0.0001 accD=0.9688
step=4925600 rec=0.010184 dis=0.157216 adv=5.073532 lam=0.0001 accD=0.9375
step=4926400 rec=0.009191 dis=0.151229 adv=5.409661 lam=0.0001 accD=0.9375
step=4927200 rec=0.008177 dis=0.134810 adv=5.019704 lam=0.0001 accD=1.0000
step=4928000 rec=0.008783 dis=0.043947 adv=5.246912 lam=0.0001 accD=1.0000
step=4928800 rec=0.009401 dis=0.179096 adv=5.510062 lam=0.0001 accD=0.8750
step=4929600 rec=0.007719 dis=0.128956 adv=5.172818 lam=0.0001 accD=0.9062
step=4930400 rec=0.008722 dis=0.128752 adv=5.352126 lam=0.0001 accD=0.9688
step=4931200 rec=0.009426 dis=0.210079 adv=4.157164 lam=0.0001 accD=0.9062
step=4932000 rec=0.009500 dis=0.160540 adv=5.126302 lam=0.0001 accD=0.9062
step=4932800 rec=0.009233 dis=0.227661 adv=4.690395 lam=0.0001 accD=0.8750
step=4933600 rec=0.008592 dis=0.085468 adv=5.225144 lam=0.0001 accD=1.0000
step=4934400 rec=0.009592 dis=0.162652 adv=5.348149 lam=0.0001 accD=0.9062
step=4935200 rec=0.007613 dis=0.078425 adv=5.294361 lam=0.0001 accD=0.9688
step=4936000 rec=0.008501 dis=0.153234 adv=5.479815 lam=0.0001 accD=0.9688
step=4936800 rec=0.008814 dis=0.392796 adv=3.994947 lam=0.0001 accD=0.8750
step=4937600 rec=0.008776 dis=0.149503 adv=4.647958 lam=0.0001 accD=0.9375
step=4938400 rec=0.008264 dis=0.122299 adv=4.893183 lam=0.0001 accD=0.9375
step=4939200 rec=0.010226 dis=0.135454 adv=5.037580 lam=0.0001 accD=0.9062
step=4940000 rec=0.008376 dis=0.168254 adv=4.711581 lam=0.0001 accD=0.9062
step=4940800 rec=0.007511 dis=0.077200 adv=5.860929 lam=0.0001 accD=1.0000
step=4941600 rec=0.007960 dis=0.086444 adv=4.874928 lam=0.0001 accD=0.9688
step=4942400 rec=0.007873 dis=0.098453 adv=5.566602 lam=0.0001 accD=1.0000
step=4943200 rec=0.007795 dis=0.115544 adv=5.429088 lam=0.0001 accD=0.9688
step=4944000 rec=0.008839 dis=0.066295 adv=5.002668 lam=0.0001 accD=1.0000
step=4944800 rec=0.009354 dis=0.218701 adv=5.620783 lam=0.0001 accD=0.8438
step=4945600 rec=0.008732 dis=0.136084 adv=4.504922 lam=0.0001 accD=0.9375
step=4946400 rec=0.011288 dis=0.057892 adv=5.628034 lam=0.0001 accD=0.9688
step=4947200 rec=0.010839 dis=0.189113 adv=4.740405 lam=0.0001 accD=0.9062
step=4948000 rec=0.008071 dis=0.136530 adv=5.619664 lam=0.0001 accD=0.9375
[VAL] epoch=98 val_rec=0.008272 time_min=1.7
step=4948800 rec=0.008766 dis=0.261296 adv=4.435058 lam=0.0001 accD=0.8438
step=4949600 rec=0.007815 dis=0.188462 adv=4.749190 lam=0.0001 accD=0.9375
step=4950400 rec=0.008423 dis=0.156843 adv=4.805808 lam=0.0001 accD=0.9062
step=4951200 rec=0.007644 dis=0.114639 adv=4.840615 lam=0.0001 accD=0.9375
step=4952000 rec=0.007798 dis=0.160791 adv=4.515206 lam=0.0001 accD=0.9688
step=4952800 rec=0.008677 dis=0.096711 adv=5.466874 lam=0.0001 accD=1.0000
step=4953600 rec=0.008678 dis=0.113179 adv=4.780396 lam=0.0001 accD=0.9688
step=4954400 rec=0.008654 dis=0.135894 adv=4.904767 lam=0.0001 accD=0.9375
step=4955200 rec=0.007809 dis=0.055743 adv=4.982592 lam=0.0001 accD=1.0000
step=4956000 rec=0.008530 dis=0.163466 adv=5.718025 lam=0.0001 accD=0.9062
step=4956800 rec=0.008429 dis=0.162082 adv=4.896426 lam=0.0001 accD=0.9375
step=4957600 rec=0.007771 dis=0.442705 adv=5.084474 lam=0.0001 accD=0.7812
step=4958400 rec=0.008607 dis=0.077827 adv=5.763326 lam=0.0001 accD=0.9688
step=4959200 rec=0.008789 dis=0.143720 adv=5.854517 lam=0.0001 accD=0.9062
step=4960000 rec=0.009170 dis=0.129055 adv=5.301198 lam=0.0001 accD=0.9375
step=4960800 rec=0.008444 dis=0.229208 adv=4.257462 lam=0.0001 accD=0.9375
step=4961600 rec=0.008543 dis=0.101830 adv=5.277690 lam=0.0001 accD=0.9688
step=4962400 rec=0.007925 dis=0.106148 adv=5.065016 lam=0.0001 accD=1.0000
step=4963200 rec=0.008724 dis=0.129022 adv=4.866961 lam=0.0001 accD=0.9375
step=4964000 rec=0.008678 dis=0.141454 adv=4.959708 lam=0.0001 accD=0.9375
step=4964800 rec=0.010030 dis=0.189195 adv=4.462495 lam=0.0001 accD=0.9375
step=4965600 rec=0.008098 dis=0.157810 adv=5.118518 lam=0.0001 accD=0.9062
step=4966400 rec=0.007217 dis=0.051595 adv=4.659555 lam=0.0001 accD=1.0000
step=4967200 rec=0.009435 dis=0.123109 adv=4.589828 lam=0.0001 accD=0.9688
step=4968000 rec=0.008287 dis=0.118589 adv=5.157706 lam=0.0001 accD=0.9688
step=4968800 rec=0.008945 dis=0.058459 adv=5.546062 lam=0.0001 accD=1.0000
step=4969600 rec=0.008290 dis=0.163397 adv=5.114770 lam=0.0001 accD=0.9375
step=4970400 rec=0.008701 dis=0.077976 adv=5.587813 lam=0.0001 accD=0.9688
step=4971200 rec=0.007749 dis=0.236344 adv=5.047422 lam=0.0001 accD=0.8750
step=4972000 rec=0.009313 dis=0.305889 adv=4.770295 lam=0.0001 accD=0.9062
step=4972800 rec=0.008033 dis=0.161461 adv=4.353461 lam=0.0001 accD=0.9375
step=4973600 rec=0.008705 dis=0.173571 adv=4.543983 lam=0.0001 accD=0.9062
step=4974400 rec=0.007253 dis=0.363994 adv=4.504587 lam=0.0001 accD=0.8750
step=4975200 rec=0.007144 dis=0.120968 adv=4.936464 lam=0.0001 accD=0.9688
step=4976000 rec=0.008964 dis=0.088267 adv=5.179057 lam=0.0001 accD=0.9688
step=4976800 rec=0.008256 dis=0.158398 adv=4.864673 lam=0.0001 accD=0.9375
step=4977600 rec=0.008746 dis=0.190881 adv=4.795620 lam=0.0001 accD=0.9688
step=4978400 rec=0.008903 dis=0.192681 adv=5.732731 lam=0.0001 accD=0.9375
step=4979200 rec=0.008475 dis=0.083798 adv=5.770976 lam=0.0001 accD=0.9688
step=4980000 rec=0.008071 dis=0.099336 adv=5.282606 lam=0.0001 accD=0.9375
step=4980800 rec=0.010243 dis=0.250568 adv=4.590218 lam=0.0001 accD=0.9375
step=4981600 rec=0.008769 dis=0.158188 adv=4.559375 lam=0.0001 accD=0.9375
step=4982400 rec=0.010703 dis=0.065646 adv=5.294916 lam=0.0001 accD=0.9688
step=4983200 rec=0.009418 dis=0.119877 adv=4.980496 lam=0.0001 accD=0.9688
step=4984000 rec=0.008011 dis=0.080358 adv=4.992821 lam=0.0001 accD=0.9688
step=4984800 rec=0.007845 dis=0.167333 adv=5.099009 lam=0.0001 accD=0.9062
step=4985600 rec=0.008958 dis=0.375978 adv=4.592237 lam=0.0001 accD=0.8125
step=4986400 rec=0.008346 dis=0.153751 adv=4.834676 lam=0.0001 accD=0.9375
step=4987200 rec=0.008335 dis=0.195017 adv=4.167466 lam=0.0001 accD=0.9062
step=4988000 rec=0.008813 dis=0.267839 adv=4.084871 lam=0.0001 accD=0.8750
step=4988800 rec=0.008532 dis=0.263245 adv=5.518147 lam=0.0001 accD=0.8750
step=4989600 rec=0.008250 dis=0.139844 adv=5.372869 lam=0.0001 accD=0.9375
step=4990400 rec=0.007114 dis=0.092910 adv=5.289617 lam=0.0001 accD=0.9375
step=4991200 rec=0.008488 dis=0.145528 adv=5.095618 lam=0.0001 accD=0.9375
step=4992000 rec=0.009617 dis=0.132804 adv=4.655891 lam=0.0001 accD=0.9375
step=4992800 rec=0.007796 dis=0.258432 adv=5.020144 lam=0.0001 accD=0.9062
step=4993600 rec=0.007848 dis=0.085944 adv=4.725038 lam=0.0001 accD=0.9375
step=4994400 rec=0.008597 dis=0.200484 adv=5.097208 lam=0.0001 accD=0.9375
step=4995200 rec=0.009613 dis=0.068113 adv=5.553501 lam=0.0001 accD=1.0000
step=4996000 rec=0.010204 dis=0.262995 adv=4.530148 lam=0.0001 accD=0.8438
step=4996800 rec=0.007516 dis=0.246378 adv=4.963691 lam=0.0001 accD=0.8750
step=4997600 rec=0.008391 dis=0.133964 adv=5.460392 lam=0.0001 accD=0.9688
[VAL] epoch=99 val_rec=0.008336 time_min=1.7
step=4998400 rec=0.006924 dis=0.059189 adv=4.736166 lam=0.0001 accD=0.9688
step=4999200 rec=0.007959 dis=0.087501 adv=4.935997 lam=0.0001 accD=1.0000
step=5000000 rec=0.008359 dis=0.113484 adv=5.164635 lam=0.0001 accD=0.9375
step=5000800 rec=0.007975 dis=0.103487 adv=4.652001 lam=0.0001 accD=0.9688
step=5001600 rec=0.009036 dis=0.162924 adv=5.178186 lam=0.0001 accD=0.9688
step=5002400 rec=0.008922 dis=0.124109 adv=5.284935 lam=0.0001 accD=0.9688
step=5003200 rec=0.008969 dis=0.374973 adv=4.974464 lam=0.0001 accD=0.8750
step=5004000 rec=0.008098 dis=0.235699 adv=4.843727 lam=0.0001 accD=0.9062
step=5004800 rec=0.008062 dis=0.304144 adv=4.864138 lam=0.0001 accD=0.9375
step=5005600 rec=0.007093 dis=0.129637 adv=4.741149 lam=0.0001 accD=0.9688
step=5006400 rec=0.008472 dis=0.234382 adv=4.561530 lam=0.0001 accD=0.8750
step=5007200 rec=0.009305 dis=0.178910 adv=4.341227 lam=0.0001 accD=0.9375
step=5008000 rec=0.007955 dis=0.118243 adv=5.616200 lam=0.0001 accD=0.9375
step=5008800 rec=0.007296 dis=0.128616 adv=4.675714 lam=0.0001 accD=1.0000
step=5009600 rec=0.008197 dis=0.225750 adv=5.047370 lam=0.0001 accD=0.9375
step=5010400 rec=0.008701 dis=0.150515 adv=4.914040 lam=0.0001 accD=0.9375
step=5011200 rec=0.007736 dis=0.346465 adv=4.980443 lam=0.0001 accD=0.8438
step=5012000 rec=0.009308 dis=0.188618 adv=5.068251 lam=0.0001 accD=0.8750
step=5012800 rec=0.008239 dis=0.162644 adv=4.298233 lam=0.0001 accD=0.9688
step=5013600 rec=0.009344 dis=0.144344 adv=4.932899 lam=0.0001 accD=0.9375
step=5014400 rec=0.008838 dis=0.139693 adv=5.228844 lam=0.0001 accD=0.9375
step=5015200 rec=0.007643 dis=0.219550 adv=4.727355 lam=0.0001 accD=0.9375
step=5016000 rec=0.009660 dis=0.148471 adv=5.241522 lam=0.0001 accD=0.9688
step=5016800 rec=0.007843 dis=0.137329 adv=5.104582 lam=0.0001 accD=0.9375
step=5017600 rec=0.007502 dis=0.101879 adv=5.021816 lam=0.0001 accD=0.9688
step=5018400 rec=0.009835 dis=0.068435 adv=5.535645 lam=0.0001 accD=1.0000
step=5019200 rec=0.008146 dis=0.245467 adv=5.064649 lam=0.0001 accD=0.8750
step=5020000 rec=0.007567 dis=0.080988 adv=4.612261 lam=0.0001 accD=1.0000
step=5020800 rec=0.007821 dis=0.050085 adv=5.533379 lam=0.0001 accD=1.0000
step=5021600 rec=0.008444 dis=0.269156 adv=4.858465 lam=0.0001 accD=0.9062
step=5022400 rec=0.008521 dis=0.113242 adv=5.074062 lam=0.0001 accD=0.9375
step=5023200 rec=0.008119 dis=0.139797 adv=5.143394 lam=0.0001 accD=0.8750
step=5024000 rec=0.009510 dis=0.144759 adv=5.032874 lam=0.0001 accD=0.9375
step=5024800 rec=0.010163 dis=0.194906 adv=4.610000 lam=0.0001 accD=0.9062
step=5025600 rec=0.007878 dis=0.188487 adv=4.918871 lam=0.0001 accD=0.8750
step=5026400 rec=0.009712 dis=0.179228 adv=4.351663 lam=0.0001 accD=0.9375
step=5027200 rec=0.008518 dis=0.249125 adv=4.699846 lam=0.0001 accD=0.9375
step=5028000 rec=0.007820 dis=0.215536 adv=4.942863 lam=0.0001 accD=0.9375
step=5028800 rec=0.007662 dis=0.045866 adv=5.326131 lam=0.0001 accD=1.0000
step=5029600 rec=0.008441 dis=0.102031 adv=4.547223 lam=0.0001 accD=0.9688
step=5030400 rec=0.009265 dis=0.106790 adv=5.053594 lam=0.0001 accD=0.9688
step=5031200 rec=0.009493 dis=0.268279 adv=4.620453 lam=0.0001 accD=0.8438
step=5032000 rec=0.008695 dis=0.214855 adv=4.525112 lam=0.0001 accD=0.8750
step=5032800 rec=0.008818 dis=0.201009 adv=4.665036 lam=0.0001 accD=0.9062
step=5033600 rec=0.008747 dis=0.140744 adv=4.459730 lam=0.0001 accD=0.9688
step=5034400 rec=0.009059 dis=0.295469 adv=4.760789 lam=0.0001 accD=0.9062
step=5035200 rec=0.008532 dis=0.230345 adv=4.446741 lam=0.0001 accD=0.9062
step=5036000 rec=0.008741 dis=0.120739 adv=5.118605 lam=0.0001 accD=0.9375
step=5036800 rec=0.008806 dis=0.236008 adv=5.117029 lam=0.0001 accD=0.9062
step=5037600 rec=0.009309 dis=0.186330 adv=4.675151 lam=0.0001 accD=0.9375
step=5038400 rec=0.008492 dis=0.143938 adv=5.349737 lam=0.0001 accD=0.9375
step=5039200 rec=0.009888 dis=0.295919 adv=4.078187 lam=0.0001 accD=0.9375
step=5040000 rec=0.008531 dis=0.193482 adv=5.039262 lam=0.0001 accD=0.9375
step=5040800 rec=0.007981 dis=0.269494 adv=5.205863 lam=0.0001 accD=0.9062
step=5041600 rec=0.008688 dis=0.092195 adv=4.526985 lam=0.0001 accD=0.9688
step=5042400 rec=0.009655 dis=0.149376 adv=4.728457 lam=0.0001 accD=0.9375
step=5043200 rec=0.008758 dis=0.064746 adv=4.390299 lam=0.0001 accD=1.0000
step=5044000 rec=0.007470 dis=0.117881 adv=5.218787 lam=0.0001 accD=0.9375
step=5044800 rec=0.009219 dis=0.167366 adv=5.535190 lam=0.0001 accD=0.9375
step=5045600 rec=0.008614 dis=0.110092 adv=5.965625 lam=0.0001 accD=0.9688
step=5046400 rec=0.008178 dis=0.217466 adv=5.183066 lam=0.0001 accD=0.9375
step=5047200 rec=0.007867 dis=0.272715 adv=4.052460 lam=0.0001 accD=0.9062
step=5048000 rec=0.008575 dis=0.164596 adv=4.244266 lam=0.0001 accD=0.9062
[VAL] epoch=100 val_rec=0.008473 time_min=1.8
step=5048800 rec=0.008937 dis=0.094543 adv=4.526821 lam=0.0001 accD=0.9688
step=5049600 rec=0.008183 dis=0.379148 adv=4.003630 lam=0.0001 accD=0.8125
step=5050400 rec=0.008548 dis=0.068965 adv=4.736780 lam=0.0001 accD=1.0000
step=5051200 rec=0.007716 dis=0.237522 adv=4.698605 lam=0.0001 accD=0.9062
step=5052000 rec=0.008944 dis=0.169217 adv=5.235292 lam=0.0001 accD=0.9375
step=5052800 rec=0.007255 dis=0.166008 adv=4.605597 lam=0.0001 accD=0.9375
step=5053600 rec=0.009180 dis=0.258522 adv=4.777897 lam=0.0001 accD=0.8750
step=5054400 rec=0.008797 dis=0.077019 adv=4.924545 lam=0.0001 accD=1.0000
step=5055200 rec=0.007543 dis=0.136978 adv=4.693179 lam=0.0001 accD=0.9375
step=5056000 rec=0.008552 dis=0.167662 adv=5.232472 lam=0.0001 accD=0.9375
step=5056800 rec=0.008591 dis=0.108079 adv=5.166330 lam=0.0001 accD=0.9688
step=5057600 rec=0.009239 dis=0.117814 adv=5.010212 lam=0.0001 accD=0.9375
step=5058400 rec=0.012106 dis=0.073258 adv=5.187574 lam=0.0001 accD=0.9688
step=5059200 rec=0.008213 dis=0.055984 adv=5.542048 lam=0.0001 accD=1.0000
step=5060000 rec=0.008302 dis=0.146369 adv=5.227627 lam=0.0001 accD=0.8750
step=5060800 rec=0.008326 dis=0.089512 adv=5.649317 lam=0.0001 accD=0.9688
step=5061600 rec=0.009111 dis=0.058211 adv=5.837229 lam=0.0001 accD=0.9688
step=5062400 rec=0.009466 dis=0.174154 adv=4.995265 lam=0.0001 accD=0.9062
step=5063200 rec=0.008383 dis=0.089945 adv=5.032640 lam=0.0001 accD=0.9688
step=5064000 rec=0.008289 dis=0.288269 adv=4.544409 lam=0.0001 accD=0.8750
step=5064800 rec=0.008774 dis=0.083859 adv=5.501634 lam=0.0001 accD=1.0000
step=5065600 rec=0.008598 dis=0.041483 adv=6.310077 lam=0.0001 accD=1.0000
step=5066400 rec=0.009077 dis=0.122175 adv=4.926455 lam=0.0001 accD=0.9375
step=5067200 rec=0.009222 dis=0.199696 adv=4.473432 lam=0.0001 accD=0.9062
step=5068000 rec=0.008056 dis=0.064543 adv=6.156571 lam=0.0001 accD=0.9688
step=5068800 rec=0.007828 dis=0.162796 adv=5.203760 lam=0.0001 accD=0.9375
step=5069600 rec=0.008757 dis=0.105614 adv=5.270643 lam=0.0001 accD=0.9688
step=5070400 rec=0.008563 dis=0.217286 adv=5.265620 lam=0.0001 accD=0.9062
step=5071200 rec=0.008681 dis=0.150704 adv=4.309175 lam=0.0001 accD=0.9062
step=5072000 rec=0.007734 dis=0.139715 adv=4.412472 lam=0.0001 accD=0.9375
step=5072800 rec=0.008906 dis=0.236747 adv=4.367714 lam=0.0001 accD=0.9062
step=5073600 rec=0.008262 dis=0.250185 adv=5.136378 lam=0.0001 accD=0.9062
step=5074400 rec=0.009244 dis=0.125931 adv=5.177001 lam=0.0001 accD=0.9375
step=5075200 rec=0.008003 dis=0.354310 adv=4.922935 lam=0.0001 accD=0.9062
step=5076000 rec=0.008996 dis=0.165891 adv=5.003301 lam=0.0001 accD=0.9375
step=5076800 rec=0.008548 dis=0.197695 adv=4.794004 lam=0.0001 accD=0.9062
step=5077600 rec=0.008297 dis=0.179281 adv=5.127637 lam=0.0001 accD=0.9375
step=5078400 rec=0.007531 dis=0.130174 adv=5.905034 lam=0.0001 accD=0.9375
step=5079200 rec=0.009050 dis=0.167066 adv=4.384703 lam=0.0001 accD=0.9375
step=5080000 rec=0.009597 dis=0.121723 adv=5.826180 lam=0.0001 accD=0.9375
step=5080800 rec=0.009128 dis=0.191544 adv=4.255798 lam=0.0001 accD=0.9375
step=5081600 rec=0.008157 dis=0.265601 adv=4.174022 lam=0.0001 accD=0.8750
step=5082400 rec=0.007949 dis=0.208229 adv=4.323543 lam=0.0001 accD=0.8750
step=5083200 rec=0.007673 dis=0.133994 adv=5.147790 lam=0.0001 accD=0.9688
step=5084000 rec=0.008259 dis=0.221522 adv=5.173454 lam=0.0001 accD=0.8750
step=5084800 rec=0.009107 dis=0.111777 adv=5.710369 lam=0.0001 accD=0.9688
step=5085600 rec=0.008074 dis=0.061075 adv=4.474607 lam=0.0001 accD=1.0000
step=5086400 rec=0.007391 dis=0.228440 adv=5.428192 lam=0.0001 accD=0.8750
step=5087200 rec=0.008396 dis=0.111481 adv=5.370068 lam=0.0001 accD=0.9688
step=5088000 rec=0.008736 dis=0.057976 adv=6.073724 lam=0.0001 accD=1.0000
step=5088800 rec=0.008190 dis=0.322953 adv=4.766555 lam=0.0001 accD=0.8125
step=5089600 rec=0.008408 dis=0.151374 adv=4.474381 lam=0.0001 accD=0.9688
step=5090400 rec=0.008098 dis=0.095738 adv=4.330660 lam=0.0001 accD=1.0000
step=5091200 rec=0.008549 dis=0.381124 adv=4.682801 lam=0.0001 accD=0.8438
step=5092000 rec=0.008722 dis=0.253094 adv=4.750322 lam=0.0001 accD=0.8750
step=5092800 rec=0.008891 dis=0.323297 adv=4.948144 lam=0.0001 accD=0.8750
step=5093600 rec=0.009910 dis=0.473018 adv=4.204125 lam=0.0001 accD=0.7500
step=5094400 rec=0.008153 dis=0.151594 adv=5.419622 lam=0.0001 accD=0.9375
step=5095200 rec=0.008624 dis=0.112354 adv=5.099232 lam=0.0001 accD=0.9688
step=5096000 rec=0.008581 dis=0.096929 adv=5.092180 lam=0.0001 accD=0.9375
step=5096800 rec=0.008070 dis=0.145664 adv=4.549638 lam=0.0001 accD=0.9375
step=5097600 rec=0.008042 dis=0.160089 adv=4.777000 lam=0.0001 accD=0.9375
[VAL] epoch=101 val_rec=0.008285 time_min=1.8
step=5098400 rec=0.009189 dis=0.118968 adv=4.721751 lam=0.0001 accD=0.9375
step=5099200 rec=0.010002 dis=0.195001 adv=4.597446 lam=0.0001 accD=0.9688
step=5100000 rec=0.008898 dis=0.166475 adv=4.555478 lam=0.0001 accD=0.9375
step=5100800 rec=0.009106 dis=0.122476 adv=5.116707 lam=0.0001 accD=0.9375
step=5101600 rec=0.007918 dis=0.126376 adv=5.274421 lam=0.0001 accD=0.9688
step=5102400 rec=0.008660 dis=0.145500 adv=4.815526 lam=0.0001 accD=0.9375
step=5103200 rec=0.009270 dis=0.067864 adv=5.922289 lam=0.0001 accD=0.9688
step=5104000 rec=0.009851 dis=0.170370 adv=5.482216 lam=0.0001 accD=0.9375
step=5104800 rec=0.010275 dis=0.147562 adv=5.610380 lam=0.0001 accD=0.9062
step=5105600 rec=0.009790 dis=0.317697 adv=4.809180 lam=0.0001 accD=0.8438
step=5106400 rec=0.009152 dis=0.078500 adv=5.182731 lam=0.0001 accD=1.0000
step=5107200 rec=0.008486 dis=0.127585 adv=4.474311 lam=0.0001 accD=0.9375
step=5108000 rec=0.008622 dis=0.193169 adv=4.179786 lam=0.0001 accD=0.9062
step=5108800 rec=0.009531 dis=0.178239 adv=4.400626 lam=0.0001 accD=0.9375
step=5109600 rec=0.008148 dis=0.041462 adv=5.048242 lam=0.0001 accD=1.0000
step=5110400 rec=0.007799 dis=0.167439 adv=5.341949 lam=0.0001 accD=0.9062
step=5111200 rec=0.007917 dis=0.105999 adv=5.095902 lam=0.0001 accD=0.9688
step=5112000 rec=0.008952 dis=0.179296 adv=4.543159 lam=0.0001 accD=0.9375
step=5112800 rec=0.008431 dis=0.131855 adv=4.965840 lam=0.0001 accD=0.9375
step=5113600 rec=0.009562 dis=0.098304 adv=5.077510 lam=0.0001 accD=0.9375
step=5114400 rec=0.009408 dis=0.200615 adv=4.584363 lam=0.0001 accD=0.9375
step=5115200 rec=0.008443 dis=0.152166 adv=5.447020 lam=0.0001 accD=0.9375
step=5116000 rec=0.008228 dis=0.118069 adv=4.839924 lam=0.0001 accD=0.9688
step=5116800 rec=0.007719 dis=0.272526 adv=4.093016 lam=0.0001 accD=0.8438
step=5117600 rec=0.009369 dis=0.247624 adv=4.530329 lam=0.0001 accD=0.9375
step=5118400 rec=0.008084 dis=0.299091 adv=4.785551 lam=0.0001 accD=0.9062
step=5119200 rec=0.009462 dis=0.242691 adv=4.293358 lam=0.0001 accD=0.8438
step=5120000 rec=0.008861 dis=0.152708 adv=4.964009 lam=0.0001 accD=0.9062
step=5120800 rec=0.008112 dis=0.272573 adv=5.060410 lam=0.0001 accD=0.9062
step=5121600 rec=0.008588 dis=0.241786 adv=4.749073 lam=0.0001 accD=0.9375
step=5122400 rec=0.008641 dis=0.290549 adv=4.085470 lam=0.0001 accD=0.8750
step=5123200 rec=0.007718 dis=0.160761 adv=4.838345 lam=0.0001 accD=0.9375
step=5124000 rec=0.008856 dis=0.237317 adv=4.804034 lam=0.0001 accD=0.8750
step=5124800 rec=0.007239 dis=0.266628 adv=5.815446 lam=0.0001 accD=0.8750
step=5125600 rec=0.007298 dis=0.210722 adv=4.757226 lam=0.0001 accD=0.9062
step=5126400 rec=0.008951 dis=0.031238 adv=6.235027 lam=0.0001 accD=1.0000
step=5127200 rec=0.009029 dis=0.184745 adv=4.643753 lam=0.0001 accD=0.9062
step=5128000 rec=0.006962 dis=0.192164 adv=4.598657 lam=0.0001 accD=0.8750
step=5128800 rec=0.009399 dis=0.209472 adv=4.586556 lam=0.0001 accD=0.9062
step=5129600 rec=0.009039 dis=0.234920 adv=4.508478 lam=0.0001 accD=0.9062
step=5130400 rec=0.007761 dis=0.123053 adv=5.223950 lam=0.0001 accD=0.9688
step=5131200 rec=0.007836 dis=0.113511 adv=5.224285 lam=0.0001 accD=0.9688
step=5132000 rec=0.008326 dis=0.184541 adv=4.756888 lam=0.0001 accD=0.9375
step=5132800 rec=0.008055 dis=0.124161 adv=5.212249 lam=0.0001 accD=0.9688
step=5133600 rec=0.008052 dis=0.079398 adv=4.718710 lam=0.0001 accD=1.0000
step=5134400 rec=0.010412 dis=0.108191 adv=5.045953 lam=0.0001 accD=0.9375
step=5135200 rec=0.007824 dis=0.046922 adv=5.718046 lam=0.0001 accD=0.9688
step=5136000 rec=0.007656 dis=0.103243 adv=5.428835 lam=0.0001 accD=0.9375
step=5136800 rec=0.008826 dis=0.105323 adv=4.397423 lam=0.0001 accD=0.9688
step=5137600 rec=0.009102 dis=0.158051 adv=5.647633 lam=0.0001 accD=0.9062
step=5138400 rec=0.008202 dis=0.114394 adv=5.213558 lam=0.0001 accD=0.9375
step=5139200 rec=0.008959 dis=0.275848 adv=4.299810 lam=0.0001 accD=0.8750
step=5140000 rec=0.008146 dis=0.085528 adv=4.652936 lam=0.0001 accD=0.9688
step=5140800 rec=0.007775 dis=0.279782 adv=4.799790 lam=0.0001 accD=0.9062
step=5141600 rec=0.008647 dis=0.227096 adv=5.871650 lam=0.0001 accD=0.8750
step=5142400 rec=0.008166 dis=0.120168 adv=5.799289 lam=0.0001 accD=0.9375
step=5143200 rec=0.009466 dis=0.144914 adv=4.938848 lam=0.0001 accD=0.9375
step=5144000 rec=0.007911 dis=0.051637 adv=5.235364 lam=0.0001 accD=0.9688
step=5144800 rec=0.008816 dis=0.202546 adv=4.691187 lam=0.0001 accD=0.9375
step=5145600 rec=0.009022 dis=0.112374 adv=5.224618 lam=0.0001 accD=0.9688
step=5146400 rec=0.008414 dis=0.282126 adv=4.283623 lam=0.0001 accD=0.8125
step=5147200 rec=0.008351 dis=0.287578 adv=4.970347 lam=0.0001 accD=0.8750
step=5148000 rec=0.007738 dis=0.074172 adv=5.003947 lam=0.0001 accD=1.0000
[VAL] epoch=102 val_rec=0.008139 time_min=3.0
step=5148800 rec=0.007772 dis=0.107969 adv=4.948584 lam=0.0001 accD=0.9375
step=5149600 rec=0.009379 dis=0.133710 adv=4.707887 lam=0.0001 accD=0.9375
step=5150400 rec=0.008186 dis=0.218994 adv=4.610633 lam=0.0001 accD=0.9062
step=5151200 rec=0.010512 dis=0.148029 adv=5.121058 lam=0.0001 accD=0.9375
step=5152000 rec=0.008596 dis=0.148287 adv=6.009431 lam=0.0001 accD=0.9375
step=5152800 rec=0.007862 dis=0.091435 adv=4.790956 lam=0.0001 accD=0.9688
step=5153600 rec=0.008775 dis=0.203255 adv=4.027222 lam=0.0001 accD=0.9375
step=5154400 rec=0.007594 dis=0.182294 adv=5.283671 lam=0.0001 accD=0.9062
step=5155200 rec=0.008345 dis=0.205248 adv=4.889586 lam=0.0001 accD=0.8750
step=5156000 rec=0.008518 dis=0.132790 adv=5.168375 lam=0.0001 accD=0.9062
step=5156800 rec=0.007145 dis=0.266019 adv=4.720160 lam=0.0001 accD=0.8750
step=5157600 rec=0.008493 dis=0.218353 adv=4.740635 lam=0.0001 accD=0.8438
step=5158400 rec=0.008329 dis=0.074489 adv=4.745690 lam=0.0001 accD=0.9688
step=5159200 rec=0.008482 dis=0.318323 adv=5.280703 lam=0.0001 accD=0.8438
step=5160000 rec=0.008796 dis=0.185423 adv=5.059210 lam=0.0001 accD=0.9375
step=5160800 rec=0.009751 dis=0.227354 adv=4.756275 lam=0.0001 accD=0.9375
step=5161600 rec=0.009027 dis=0.108678 adv=4.530096 lam=0.0001 accD=0.9688
step=5162400 rec=0.008714 dis=0.049434 adv=4.964757 lam=0.0001 accD=1.0000
step=5163200 rec=0.010275 dis=0.095739 adv=5.124735 lam=0.0001 accD=0.9688
step=5164000 rec=0.009907 dis=0.211887 adv=5.534688 lam=0.0001 accD=0.9375
step=5164800 rec=0.008373 dis=0.107599 adv=4.367701 lam=0.0001 accD=1.0000
step=5165600 rec=0.008868 dis=0.038420 adv=5.847397 lam=0.0001 accD=1.0000
step=5166400 rec=0.007884 dis=0.223015 adv=4.746187 lam=0.0001 accD=0.8750
step=5167200 rec=0.008902 dis=0.192762 adv=4.678662 lam=0.0001 accD=0.9062
step=5168000 rec=0.008475 dis=0.147981 adv=5.086477 lam=0.0001 accD=0.9375
step=5168800 rec=0.008118 dis=0.130531 adv=5.005802 lam=0.0001 accD=0.9375
step=5169600 rec=0.008045 dis=0.135707 adv=4.044710 lam=0.0001 accD=0.9062
step=5170400 rec=0.009362 dis=0.129101 adv=4.899693 lam=0.0001 accD=0.9375
step=5171200 rec=0.007776 dis=0.209190 adv=4.249117 lam=0.0001 accD=0.9062
step=5172000 rec=0.009201 dis=0.197550 adv=5.315146 lam=0.0001 accD=0.8750
step=5172800 rec=0.008420 dis=0.114155 adv=4.547904 lam=0.0001 accD=0.9688
step=5173600 rec=0.007405 dis=0.113904 adv=5.131461 lam=0.0001 accD=0.9375
step=5174400 rec=0.007896 dis=0.108153 adv=5.549795 lam=0.0001 accD=0.9688
step=5175200 rec=0.007426 dis=0.252698 adv=4.787621 lam=0.0001 accD=0.8750
step=5176000 rec=0.007484 dis=0.119034 adv=4.905789 lam=0.0001 accD=0.9688
step=5176800 rec=0.008008 dis=0.107876 adv=4.678106 lam=0.0001 accD=0.9375
step=5177600 rec=0.009050 dis=0.236778 adv=4.602527 lam=0.0001 accD=0.9062
step=5178400 rec=0.007194 dis=0.222161 adv=5.080021 lam=0.0001 accD=0.9062
step=5179200 rec=0.008265 dis=0.076666 adv=4.723396 lam=0.0001 accD=1.0000
step=5180000 rec=0.008269 dis=0.123872 adv=5.850278 lam=0.0001 accD=0.9375
step=5180800 rec=0.008018 dis=0.089908 adv=4.872145 lam=0.0001 accD=0.9688
step=5181600 rec=0.007754 dis=0.124789 adv=5.004450 lam=0.0001 accD=0.9688
step=5182400 rec=0.007530 dis=0.326898 adv=4.654316 lam=0.0001 accD=0.8438
step=5183200 rec=0.008708 dis=0.222139 adv=4.881557 lam=0.0001 accD=0.9062
step=5184000 rec=0.009698 dis=0.121627 adv=5.561674 lam=0.0001 accD=0.9375
step=5184800 rec=0.008803 dis=0.114965 adv=4.872407 lam=0.0001 accD=0.9688
step=5185600 rec=0.009762 dis=0.167218 adv=5.389194 lam=0.0001 accD=0.9062
step=5186400 rec=0.008469 dis=0.227206 adv=5.223943 lam=0.0001 accD=0.9062
step=5187200 rec=0.009277 dis=0.143172 adv=4.851322 lam=0.0001 accD=0.9375
step=5188000 rec=0.009248 dis=0.108450 adv=5.062269 lam=0.0001 accD=0.9375
step=5188800 rec=0.008691 dis=0.129205 adv=4.785901 lam=0.0001 accD=0.9375
step=5189600 rec=0.008401 dis=0.188112 adv=4.876743 lam=0.0001 accD=0.9062
step=5190400 rec=0.008479 dis=0.148249 adv=4.750606 lam=0.0001 accD=0.9375
step=5191200 rec=0.008301 dis=0.317514 adv=4.915324 lam=0.0001 accD=0.8125
step=5192000 rec=0.008729 dis=0.202008 adv=4.982345 lam=0.0001 accD=0.9375
step=5192800 rec=0.008645 dis=0.096995 adv=4.989188 lam=0.0001 accD=0.9688
step=5193600 rec=0.008695 dis=0.146136 adv=4.758802 lam=0.0001 accD=0.9375
step=5194400 rec=0.007981 dis=0.145429 adv=5.245760 lam=0.0001 accD=0.9688
step=5195200 rec=0.007484 dis=0.215724 adv=4.589033 lam=0.0001 accD=0.8750
step=5196000 rec=0.007708 dis=0.167696 adv=4.732168 lam=0.0001 accD=0.9688
step=5196800 rec=0.007506 dis=0.081230 adv=5.323341 lam=0.0001 accD=0.9688
step=5197600 rec=0.007229 dis=0.130585 adv=4.644808 lam=0.0001 accD=0.9688
[VAL] epoch=103 val_rec=0.008314 time_min=3.4
step=5198400 rec=0.008243 dis=0.084641 adv=5.894639 lam=0.0001 accD=0.9375
step=5199200 rec=0.008398 dis=0.113321 adv=5.116274 lam=0.0001 accD=0.9375
