RUN=Smiling_256 device=cuda attr_idx=10 batch=32
step=0 rec=0.546720 dis=0.715021 adv=0.880760 lam=0 accD=0.4375
step=200 rec=0.069228 dis=0.569430 adv=1.304018 lam=4e-08 accD=0.6875
step=400 rec=0.053207 dis=0.629331 adv=1.445796 lam=8e-08 accD=0.6250
step=600 rec=0.044857 dis=0.564016 adv=2.076396 lam=1.2e-07 accD=0.7812
step=800 rec=0.039751 dis=0.276859 adv=2.597595 lam=1.6e-07 accD=0.8750
step=1000 rec=0.040141 dis=0.253729 adv=2.414417 lam=2e-07 accD=0.9062
step=1200 rec=0.029255 dis=0.263300 adv=2.627234 lam=2.4e-07 accD=0.8750
step=1400 rec=0.032697 dis=0.173727 adv=2.879345 lam=2.8e-07 accD=0.9688
[VAL] epoch=0 val_rec=0.029732 time_min=1.1
step=1600 rec=0.035370 dis=0.412269 adv=2.329653 lam=3.2e-07 accD=0.8438
step=1800 rec=0.029106 dis=0.346745 adv=2.941833 lam=3.6e-07 accD=0.8750
step=2000 rec=0.029125 dis=0.212870 adv=2.983442 lam=4e-07 accD=0.9062
step=2200 rec=0.029536 dis=0.289332 adv=2.658675 lam=4.4e-07 accD=0.8750
step=2400 rec=0.030073 dis=0.266808 adv=2.787173 lam=4.8e-07 accD=0.9062
step=2600 rec=0.032739 dis=0.356809 adv=2.479921 lam=5.2e-07 accD=0.8438
step=2800 rec=0.028050 dis=0.189283 adv=3.133633 lam=5.6e-07 accD=0.9062
step=3000 rec=0.025732 dis=0.380933 adv=2.777563 lam=6e-07 accD=0.8125
[VAL] epoch=1 val_rec=0.024335 time_min=1.2
step=3200 rec=0.029489 dis=0.256281 adv=2.852416 lam=6.4e-07 accD=0.8438
step=3400 rec=0.020689 dis=0.325301 adv=2.849467 lam=6.8e-07 accD=0.8125
step=3600 rec=0.042293 dis=0.242497 adv=3.188433 lam=7.2e-07 accD=0.9062
step=3800 rec=0.025198 dis=0.317862 adv=3.036556 lam=7.6e-07 accD=0.9062
step=4000 rec=0.032209 dis=0.350527 adv=2.953691 lam=8e-07 accD=0.8438
step=4200 rec=0.031783 dis=0.343700 adv=2.605595 lam=8.4e-07 accD=0.9062
step=4400 rec=0.026724 dis=0.190537 adv=3.576649 lam=8.8e-07 accD=0.8750
step=4600 rec=0.025669 dis=0.210954 adv=3.260269 lam=9.2e-07 accD=0.9375
[VAL] epoch=2 val_rec=0.022447 time_min=1.1
step=4800 rec=0.023613 dis=0.361697 adv=3.156749 lam=9.6e-07 accD=0.9062
step=5000 rec=0.020547 dis=0.406602 adv=2.797657 lam=1e-06 accD=0.8438
step=5200 rec=0.022699 dis=0.267200 adv=3.317394 lam=1.04e-06 accD=0.8750
step=5400 rec=0.025749 dis=0.463995 adv=2.989418 lam=1.08e-06 accD=0.7812
step=5600 rec=0.025617 dis=0.394704 adv=2.837451 lam=1.12e-06 accD=0.8750
step=5800 rec=0.028662 dis=0.168023 adv=3.190659 lam=1.16e-06 accD=0.9375
step=6000 rec=0.019477 dis=0.248036 adv=3.333283 lam=1.2e-06 accD=0.8750
step=6200 rec=0.021661 dis=0.173302 adv=3.449995 lam=1.24e-06 accD=0.9375
[VAL] epoch=3 val_rec=0.020648 time_min=1.2
step=6400 rec=0.025486 dis=0.178254 adv=3.597969 lam=1.28e-06 accD=0.9062
step=6600 rec=0.020400 dis=0.302412 adv=3.050707 lam=1.32e-06 accD=0.8750
step=6800 rec=0.023088 dis=0.268801 adv=3.307374 lam=1.36e-06 accD=0.8438
step=7000 rec=0.020438 dis=0.304792 adv=3.498824 lam=1.4e-06 accD=0.8750
step=7200 rec=0.019954 dis=0.407616 adv=2.830533 lam=1.44e-06 accD=0.8750
step=7400 rec=0.022403 dis=0.196117 adv=3.249421 lam=1.48e-06 accD=0.9062
step=7600 rec=0.019683 dis=0.194842 adv=3.180314 lam=1.52e-06 accD=0.9688
step=7800 rec=0.023389 dis=0.258766 adv=2.964964 lam=1.56e-06 accD=0.8750
[VAL] epoch=4 val_rec=0.020116 time_min=1.1
step=8000 rec=0.019138 dis=0.257787 adv=3.103333 lam=1.6e-06 accD=0.9062
step=8200 rec=0.018033 dis=0.256661 adv=3.184855 lam=1.64e-06 accD=0.9062
step=8400 rec=0.017037 dis=0.253632 adv=3.238816 lam=1.68e-06 accD=0.9062
step=8600 rec=0.018270 dis=0.356606 adv=3.326175 lam=1.72e-06 accD=0.8438
step=8800 rec=0.024697 dis=0.271222 adv=2.909862 lam=1.76e-06 accD=0.9062
step=9000 rec=0.021664 dis=0.261382 adv=2.992820 lam=1.8e-06 accD=0.9375
step=9200 rec=0.018407 dis=0.266360 adv=3.234295 lam=1.84e-06 accD=0.8125
[VAL] epoch=5 val_rec=0.018427 time_min=1.2
step=9400 rec=0.022676 dis=0.189546 adv=3.431740 lam=1.88e-06 accD=0.9062
step=9600 rec=0.017728 dis=0.112290 adv=3.874449 lam=1.92e-06 accD=0.9375
step=9800 rec=0.020719 dis=0.317339 adv=3.231913 lam=1.96e-06 accD=0.8125
step=10000 rec=0.020391 dis=0.288650 adv=3.176848 lam=2e-06 accD=0.8438
step=10200 rec=0.016337 dis=0.469292 adv=3.034699 lam=2.04e-06 accD=0.8438
step=10400 rec=0.016779 dis=0.154445 adv=3.760382 lam=2.08e-06 accD=0.9375
step=10600 rec=0.020164 dis=0.410880 adv=3.603482 lam=2.12e-06 accD=0.8750
step=10800 rec=0.014698 dis=0.293283 adv=3.262598 lam=2.16e-06 accD=0.8438
[VAL] epoch=6 val_rec=0.017049 time_min=1.1
step=11000 rec=0.017290 dis=0.228664 adv=3.232038 lam=2.2e-06 accD=0.8750
step=11200 rec=0.018313 dis=0.382926 adv=3.672177 lam=2.24e-06 accD=0.7812
step=11400 rec=0.017758 dis=0.273916 adv=3.673895 lam=2.28e-06 accD=0.9062
step=11600 rec=0.017933 dis=0.316150 adv=3.380490 lam=2.32e-06 accD=0.8438
step=11800 rec=0.016399 dis=0.343387 adv=3.030843 lam=2.36e-06 accD=0.8438
step=12000 rec=0.019339 dis=0.349503 adv=3.535585 lam=2.4e-06 accD=0.9062
step=12200 rec=0.018052 dis=0.343668 adv=3.336504 lam=2.44e-06 accD=0.8750
step=12400 rec=0.016598 dis=0.075657 adv=4.105035 lam=2.48e-06 accD=0.9688
[VAL] epoch=7 val_rec=0.016057 time_min=1.2
step=12600 rec=0.016674 dis=0.299879 adv=3.759586 lam=2.52e-06 accD=0.8438
step=12800 rec=0.018232 dis=0.111603 adv=3.763190 lam=2.56e-06 accD=1.0000
step=13000 rec=0.024218 dis=0.241325 adv=3.910780 lam=2.6e-06 accD=0.8750
step=13200 rec=0.016998 dis=0.472622 adv=3.356015 lam=2.64e-06 accD=0.7500
step=13400 rec=0.016767 dis=0.131315 adv=3.848673 lam=2.68e-06 accD=0.9062
step=13600 rec=0.016542 dis=0.233482 adv=3.665168 lam=2.72e-06 accD=0.9062
step=13800 rec=0.016499 dis=0.240034 adv=3.969276 lam=2.76e-06 accD=0.8750
step=14000 rec=0.017066 dis=0.314977 adv=3.131930 lam=2.8e-06 accD=0.7812
[VAL] epoch=8 val_rec=0.015255 time_min=1.1
step=14200 rec=0.016194 dis=0.253431 adv=3.569520 lam=2.84e-06 accD=0.9062
step=14400 rec=0.018486 dis=0.300294 adv=3.623729 lam=2.88e-06 accD=0.9375
step=14600 rec=0.016565 dis=0.258321 adv=3.498141 lam=2.92e-06 accD=0.9062
step=14800 rec=0.016965 dis=0.199383 adv=3.436426 lam=2.96e-06 accD=0.9062
step=15000 rec=0.017323 dis=0.392674 adv=3.311783 lam=3e-06 accD=0.7500
step=15200 rec=0.016620 dis=0.270678 adv=3.784370 lam=3.04e-06 accD=0.8750
step=15400 rec=0.015185 dis=0.312155 adv=4.248972 lam=3.08e-06 accD=0.9062
step=15600 rec=0.016328 dis=0.281093 adv=3.978567 lam=3.12e-06 accD=0.8125
[VAL] epoch=9 val_rec=0.015892 time_min=1.2
step=15800 rec=0.014229 dis=0.158474 adv=3.949909 lam=3.16e-06 accD=0.8750
step=16000 rec=0.014822 dis=0.079761 adv=4.685549 lam=3.2e-06 accD=1.0000
step=16200 rec=0.015959 dis=0.187606 adv=4.061154 lam=3.24e-06 accD=0.9375
step=16400 rec=0.016522 dis=0.335717 adv=4.099707 lam=3.28e-06 accD=0.8438
step=16600 rec=0.016732 dis=0.154620 adv=3.870245 lam=3.32e-06 accD=0.9688
step=16800 rec=0.014155 dis=0.286037 adv=3.812844 lam=3.36e-06 accD=0.9062
step=17000 rec=0.016476 dis=0.233693 adv=3.497041 lam=3.4e-06 accD=0.9062
[VAL] epoch=10 val_rec=0.014694 time_min=1.1
step=17200 rec=0.015970 dis=0.211545 adv=3.844512 lam=3.44e-06 accD=0.8750
step=17400 rec=0.015393 dis=0.177206 adv=3.802051 lam=3.48e-06 accD=0.8750
step=17600 rec=0.016670 dis=0.435857 adv=3.141236 lam=3.52e-06 accD=0.7812
step=17800 rec=0.014050 dis=0.258117 adv=3.917595 lam=3.56e-06 accD=0.9062
step=18000 rec=0.015906 dis=0.270383 adv=3.369728 lam=3.6e-06 accD=0.9375
step=18200 rec=0.014054 dis=0.230380 adv=4.146718 lam=3.64e-06 accD=0.8438
step=18400 rec=0.012960 dis=0.311020 adv=3.898728 lam=3.68e-06 accD=0.8750
step=18600 rec=0.014613 dis=0.413873 adv=3.420163 lam=3.72e-06 accD=0.8125
[VAL] epoch=11 val_rec=0.014159 time_min=1.2
step=18800 rec=0.013954 dis=0.076238 adv=4.793437 lam=3.76e-06 accD=1.0000
step=19000 rec=0.013435 dis=0.096976 adv=4.280975 lam=3.8e-06 accD=1.0000
step=19200 rec=0.014428 dis=0.166691 adv=4.351825 lam=3.84e-06 accD=0.9375
step=19400 rec=0.015128 dis=0.206325 adv=3.440891 lam=3.88e-06 accD=0.9062
step=19600 rec=0.016167 dis=0.246271 adv=4.211074 lam=3.92e-06 accD=0.8438
step=19800 rec=0.017191 dis=0.279327 adv=3.126610 lam=3.96e-06 accD=0.8750
step=20000 rec=0.016841 dis=0.282223 adv=3.630129 lam=4e-06 accD=0.8438
step=20200 rec=0.014460 dis=0.191771 adv=3.955559 lam=4.04e-06 accD=0.9375
[VAL] epoch=12 val_rec=0.013797 time_min=1.2
step=20400 rec=0.016133 dis=0.086687 adv=4.357318 lam=4.08e-06 accD=0.9375
step=20600 rec=0.015357 dis=0.073970 adv=3.773638 lam=4.12e-06 accD=1.0000
step=20800 rec=0.012514 dis=0.395413 adv=3.857707 lam=4.16e-06 accD=0.8438
step=21000 rec=0.016706 dis=0.194791 adv=3.513693 lam=4.2e-06 accD=0.9062
step=21200 rec=0.012896 dis=0.113635 adv=4.158524 lam=4.24e-06 accD=0.9688
step=21400 rec=0.015543 dis=0.161703 adv=3.739088 lam=4.28e-06 accD=0.9375
step=21600 rec=0.013906 dis=0.228547 adv=3.856128 lam=4.32e-06 accD=0.8750
step=21800 rec=0.016754 dis=0.217744 adv=3.892757 lam=4.36e-06 accD=0.8438
[VAL] epoch=13 val_rec=0.013869 time_min=1.2
step=22000 rec=0.012047 dis=0.285075 adv=4.158657 lam=4.4e-06 accD=0.9375
step=22200 rec=0.013322 dis=0.322176 adv=3.719280 lam=4.44e-06 accD=0.8750
step=22400 rec=0.015845 dis=0.146688 adv=3.823969 lam=4.48e-06 accD=0.9375
step=22600 rec=0.013130 dis=0.117675 adv=4.239963 lam=4.52e-06 accD=0.9688
step=22800 rec=0.015243 dis=0.112082 adv=4.199981 lam=4.56e-06 accD=0.9375
step=23000 rec=0.014349 dis=0.117702 adv=4.540592 lam=4.6e-06 accD=0.9688
step=23200 rec=0.013542 dis=0.188265 adv=4.348064 lam=4.64e-06 accD=0.9062
step=23400 rec=0.011702 dis=0.227788 adv=3.897905 lam=4.68e-06 accD=0.8438
[VAL] epoch=14 val_rec=0.014711 time_min=1.2
step=23600 rec=0.013770 dis=0.128998 adv=4.505607 lam=4.72e-06 accD=0.9375
step=23800 rec=0.013018 dis=0.243590 adv=4.081554 lam=4.76e-06 accD=0.8750
step=24000 rec=0.012840 dis=0.181768 adv=4.361079 lam=4.8e-06 accD=0.9375
step=24200 rec=0.016006 dis=0.219573 adv=3.211757 lam=4.84e-06 accD=0.8750
step=24400 rec=0.014347 dis=0.063023 adv=5.006451 lam=4.88e-06 accD=1.0000
step=24600 rec=0.014740 dis=0.167179 adv=4.107329 lam=4.92e-06 accD=0.9375
step=24800 rec=0.012039 dis=0.146956 adv=4.329357 lam=4.96e-06 accD=0.8750
[VAL] epoch=15 val_rec=0.013500 time_min=1.2
step=25000 rec=0.013077 dis=0.317171 adv=3.566414 lam=5e-06 accD=0.8750
step=25200 rec=0.013882 dis=0.120897 adv=4.440855 lam=5.04e-06 accD=0.9375
step=25400 rec=0.016105 dis=0.154928 adv=4.214068 lam=5.08e-06 accD=0.9375
step=25600 rec=0.015058 dis=0.121430 adv=4.708385 lam=5.12e-06 accD=0.9688
step=25800 rec=0.014334 dis=0.084261 adv=4.586287 lam=5.16e-06 accD=1.0000
step=26000 rec=0.013534 dis=0.340869 adv=4.507772 lam=5.2e-06 accD=0.7812
step=26200 rec=0.013724 dis=0.177090 adv=4.403867 lam=5.24e-06 accD=0.9688
step=26400 rec=0.013796 dis=0.228986 adv=4.364689 lam=5.28e-06 accD=0.8438
[VAL] epoch=16 val_rec=0.013090 time_min=1.1
step=26600 rec=0.013607 dis=0.297615 adv=4.280255 lam=5.32e-06 accD=0.8750
step=26800 rec=0.014452 dis=0.173367 adv=5.067952 lam=5.36e-06 accD=0.9375
step=27000 rec=0.011133 dis=0.134357 adv=4.349502 lam=5.4e-06 accD=0.9375
step=27200 rec=0.011732 dis=0.163091 adv=4.137475 lam=5.44e-06 accD=0.9062
step=27400 rec=0.013678 dis=0.256440 adv=4.336334 lam=5.48e-06 accD=0.8750
step=27600 rec=0.017987 dis=0.140367 adv=4.631160 lam=5.52e-06 accD=0.9375
step=27800 rec=0.014667 dis=0.346815 adv=4.009052 lam=5.56e-06 accD=0.8750
step=28000 rec=0.014000 dis=0.251523 adv=4.457508 lam=5.6e-06 accD=0.8438
[VAL] epoch=17 val_rec=0.013236 time_min=1.2
step=28200 rec=0.012683 dis=0.504368 adv=3.457361 lam=5.64e-06 accD=0.7812
step=28400 rec=0.014080 dis=0.061099 adv=4.868358 lam=5.68e-06 accD=1.0000
step=28600 rec=0.014081 dis=0.191290 adv=4.434896 lam=5.72e-06 accD=0.9062
step=28800 rec=0.012834 dis=0.217897 adv=4.682264 lam=5.76e-06 accD=0.9375
step=29000 rec=0.013995 dis=0.159652 adv=4.657720 lam=5.8e-06 accD=0.9375
step=29200 rec=0.013223 dis=0.205761 adv=4.281813 lam=5.84e-06 accD=0.9062
step=29400 rec=0.013039 dis=0.137359 adv=4.579774 lam=5.88e-06 accD=0.9375
step=29600 rec=0.012658 dis=0.133250 adv=4.680108 lam=5.92e-06 accD=0.9375
[VAL] epoch=18 val_rec=0.016517 time_min=1.1
step=29800 rec=0.012718 dis=0.126147 adv=4.085914 lam=5.96e-06 accD=0.9375
step=30000 rec=0.013601 dis=0.139068 adv=4.153869 lam=6e-06 accD=0.9688
step=30200 rec=0.011417 dis=0.348785 adv=3.400387 lam=6.04e-06 accD=0.7812
step=30400 rec=0.012946 dis=0.072718 adv=5.010354 lam=6.08e-06 accD=1.0000
step=30600 rec=0.012928 dis=0.227086 adv=3.989527 lam=6.12e-06 accD=0.8438
step=30800 rec=0.015792 dis=0.273596 adv=3.964735 lam=6.16e-06 accD=0.9062
step=31000 rec=0.014582 dis=0.213454 adv=4.227449 lam=6.2e-06 accD=0.9375
step=31200 rec=0.013571 dis=0.369659 adv=4.166284 lam=6.24e-06 accD=0.7812
[VAL] epoch=19 val_rec=0.012596 time_min=1.2
step=31400 rec=0.013481 dis=0.181215 adv=4.687732 lam=6.28e-06 accD=0.9062
step=31600 rec=0.012846 dis=0.298521 adv=4.541847 lam=6.32e-06 accD=0.8750
step=31800 rec=0.013011 dis=0.228606 adv=4.181086 lam=6.36e-06 accD=0.9375
step=32000 rec=0.011494 dis=0.191627 adv=4.622499 lam=6.4e-06 accD=0.9062
step=32200 rec=0.013463 dis=0.192599 adv=4.412727 lam=6.44e-06 accD=0.9062
step=32400 rec=0.011680 dis=0.408850 adv=3.991976 lam=6.48e-06 accD=0.8750
step=32600 rec=0.013355 dis=0.231990 adv=4.157253 lam=6.52e-06 accD=0.8750
step=32800 rec=0.013531 dis=0.142541 adv=4.739504 lam=6.56e-06 accD=0.9062
[VAL] epoch=20 val_rec=0.012487 time_min=1.2
step=33000 rec=0.012099 dis=0.177187 adv=4.502090 lam=6.6e-06 accD=0.9062
step=33200 rec=0.011773 dis=0.177160 adv=4.563964 lam=6.64e-06 accD=0.8750
step=33400 rec=0.013164 dis=0.184018 adv=4.845574 lam=6.68e-06 accD=0.9375
step=33600 rec=0.013853 dis=0.322844 adv=4.564870 lam=6.72e-06 accD=0.9062
step=33800 rec=0.012444 dis=0.169825 adv=4.630259 lam=6.76e-06 accD=0.9688
step=34000 rec=0.013382 dis=0.075285 adv=4.576269 lam=6.8e-06 accD=1.0000
step=34200 rec=0.013033 dis=0.454812 adv=3.932711 lam=6.84e-06 accD=0.8125
[VAL] epoch=21 val_rec=0.011875 time_min=1.2
step=34400 rec=0.012473 dis=0.235004 adv=4.602408 lam=6.88e-06 accD=0.9062
step=34600 rec=0.014713 dis=0.509358 adv=4.024566 lam=6.92e-06 accD=0.7500
step=34800 rec=0.018603 dis=0.075855 adv=4.516145 lam=6.96e-06 accD=1.0000
step=35000 rec=0.011070 dis=0.161495 adv=5.161126 lam=7e-06 accD=0.9375
step=35200 rec=0.010863 dis=0.240606 adv=3.767711 lam=7.04e-06 accD=0.9062
step=35400 rec=0.011581 dis=0.188617 adv=3.762450 lam=7.08e-06 accD=0.9375
step=35600 rec=0.011038 dis=0.096142 adv=5.208693 lam=7.12e-06 accD=1.0000
step=35800 rec=0.013088 dis=0.132344 adv=4.403633 lam=7.16e-06 accD=0.9688
[VAL] epoch=22 val_rec=0.012029 time_min=1.2
step=36000 rec=0.011332 dis=0.237255 adv=4.688814 lam=7.2e-06 accD=0.9062
step=36200 rec=0.013842 dis=0.095217 adv=4.808657 lam=7.24e-06 accD=0.9688
step=36400 rec=0.013033 dis=0.230641 adv=4.500175 lam=7.28e-06 accD=0.8438
step=36600 rec=0.010710 dis=0.249899 adv=4.106646 lam=7.32e-06 accD=0.9062
step=36800 rec=0.011576 dis=0.229829 adv=3.764544 lam=7.36e-06 accD=0.9062
step=37000 rec=0.012977 dis=0.235615 adv=4.026863 lam=7.4e-06 accD=0.8750
step=37200 rec=0.013321 dis=0.112802 adv=4.298170 lam=7.44e-06 accD=0.9688
step=37400 rec=0.013696 dis=0.261234 adv=3.993536 lam=7.48e-06 accD=0.8750
[VAL] epoch=23 val_rec=0.012230 time_min=1.2
step=37600 rec=0.011808 dis=0.110693 adv=4.878772 lam=7.52e-06 accD=0.9688
step=37800 rec=0.010368 dis=0.160447 adv=4.502889 lam=7.56e-06 accD=0.9062
step=38000 rec=0.010060 dis=0.096529 adv=4.476282 lam=7.6e-06 accD=0.9688
step=38200 rec=0.011646 dis=0.265094 adv=4.435868 lam=7.64e-06 accD=0.9062
step=38400 rec=0.012517 dis=0.319300 adv=4.365820 lam=7.68e-06 accD=0.8750
step=38600 rec=0.012365 dis=0.053317 adv=5.820488 lam=7.72e-06 accD=1.0000
step=38800 rec=0.011431 dis=0.266399 adv=4.053951 lam=7.76e-06 accD=0.8438
step=39000 rec=0.013777 dis=0.258826 adv=4.666720 lam=7.8e-06 accD=0.8438
[VAL] epoch=24 val_rec=0.011566 time_min=1.2
step=39200 rec=0.012329 dis=0.357779 adv=3.761425 lam=7.84e-06 accD=0.7812
step=39400 rec=0.012365 dis=0.140034 adv=4.519723 lam=7.88e-06 accD=0.9688
step=39600 rec=0.011638 dis=0.142130 adv=4.202208 lam=7.92e-06 accD=0.9375
step=39800 rec=0.013586 dis=0.101173 adv=4.293727 lam=7.96e-06 accD=0.9688
step=40000 rec=0.010681 dis=0.309845 adv=3.952644 lam=8e-06 accD=0.8438
step=40200 rec=0.011394 dis=0.408844 adv=4.396796 lam=8.04e-06 accD=0.8125
step=40400 rec=0.011097 dis=0.300680 adv=4.389439 lam=8.08e-06 accD=0.8438
step=40600 rec=0.011245 dis=0.133841 adv=4.938655 lam=8.12e-06 accD=0.9375
[VAL] epoch=25 val_rec=0.012347 time_min=1.1
step=40800 rec=0.011404 dis=0.243093 adv=4.002917 lam=8.16e-06 accD=0.9062
step=41000 rec=0.015115 dis=0.121234 adv=5.134436 lam=8.2e-06 accD=0.9375
step=41200 rec=0.011383 dis=0.202547 adv=4.675448 lam=8.24e-06 accD=0.9375
step=41400 rec=0.013166 dis=0.178527 adv=4.907411 lam=8.28e-06 accD=0.9375
step=41600 rec=0.010659 dis=0.118703 adv=4.666943 lam=8.32e-06 accD=0.9062
step=41800 rec=0.010853 dis=0.361958 adv=4.968677 lam=8.36e-06 accD=0.8750
step=42000 rec=0.012351 dis=0.148317 adv=4.237864 lam=8.4e-06 accD=0.8750
[VAL] epoch=26 val_rec=0.011325 time_min=1.2
step=42200 rec=0.013301 dis=0.157595 adv=4.685242 lam=8.44e-06 accD=0.9375
step=42400 rec=0.011296 dis=0.169793 adv=4.294786 lam=8.48e-06 accD=0.9375
step=42600 rec=0.012411 dis=0.035263 adv=5.606763 lam=8.52e-06 accD=1.0000
step=42800 rec=0.010708 dis=0.138548 adv=4.871716 lam=8.56e-06 accD=0.9375
step=43000 rec=0.011356 dis=0.273876 adv=3.914318 lam=8.6e-06 accD=0.8750
step=43200 rec=0.011649 dis=0.233273 adv=4.385915 lam=8.64e-06 accD=0.9375
step=43400 rec=0.011416 dis=0.475889 adv=4.548615 lam=8.68e-06 accD=0.8125
step=43600 rec=0.011533 dis=0.525680 adv=3.853659 lam=8.72e-06 accD=0.8125
[VAL] epoch=27 val_rec=0.011017 time_min=1.1
step=43800 rec=0.012349 dis=0.095100 adv=5.273023 lam=8.76e-06 accD=0.9688
step=44000 rec=0.010907 dis=0.423207 adv=3.684552 lam=8.8e-06 accD=0.8438
step=44200 rec=0.010457 dis=0.198363 adv=4.830298 lam=8.84e-06 accD=0.9375
step=44400 rec=0.010531 dis=0.288088 adv=4.781209 lam=8.88e-06 accD=0.8750
step=44600 rec=0.012566 dis=0.065481 adv=5.784729 lam=8.92e-06 accD=0.9688
step=44800 rec=0.009482 dis=0.064116 adv=5.335763 lam=8.96e-06 accD=1.0000
step=45000 rec=0.011862 dis=0.098034 adv=5.053276 lam=9e-06 accD=0.9688
step=45200 rec=0.012599 dis=0.498331 adv=3.936403 lam=9.04e-06 accD=0.8438
[VAL] epoch=28 val_rec=0.011121 time_min=1.2
step=45400 rec=0.012358 dis=0.276511 adv=4.764103 lam=9.08e-06 accD=0.8750
step=45600 rec=0.012602 dis=0.144733 adv=3.868618 lam=9.12e-06 accD=0.9375
step=45800 rec=0.012634 dis=0.204536 adv=4.052922 lam=9.16e-06 accD=0.9375
step=46000 rec=0.013122 dis=0.156641 adv=4.837850 lam=9.2e-06 accD=0.9062
step=46200 rec=0.011947 dis=0.351646 adv=4.404768 lam=9.24e-06 accD=0.9375
step=46400 rec=0.008597 dis=0.086626 adv=4.777683 lam=9.28e-06 accD=0.9688
step=46600 rec=0.014281 dis=0.139811 adv=4.447364 lam=9.32e-06 accD=0.9688
step=46800 rec=0.014241 dis=0.226829 adv=4.240637 lam=9.36e-06 accD=0.9375
[VAL] epoch=29 val_rec=0.011113 time_min=1.2
step=47000 rec=0.010832 dis=0.111702 adv=4.550106 lam=9.4e-06 accD=0.9688
step=47200 rec=0.013481 dis=0.256150 adv=4.027955 lam=9.44e-06 accD=0.8438
step=47400 rec=0.012395 dis=0.388267 adv=4.160001 lam=9.48e-06 accD=0.8750
step=47600 rec=0.010185 dis=0.167838 adv=4.277948 lam=9.52e-06 accD=0.9688
step=47800 rec=0.013203 dis=0.256032 adv=4.561850 lam=9.56e-06 accD=0.9062
step=48000 rec=0.011175 dis=0.326036 adv=3.741390 lam=9.6e-06 accD=0.8438
step=48200 rec=0.010528 dis=0.333325 adv=4.535257 lam=9.64e-06 accD=0.9062
step=48400 rec=0.012289 dis=0.140625 adv=4.950201 lam=9.68e-06 accD=0.9688
[VAL] epoch=30 val_rec=0.010772 time_min=1.2
step=48600 rec=0.008827 dis=0.027580 adv=5.892244 lam=9.72e-06 accD=1.0000
step=48800 rec=0.011479 dis=0.222010 adv=4.079019 lam=9.76e-06 accD=0.9375
step=49000 rec=0.009614 dis=0.329404 adv=3.819788 lam=9.8e-06 accD=0.8438
step=49200 rec=0.011274 dis=0.165466 adv=4.642851 lam=9.84e-06 accD=0.9375
step=49400 rec=0.011499 dis=0.175469 adv=4.675491 lam=9.88e-06 accD=0.9062
step=49600 rec=0.012550 dis=0.090753 adv=5.236978 lam=9.92e-06 accD=1.0000
step=49800 rec=0.012086 dis=0.172862 adv=4.175897 lam=9.96e-06 accD=0.8750
[VAL] epoch=31 val_rec=0.010582 time_min=1.1
step=50000 rec=0.009749 dis=0.355441 adv=4.508877 lam=1e-05 accD=0.7812
step=50200 rec=0.011531 dis=0.193398 adv=4.759039 lam=1.004e-05 accD=0.9375
step=50400 rec=0.009574 dis=0.063624 adv=4.817822 lam=1.008e-05 accD=1.0000
step=50600 rec=0.010606 dis=0.146850 adv=4.845633 lam=1.012e-05 accD=0.9062
step=50800 rec=0.011078 dis=0.068974 adv=5.177987 lam=1.016e-05 accD=0.9688
step=51000 rec=0.011914 dis=0.075406 adv=5.366307 lam=1.02e-05 accD=0.9688
step=51200 rec=0.011363 dis=0.149143 adv=4.420630 lam=1.024e-05 accD=0.9688
step=51400 rec=0.009869 dis=0.099353 adv=4.597085 lam=1.028e-05 accD=0.9688
[VAL] epoch=32 val_rec=0.010494 time_min=1.2
step=51600 rec=0.014117 dis=0.265890 adv=4.924079 lam=1.032e-05 accD=0.9375
step=51800 rec=0.010282 dis=0.103533 adv=4.760271 lam=1.036e-05 accD=0.9688
step=52000 rec=0.010087 dis=0.065228 adv=5.126853 lam=1.04e-05 accD=1.0000
step=52200 rec=0.012623 dis=0.102373 adv=4.225433 lam=1.044e-05 accD=1.0000
step=52400 rec=0.011379 dis=0.235983 adv=4.231365 lam=1.048e-05 accD=0.8750
step=52600 rec=0.011005 dis=0.176721 adv=4.200141 lam=1.052e-05 accD=0.9375
step=52800 rec=0.010295 dis=0.172690 adv=4.105748 lam=1.056e-05 accD=0.9375
step=53000 rec=0.011776 dis=0.132627 adv=4.788776 lam=1.06e-05 accD=0.9375
[VAL] epoch=33 val_rec=0.010468 time_min=1.2
step=53200 rec=0.008961 dis=0.088895 adv=5.200801 lam=1.064e-05 accD=1.0000
step=53400 rec=0.009690 dis=0.135663 adv=4.726512 lam=1.068e-05 accD=0.9375
step=53600 rec=0.012302 dis=0.111469 adv=4.925461 lam=1.072e-05 accD=0.9375
step=53800 rec=0.009808 dis=0.164430 adv=5.415800 lam=1.076e-05 accD=0.9688
step=54000 rec=0.010681 dis=0.316925 adv=4.688621 lam=1.08e-05 accD=0.9062
step=54200 rec=0.010705 dis=0.335989 adv=4.445113 lam=1.084e-05 accD=0.8750
step=54400 rec=0.010620 dis=0.280650 adv=5.068708 lam=1.088e-05 accD=0.9062
step=54600 rec=0.010575 dis=0.134235 adv=4.968593 lam=1.092e-05 accD=0.9062
[VAL] epoch=34 val_rec=0.010350 time_min=1.2
step=54800 rec=0.011503 dis=0.076367 adv=5.500277 lam=1.096e-05 accD=0.9688
step=55000 rec=0.010197 dis=0.370816 adv=4.753608 lam=1.1e-05 accD=0.8750
step=55200 rec=0.010421 dis=0.328224 adv=4.478830 lam=1.104e-05 accD=0.8125
step=55400 rec=0.010565 dis=0.311402 adv=4.096294 lam=1.108e-05 accD=0.9062
step=55600 rec=0.009669 dis=0.229568 adv=5.799091 lam=1.112e-05 accD=0.9688
step=55800 rec=0.012307 dis=0.147794 adv=4.923109 lam=1.116e-05 accD=0.9375
step=56000 rec=0.011059 dis=0.198059 adv=4.188514 lam=1.12e-05 accD=0.9375
step=56200 rec=0.009269 dis=0.301311 adv=4.717124 lam=1.124e-05 accD=0.7812
[VAL] epoch=35 val_rec=0.010233 time_min=1.1
step=56400 rec=0.010448 dis=0.203652 adv=5.141454 lam=1.128e-05 accD=0.8750
step=56600 rec=0.011685 dis=0.158316 adv=4.629277 lam=1.132e-05 accD=0.9375
step=56800 rec=0.010025 dis=0.076685 adv=6.237679 lam=1.136e-05 accD=0.9375
step=57000 rec=0.010156 dis=0.197434 adv=6.132999 lam=1.14e-05 accD=0.9062
step=57200 rec=0.010041 dis=0.198829 adv=5.399558 lam=1.144e-05 accD=0.9062
step=57400 rec=0.011352 dis=0.264565 adv=4.704946 lam=1.148e-05 accD=0.8750
step=57600 rec=0.011119 dis=0.046392 adv=5.438618 lam=1.152e-05 accD=1.0000
[VAL] epoch=36 val_rec=0.010056 time_min=1.2
step=57800 rec=0.010519 dis=0.090594 adv=4.632876 lam=1.156e-05 accD=0.9688
step=58000 rec=0.009239 dis=0.165310 adv=5.483761 lam=1.16e-05 accD=0.8750
step=58200 rec=0.009826 dis=0.261591 adv=4.517973 lam=1.164e-05 accD=0.7812
step=58400 rec=0.011878 dis=0.242109 adv=4.916562 lam=1.168e-05 accD=0.9062
step=58600 rec=0.010119 dis=0.264470 adv=4.448625 lam=1.172e-05 accD=0.9062
step=58800 rec=0.009632 dis=0.170623 adv=6.234945 lam=1.176e-05 accD=0.9062
step=59000 rec=0.010507 dis=0.195408 adv=4.834998 lam=1.18e-05 accD=0.9062
step=59200 rec=0.009752 dis=0.330970 adv=4.823748 lam=1.184e-05 accD=0.9062
[VAL] epoch=37 val_rec=0.010273 time_min=1.1
step=59400 rec=0.010924 dis=0.356948 adv=3.550787 lam=1.188e-05 accD=0.9062
step=59600 rec=0.010125 dis=0.205370 adv=5.356215 lam=1.192e-05 accD=0.9062
step=59800 rec=0.010649 dis=0.196930 adv=5.350329 lam=1.196e-05 accD=0.8750
step=60000 rec=0.011066 dis=0.184605 adv=5.068608 lam=1.2e-05 accD=0.9375
step=60200 rec=0.009859 dis=0.127538 adv=4.652174 lam=1.204e-05 accD=0.9688
step=60400 rec=0.011089 dis=0.143015 adv=5.586716 lam=1.208e-05 accD=0.9375
step=60600 rec=0.009262 dis=0.174652 adv=4.892175 lam=1.212e-05 accD=0.9375
step=60800 rec=0.009185 dis=0.214145 adv=5.192928 lam=1.216e-05 accD=0.9375
[VAL] epoch=38 val_rec=0.009884 time_min=1.2
step=61000 rec=0.009632 dis=0.102441 adv=4.380117 lam=1.22e-05 accD=0.9688
step=61200 rec=0.009049 dis=0.206759 adv=5.396914 lam=1.224e-05 accD=0.9062
step=61400 rec=0.011454 dis=0.121464 adv=5.112393 lam=1.228e-05 accD=0.9375
step=61600 rec=0.009849 dis=0.155988 adv=5.185562 lam=1.232e-05 accD=0.9375
step=61800 rec=0.010662 dis=0.188652 adv=4.354300 lam=1.236e-05 accD=0.8750
step=62000 rec=0.009534 dis=0.097802 adv=4.708180 lam=1.24e-05 accD=0.9688
step=62200 rec=0.009543 dis=0.142392 adv=4.916337 lam=1.244e-05 accD=0.9688
step=62400 rec=0.010407 dis=0.310509 adv=4.076456 lam=1.248e-05 accD=0.8438
[VAL] epoch=39 val_rec=0.009827 time_min=1.1
step=62600 rec=0.011614 dis=0.141145 adv=5.108267 lam=1.252e-05 accD=0.9375
step=62800 rec=0.009536 dis=0.337739 adv=4.766539 lam=1.256e-05 accD=0.9375
step=63000 rec=0.010057 dis=0.233722 adv=5.730942 lam=1.26e-05 accD=0.9062
step=63200 rec=0.011220 dis=0.169788 adv=4.529180 lam=1.264e-05 accD=0.9062
step=63400 rec=0.010490 dis=0.221245 adv=4.434695 lam=1.268e-05 accD=0.9375
step=63600 rec=0.010386 dis=0.335457 adv=4.177462 lam=1.272e-05 accD=0.8125
step=63800 rec=0.010404 dis=0.131834 adv=5.291383 lam=1.276e-05 accD=0.9688
step=64000 rec=0.010531 dis=0.137135 adv=4.531902 lam=1.28e-05 accD=0.9375
[VAL] epoch=40 val_rec=0.009636 time_min=1.2
step=64200 rec=0.010284 dis=0.149504 adv=5.374179 lam=1.284e-05 accD=0.9375
step=64400 rec=0.009973 dis=0.033168 adv=5.432942 lam=1.288e-05 accD=1.0000
step=64600 rec=0.009068 dis=0.061153 adv=4.712159 lam=1.292e-05 accD=1.0000
step=64800 rec=0.009372 dis=0.101917 adv=4.783019 lam=1.296e-05 accD=0.9688
step=65000 rec=0.010873 dis=0.117462 adv=4.698130 lam=1.3e-05 accD=0.9375
step=65200 rec=0.009847 dis=0.027319 adv=5.155505 lam=1.304e-05 accD=1.0000
step=65400 rec=0.011504 dis=0.118150 adv=4.694152 lam=1.308e-05 accD=0.9688
step=65600 rec=0.011065 dis=0.273099 adv=5.247605 lam=1.312e-05 accD=0.8438
[VAL] epoch=41 val_rec=0.009852 time_min=1.1
step=65800 rec=0.010899 dis=0.112944 adv=4.730590 lam=1.316e-05 accD=0.9688
step=66000 rec=0.009175 dis=0.144237 adv=4.488719 lam=1.32e-05 accD=0.9688
step=66200 rec=0.009537 dis=0.100015 adv=5.147120 lam=1.324e-05 accD=0.9375
step=66400 rec=0.010642 dis=0.182075 adv=4.406161 lam=1.328e-05 accD=0.9375
step=66600 rec=0.009266 dis=0.304837 adv=4.945415 lam=1.332e-05 accD=0.9375
step=66800 rec=0.010654 dis=0.229983 adv=5.002410 lam=1.336e-05 accD=0.9375
step=67000 rec=0.010988 dis=0.101848 adv=5.095947 lam=1.34e-05 accD=0.9375
[VAL] epoch=42 val_rec=0.009619 time_min=1.2
step=67200 rec=0.011980 dis=0.158392 adv=4.597289 lam=1.344e-05 accD=0.9062
step=67400 rec=0.010370 dis=0.529021 adv=4.579926 lam=1.348e-05 accD=0.8438
step=67600 rec=0.011070 dis=0.076408 adv=5.396065 lam=1.352e-05 accD=1.0000
step=67800 rec=0.009836 dis=0.194915 adv=5.188918 lam=1.356e-05 accD=0.8750
step=68000 rec=0.009073 dis=0.046911 adv=5.749262 lam=1.36e-05 accD=1.0000
step=68200 rec=0.010070 dis=0.239576 adv=4.956180 lam=1.364e-05 accD=0.8438
step=68400 rec=0.010448 dis=0.121642 adv=5.220200 lam=1.368e-05 accD=0.9688
step=68600 rec=0.010011 dis=0.212041 adv=5.000160 lam=1.372e-05 accD=0.9062
[VAL] epoch=43 val_rec=0.009513 time_min=1.1
step=68800 rec=0.010418 dis=0.309457 adv=3.459458 lam=1.376e-05 accD=0.8438
step=69000 rec=0.010305 dis=0.275366 adv=5.241748 lam=1.38e-05 accD=0.9375
step=69200 rec=0.009714 dis=0.261483 adv=4.790045 lam=1.384e-05 accD=0.8750
step=69400 rec=0.010411 dis=0.236234 adv=5.123659 lam=1.388e-05 accD=0.9062
step=69600 rec=0.010104 dis=0.147754 adv=6.501401 lam=1.392e-05 accD=0.9688
step=69800 rec=0.009639 dis=0.106336 adv=4.720324 lam=1.396e-05 accD=0.9688
step=70000 rec=0.010096 dis=0.217369 adv=4.457697 lam=1.4e-05 accD=0.8750
step=70200 rec=0.008323 dis=0.116269 adv=4.021744 lam=1.404e-05 accD=0.9375
[VAL] epoch=44 val_rec=0.009611 time_min=1.2
step=70400 rec=0.009635 dis=0.141658 adv=5.285388 lam=1.408e-05 accD=0.9062
step=70600 rec=0.008843 dis=0.240587 adv=4.147324 lam=1.412e-05 accD=0.9062
step=70800 rec=0.009790 dis=0.244957 adv=4.922792 lam=1.416e-05 accD=0.9375
step=71000 rec=0.010571 dis=0.158066 adv=4.137549 lam=1.42e-05 accD=0.9375
step=71200 rec=0.011199 dis=0.142566 adv=4.783173 lam=1.424e-05 accD=0.9375
step=71400 rec=0.010157 dis=0.208602 adv=4.232732 lam=1.428e-05 accD=0.9375
step=71600 rec=0.010223 dis=0.065281 adv=5.719815 lam=1.432e-05 accD=1.0000
step=71800 rec=0.011433 dis=0.102106 adv=4.858946 lam=1.436e-05 accD=0.9688
[VAL] epoch=45 val_rec=0.009340 time_min=1.1
step=72000 rec=0.010605 dis=0.131337 adv=5.400373 lam=1.44e-05 accD=0.9375
step=72200 rec=0.011969 dis=0.237175 adv=5.501208 lam=1.444e-05 accD=0.9375
step=72400 rec=0.010002 dis=0.060743 adv=5.290781 lam=1.448e-05 accD=0.9688
step=72600 rec=0.007831 dis=0.281091 adv=4.516654 lam=1.452e-05 accD=0.8750
step=72800 rec=0.010431 dis=0.060303 adv=6.792667 lam=1.456e-05 accD=0.9688
step=73000 rec=0.011007 dis=0.178628 adv=4.739086 lam=1.46e-05 accD=0.9062
step=73200 rec=0.010608 dis=0.077657 adv=5.072377 lam=1.464e-05 accD=0.9688
step=73400 rec=0.009158 dis=0.192036 adv=4.548925 lam=1.468e-05 accD=0.9062
[VAL] epoch=46 val_rec=0.009366 time_min=1.2
step=73600 rec=0.009207 dis=0.128185 adv=5.542667 lam=1.472e-05 accD=0.9062
step=73800 rec=0.009680 dis=0.139189 adv=5.171712 lam=1.476e-05 accD=0.9688
step=74000 rec=0.008466 dis=0.159986 adv=5.165400 lam=1.48e-05 accD=0.9688
step=74200 rec=0.009638 dis=0.129163 adv=6.227289 lam=1.484e-05 accD=0.9688
step=74400 rec=0.009492 dis=0.156537 adv=6.067731 lam=1.488e-05 accD=0.9375
step=74600 rec=0.007884 dis=0.319885 adv=5.085767 lam=1.492e-05 accD=0.9062
step=74800 rec=0.009152 dis=0.245456 adv=5.120886 lam=1.496e-05 accD=0.9062
[VAL] epoch=47 val_rec=0.009246 time_min=1.1
step=75000 rec=0.008594 dis=0.225761 adv=5.004137 lam=1.5e-05 accD=0.8438
step=75200 rec=0.011279 dis=0.111068 adv=5.410033 lam=1.504e-05 accD=0.9688
step=75400 rec=0.008810 dis=0.111669 adv=4.887449 lam=1.508e-05 accD=1.0000
step=75600 rec=0.008373 dis=0.114170 adv=5.253099 lam=1.512e-05 accD=0.9375
step=75800 rec=0.010068 dis=0.064034 adv=4.788167 lam=1.516e-05 accD=1.0000
step=76000 rec=0.010412 dis=0.151021 adv=6.080668 lam=1.52e-05 accD=0.9375
step=76200 rec=0.009097 dis=0.105766 adv=5.346273 lam=1.524e-05 accD=0.9688
step=76400 rec=0.009803 dis=0.194053 adv=4.289464 lam=1.528e-05 accD=0.9062
[VAL] epoch=48 val_rec=0.010055 time_min=1.2
step=76600 rec=0.009203 dis=0.065514 adv=5.972394 lam=1.532e-05 accD=1.0000
step=76800 rec=0.012244 dis=0.097730 adv=5.001110 lam=1.536e-05 accD=1.0000
step=77000 rec=0.010604 dis=0.127900 adv=5.823546 lam=1.54e-05 accD=0.9688
step=77200 rec=0.008582 dis=0.250688 adv=5.486478 lam=1.544e-05 accD=0.8750
step=77400 rec=0.010101 dis=0.308570 adv=5.173916 lam=1.548e-05 accD=0.9062
step=77600 rec=0.009189 dis=0.307937 adv=5.025903 lam=1.552e-05 accD=0.8750
step=77800 rec=0.007375 dis=0.196542 adv=4.901259 lam=1.556e-05 accD=0.9375
step=78000 rec=0.009604 dis=0.089078 adv=5.582515 lam=1.56e-05 accD=0.9688
[VAL] epoch=49 val_rec=0.009202 time_min=1.2
step=78200 rec=0.009380 dis=0.182632 adv=4.920389 lam=1.564e-05 accD=0.9688
step=78400 rec=0.008796 dis=0.065823 adv=5.066328 lam=1.568e-05 accD=1.0000
step=78600 rec=0.009571 dis=0.077082 adv=5.047969 lam=1.572e-05 accD=0.9688
step=78800 rec=0.009238 dis=0.196513 adv=4.851830 lam=1.576e-05 accD=0.9062
step=79000 rec=0.011418 dis=0.231135 adv=5.501088 lam=1.58e-05 accD=0.9062
step=79200 rec=0.009217 dis=0.181936 adv=6.233039 lam=1.584e-05 accD=0.9688
step=79400 rec=0.010265 dis=0.099177 adv=5.315461 lam=1.588e-05 accD=0.9688
step=79600 rec=0.010591 dis=0.125260 adv=6.586789 lam=1.592e-05 accD=0.9688
[VAL] epoch=50 val_rec=0.009312 time_min=1.1
step=79800 rec=0.009399 dis=0.154851 adv=5.939123 lam=1.596e-05 accD=0.9062
step=80000 rec=0.009310 dis=0.063534 adv=5.672197 lam=1.6e-05 accD=1.0000
step=80200 rec=0.009089 dis=0.230180 adv=4.004718 lam=1.604e-05 accD=0.8750
step=80400 rec=0.009829 dis=0.145859 adv=5.730942 lam=1.608e-05 accD=0.9062
step=80600 rec=0.009351 dis=0.155274 adv=4.578616 lam=1.612e-05 accD=0.9062
step=80800 rec=0.008515 dis=0.156540 adv=4.601993 lam=1.616e-05 accD=0.9375
step=81000 rec=0.013298 dis=0.147569 adv=6.106221 lam=1.62e-05 accD=0.9062
step=81200 rec=0.009070 dis=0.257354 adv=4.812887 lam=1.624e-05 accD=0.9062
[VAL] epoch=51 val_rec=0.009279 time_min=1.2
step=81400 rec=0.010827 dis=0.334201 adv=4.682177 lam=1.628e-05 accD=0.8750
step=81600 rec=0.009437 dis=0.184162 adv=4.991012 lam=1.632e-05 accD=0.9062
step=81800 rec=0.010970 dis=0.173251 adv=5.900806 lam=1.636e-05 accD=0.9375
step=82000 rec=0.009331 dis=0.170957 adv=5.196433 lam=1.64e-05 accD=0.9375
step=82200 rec=0.009252 dis=0.223383 adv=4.743313 lam=1.644e-05 accD=0.9062
step=82400 rec=0.009657 dis=0.055468 adv=5.572713 lam=1.648e-05 accD=0.9688
step=82600 rec=0.009870 dis=0.107297 adv=5.538031 lam=1.652e-05 accD=0.9688
[VAL] epoch=52 val_rec=0.009084 time_min=1.2
step=82800 rec=0.010717 dis=0.135377 adv=5.299947 lam=1.656e-05 accD=0.9375
step=83000 rec=0.009648 dis=0.057423 adv=5.749401 lam=1.66e-05 accD=1.0000
step=83200 rec=0.010144 dis=0.170859 adv=4.830463 lam=1.664e-05 accD=0.9375
step=83400 rec=0.009165 dis=0.230379 adv=4.936604 lam=1.668e-05 accD=0.8750
step=83600 rec=0.009046 dis=0.116044 adv=5.300124 lam=1.672e-05 accD=0.9688
step=83800 rec=0.009532 dis=0.207784 adv=4.755093 lam=1.676e-05 accD=0.9062
step=84000 rec=0.009670 dis=0.191887 adv=4.501145 lam=1.68e-05 accD=0.9375
step=84200 rec=0.009097 dis=0.262645 adv=5.844757 lam=1.684e-05 accD=0.8750
[VAL] epoch=53 val_rec=0.008990 time_min=1.2
step=84400 rec=0.009713 dis=0.258762 adv=5.011407 lam=1.688e-05 accD=0.9062
step=84600 rec=0.007709 dis=0.289423 adv=4.778811 lam=1.692e-05 accD=0.8438
step=84800 rec=0.009368 dis=0.179375 adv=4.903198 lam=1.696e-05 accD=0.9375
step=85000 rec=0.008275 dis=0.048724 adv=5.413165 lam=1.7e-05 accD=1.0000
step=85200 rec=0.008915 dis=0.077473 adv=4.897731 lam=1.704e-05 accD=0.9688
step=85400 rec=0.008869 dis=0.214165 adv=4.605123 lam=1.708e-05 accD=0.9688
step=85600 rec=0.009071 dis=0.056070 adv=5.549788 lam=1.712e-05 accD=1.0000
step=85800 rec=0.008830 dis=0.102261 adv=5.645855 lam=1.716e-05 accD=0.9375
[VAL] epoch=54 val_rec=0.008795 time_min=1.1
step=86000 rec=0.010772 dis=0.079271 adv=5.285825 lam=1.72e-05 accD=0.9688
step=86200 rec=0.008735 dis=0.211863 adv=5.854917 lam=1.724e-05 accD=0.9062
step=86400 rec=0.008389 dis=0.102527 adv=5.955606 lam=1.728e-05 accD=0.9688
step=86600 rec=0.009401 dis=0.118867 adv=4.611735 lam=1.732e-05 accD=0.9688
step=86800 rec=0.010560 dis=0.157970 adv=5.673233 lam=1.736e-05 accD=0.9375
step=87000 rec=0.008959 dis=0.113906 adv=4.189540 lam=1.74e-05 accD=0.9688
step=87200 rec=0.008052 dis=0.047251 adv=5.403312 lam=1.744e-05 accD=1.0000
step=87400 rec=0.011372 dis=0.143238 adv=4.474582 lam=1.748e-05 accD=0.9375
[VAL] epoch=55 val_rec=0.008820 time_min=1.2
step=87600 rec=0.009582 dis=0.375781 adv=4.919315 lam=1.752e-05 accD=0.9062
step=87800 rec=0.009245 dis=0.182755 adv=5.576299 lam=1.756e-05 accD=0.8750
step=88000 rec=0.010707 dis=0.189113 adv=4.857052 lam=1.76e-05 accD=0.9688
step=88200 rec=0.009317 dis=0.035010 adv=6.046719 lam=1.764e-05 accD=1.0000
step=88400 rec=0.008226 dis=0.081479 adv=4.888155 lam=1.768e-05 accD=1.0000
step=88600 rec=0.010427 dis=0.200290 adv=5.252701 lam=1.772e-05 accD=0.9375
step=88800 rec=0.009524 dis=0.202123 adv=4.832446 lam=1.776e-05 accD=0.9062
step=89000 rec=0.010481 dis=0.118559 adv=4.858363 lam=1.78e-05 accD=0.9688
[VAL] epoch=56 val_rec=0.008756 time_min=1.1
step=89200 rec=0.007735 dis=0.121972 adv=5.450855 lam=1.784e-05 accD=0.9688
step=89400 rec=0.008033 dis=0.117379 adv=5.907315 lam=1.788e-05 accD=0.9062
step=89600 rec=0.010100 dis=0.192491 adv=4.953534 lam=1.792e-05 accD=0.9688
step=89800 rec=0.009069 dis=0.153731 adv=5.264035 lam=1.796e-05 accD=0.9375
step=90000 rec=0.008817 dis=0.288015 adv=5.203763 lam=1.8e-05 accD=0.9062
step=90200 rec=0.009161 dis=0.167306 adv=4.827085 lam=1.804e-05 accD=0.9062
step=90400 rec=0.007604 dis=0.198581 adv=4.210339 lam=1.808e-05 accD=0.9062
[VAL] epoch=57 val_rec=0.009557 time_min=1.2
step=90600 rec=0.008587 dis=0.120998 adv=5.504253 lam=1.812e-05 accD=0.9688
step=90800 rec=0.010222 dis=0.383489 adv=5.346140 lam=1.816e-05 accD=0.9375
step=91000 rec=0.008651 dis=0.040947 adv=6.600840 lam=1.82e-05 accD=1.0000
step=91200 rec=0.009024 dis=0.224375 adv=5.049163 lam=1.824e-05 accD=0.8750
step=91400 rec=0.010195 dis=0.164750 adv=5.586176 lam=1.828e-05 accD=0.9688
step=91600 rec=0.007723 dis=0.165186 adv=4.733928 lam=1.832e-05 accD=0.9062
step=91800 rec=0.007860 dis=0.092145 adv=6.232844 lam=1.836e-05 accD=0.9688
step=92000 rec=0.009025 dis=0.173536 adv=4.877087 lam=1.84e-05 accD=0.9375
[VAL] epoch=58 val_rec=0.008710 time_min=1.1
step=92200 rec=0.009199 dis=0.257009 adv=5.372431 lam=1.844e-05 accD=0.9062
step=92400 rec=0.008451 dis=0.208557 adv=4.904606 lam=1.848e-05 accD=0.8750
step=92600 rec=0.008386 dis=0.167181 adv=5.053221 lam=1.852e-05 accD=0.9688
step=92800 rec=0.007801 dis=0.179118 adv=5.227404 lam=1.856e-05 accD=0.9062
step=93000 rec=0.010962 dis=0.190432 adv=5.268906 lam=1.86e-05 accD=0.9062
step=93200 rec=0.007756 dis=0.094681 adv=5.350807 lam=1.864e-05 accD=1.0000
step=93400 rec=0.008452 dis=0.221026 adv=4.839634 lam=1.868e-05 accD=0.8750
step=93600 rec=0.009747 dis=0.178583 adv=5.707902 lam=1.872e-05 accD=0.9375
[VAL] epoch=59 val_rec=0.008674 time_min=1.2
step=93800 rec=0.007535 dis=0.393205 adv=4.593847 lam=1.876e-05 accD=0.8438
step=94000 rec=0.008789 dis=0.076360 adv=6.227360 lam=1.88e-05 accD=0.9688
step=94200 rec=0.008395 dis=0.095671 adv=5.064403 lam=1.884e-05 accD=0.9688
step=94400 rec=0.009041 dis=0.149274 adv=6.063079 lam=1.888e-05 accD=0.9062
step=94600 rec=0.010032 dis=0.084577 adv=5.194310 lam=1.892e-05 accD=0.9688
step=94800 rec=0.011225 dis=0.089369 adv=5.204627 lam=1.896e-05 accD=1.0000
step=95000 rec=0.010042 dis=0.189396 adv=4.743779 lam=1.9e-05 accD=0.9375
step=95200 rec=0.008225 dis=0.227846 adv=6.140687 lam=1.904e-05 accD=0.8750
[VAL] epoch=60 val_rec=0.008647 time_min=1.1
step=95400 rec=0.009248 dis=0.079885 adv=5.858657 lam=1.908e-05 accD=0.9688
step=95600 rec=0.008837 dis=0.093810 adv=5.838016 lam=1.912e-05 accD=0.9688
step=95800 rec=0.007402 dis=0.195526 adv=5.646570 lam=1.916e-05 accD=0.9062
step=96000 rec=0.009271 dis=0.116065 adv=5.362801 lam=1.92e-05 accD=0.9375
step=96200 rec=0.008043 dis=0.273204 adv=5.484605 lam=1.924e-05 accD=0.9062
step=96400 rec=0.009359 dis=0.062332 adv=5.728174 lam=1.928e-05 accD=0.9688
step=96600 rec=0.008052 dis=0.237864 adv=5.204154 lam=1.932e-05 accD=0.8438
step=96800 rec=0.008989 dis=0.146484 adv=5.746694 lam=1.936e-05 accD=0.9375
[VAL] epoch=61 val_rec=0.008529 time_min=1.2
step=97000 rec=0.008404 dis=0.105063 adv=4.937199 lam=1.94e-05 accD=0.9688
step=97200 rec=0.008094 dis=0.143975 adv=5.373460 lam=1.944e-05 accD=0.9062
step=97400 rec=0.008232 dis=0.235052 adv=4.605320 lam=1.948e-05 accD=0.9062
step=97600 rec=0.008361 dis=0.197539 adv=4.779869 lam=1.952e-05 accD=0.9375
step=97800 rec=0.007938 dis=0.102174 adv=5.357185 lam=1.956e-05 accD=0.9688
step=98000 rec=0.009066 dis=0.405662 adv=4.665836 lam=1.96e-05 accD=0.8438
step=98200 rec=0.009210 dis=0.148636 adv=5.836333 lam=1.964e-05 accD=0.9375
step=98400 rec=0.008927 dis=0.079746 adv=5.558331 lam=1.968e-05 accD=0.9688
[VAL] epoch=62 val_rec=0.008580 time_min=1.1
step=98600 rec=0.007634 dis=0.107832 adv=5.639375 lam=1.972e-05 accD=0.9688
step=98800 rec=0.009309 dis=0.154144 adv=4.452626 lam=1.976e-05 accD=0.9062
step=99000 rec=0.008676 dis=0.130444 adv=5.389410 lam=1.98e-05 accD=0.9375
step=99200 rec=0.008922 dis=0.079338 adv=5.738125 lam=1.984e-05 accD=1.0000
step=99400 rec=0.008738 dis=0.200858 adv=4.950662 lam=1.988e-05 accD=0.9688
step=99600 rec=0.008128 dis=0.138855 adv=5.629660 lam=1.992e-05 accD=0.9375
step=99800 rec=0.008600 dis=0.076473 adv=5.742674 lam=1.996e-05 accD=0.9688
[VAL] epoch=63 val_rec=0.008679 time_min=1.2
step=100000 rec=0.010197 dis=0.148633 adv=5.158493 lam=2e-05 accD=0.9375
step=100200 rec=0.009380 dis=0.255474 adv=4.681170 lam=2.004e-05 accD=0.8750
step=100400 rec=0.008973 dis=0.133863 adv=5.891650 lam=2.008e-05 accD=0.9375
step=100600 rec=0.009104 dis=0.202441 adv=5.649649 lam=2.012e-05 accD=0.9062
step=100800 rec=0.007409 dis=0.175988 adv=4.598420 lam=2.016e-05 accD=0.9062
step=101000 rec=0.008908 dis=0.190767 adv=4.514619 lam=2.02e-05 accD=0.9062
step=101200 rec=0.008918 dis=0.093549 adv=5.945639 lam=2.024e-05 accD=0.9688
step=101400 rec=0.008431 dis=0.117632 adv=5.439297 lam=2.028e-05 accD=0.9375
[VAL] epoch=64 val_rec=0.008430 time_min=1.2
step=101600 rec=0.008668 dis=0.194157 adv=4.989771 lam=2.032e-05 accD=0.9062
step=101800 rec=0.008054 dis=0.109073 adv=5.389858 lam=2.036e-05 accD=0.9375
step=102000 rec=0.008443 dis=0.174490 adv=4.460305 lam=2.04e-05 accD=0.9375
step=102200 rec=0.008953 dis=0.352228 adv=4.837009 lam=2.044e-05 accD=0.8750
step=102400 rec=0.009540 dis=0.078855 adv=5.143446 lam=2.048e-05 accD=0.9375
step=102600 rec=0.007437 dis=0.200018 adv=4.981697 lam=2.052e-05 accD=0.9375
step=102800 rec=0.009634 dis=0.093043 adv=4.879375 lam=2.056e-05 accD=1.0000
step=103000 rec=0.008454 dis=0.195099 adv=5.133592 lam=2.06e-05 accD=0.9375
[VAL] epoch=65 val_rec=0.008675 time_min=1.2
step=103200 rec=0.008459 dis=0.207109 adv=3.886970 lam=2.064e-05 accD=0.9688
step=103400 rec=0.008956 dis=0.133018 adv=5.461513 lam=2.068e-05 accD=0.9688
step=103600 rec=0.007734 dis=0.175734 adv=5.073433 lam=2.072e-05 accD=0.9062
step=103800 rec=0.008122 dis=0.190498 adv=5.058353 lam=2.076e-05 accD=0.9062
step=104000 rec=0.008106 dis=0.268540 adv=4.465286 lam=2.08e-05 accD=0.9375
step=104200 rec=0.008867 dis=0.107652 adv=4.679290 lam=2.084e-05 accD=1.0000
step=104400 rec=0.008717 dis=0.096204 adv=5.069494 lam=2.088e-05 accD=0.9375
step=104600 rec=0.007889 dis=0.132098 adv=4.670444 lam=2.092e-05 accD=0.9375
[VAL] epoch=66 val_rec=0.008687 time_min=1.1
step=104800 rec=0.009366 dis=0.204728 adv=5.839401 lam=2.096e-05 accD=0.9688
step=105000 rec=0.007890 dis=0.071635 adv=6.119533 lam=2.1e-05 accD=1.0000
step=105200 rec=0.007977 dis=0.216429 adv=5.573319 lam=2.104e-05 accD=0.8750
step=105400 rec=0.008488 dis=0.165546 adv=4.705171 lam=2.108e-05 accD=0.9688
step=105600 rec=0.008534 dis=0.130222 adv=6.124537 lam=2.112e-05 accD=0.9375
step=105800 rec=0.007648 dis=0.170226 adv=4.848973 lam=2.116e-05 accD=0.9688
step=106000 rec=0.008499 dis=0.171890 adv=5.658464 lam=2.12e-05 accD=0.9062
step=106200 rec=0.008312 dis=0.114100 adv=5.504962 lam=2.124e-05 accD=0.9375
[VAL] epoch=67 val_rec=0.008485 time_min=1.2
step=106400 rec=0.008278 dis=0.077141 adv=5.061103 lam=2.128e-05 accD=1.0000
step=106600 rec=0.008605 dis=0.077032 adv=4.911515 lam=2.132e-05 accD=0.9688
step=106800 rec=0.010372 dis=0.190399 adv=5.890779 lam=2.136e-05 accD=0.8750
step=107000 rec=0.008663 dis=0.058110 adv=4.902110 lam=2.14e-05 accD=1.0000
step=107200 rec=0.009792 dis=0.142642 adv=5.179619 lam=2.144e-05 accD=0.9062
step=107400 rec=0.007958 dis=0.087412 adv=6.020069 lam=2.148e-05 accD=0.9688
step=107600 rec=0.008966 dis=0.140431 adv=5.096301 lam=2.152e-05 accD=0.9375
[VAL] epoch=68 val_rec=0.008441 time_min=1.1
step=107800 rec=0.009607 dis=0.210301 adv=5.264895 lam=2.156e-05 accD=0.9062
step=108000 rec=0.009335 dis=0.193473 adv=4.464760 lam=2.16e-05 accD=0.9375
step=108200 rec=0.008962 dis=0.073786 adv=5.846824 lam=2.164e-05 accD=0.9688
step=108400 rec=0.008269 dis=0.054955 adv=4.884850 lam=2.168e-05 accD=1.0000
step=108600 rec=0.010309 dis=0.186657 adv=5.335530 lam=2.172e-05 accD=0.9062
step=108800 rec=0.009080 dis=0.237176 adv=4.767825 lam=2.176e-05 accD=0.9375
step=109000 rec=0.008675 dis=0.190737 adv=4.288451 lam=2.18e-05 accD=0.9062
step=109200 rec=0.008124 dis=0.255644 adv=5.112569 lam=2.184e-05 accD=0.9062
[VAL] epoch=69 val_rec=0.008528 time_min=1.2
step=109400 rec=0.009129 dis=0.192634 adv=5.488235 lam=2.188e-05 accD=0.9688
step=109600 rec=0.008081 dis=0.119418 adv=4.943600 lam=2.192e-05 accD=0.9375
step=109800 rec=0.008729 dis=0.249104 adv=5.628363 lam=2.196e-05 accD=0.8438
step=110000 rec=0.007823 dis=0.064751 adv=4.696820 lam=2.2e-05 accD=1.0000
step=110200 rec=0.009121 dis=0.104352 adv=5.156372 lam=2.204e-05 accD=0.9688
step=110400 rec=0.007574 dis=0.096033 adv=6.995698 lam=2.208e-05 accD=0.9375
step=110600 rec=0.008229 dis=0.121418 adv=4.670741 lam=2.212e-05 accD=0.9375
step=110800 rec=0.008623 dis=0.040582 adv=5.468187 lam=2.216e-05 accD=1.0000
[VAL] epoch=70 val_rec=0.008685 time_min=1.1
step=111000 rec=0.008350 dis=0.263913 adv=4.674567 lam=2.22e-05 accD=0.9062
step=111200 rec=0.006783 dis=0.087174 adv=5.319373 lam=2.224e-05 accD=0.9375
step=111400 rec=0.010917 dis=0.163907 adv=5.103636 lam=2.228e-05 accD=0.9375
step=111600 rec=0.008775 dis=0.091890 adv=5.414854 lam=2.232e-05 accD=1.0000
step=111800 rec=0.008335 dis=0.168413 adv=5.121468 lam=2.236e-05 accD=0.9688
step=112000 rec=0.008214 dis=0.233114 adv=4.724384 lam=2.24e-05 accD=0.9062
step=112200 rec=0.008887 dis=0.209953 adv=4.887104 lam=2.244e-05 accD=0.9062
step=112400 rec=0.009869 dis=0.047096 adv=6.785688 lam=2.248e-05 accD=1.0000
[VAL] epoch=71 val_rec=0.008805 time_min=1.2
step=112600 rec=0.009778 dis=0.301544 adv=5.486442 lam=2.252e-05 accD=0.9062
step=112800 rec=0.007895 dis=0.317457 adv=5.253242 lam=2.256e-05 accD=0.8125
step=113000 rec=0.009074 dis=0.123240 adv=4.894196 lam=2.26e-05 accD=0.9688
step=113200 rec=0.009403 dis=0.158654 adv=5.644197 lam=2.264e-05 accD=0.9375
step=113400 rec=0.009231 dis=0.053573 adv=5.223334 lam=2.268e-05 accD=0.9688
step=113600 rec=0.008691 dis=0.460220 adv=5.199818 lam=2.272e-05 accD=0.7500
step=113800 rec=0.007954 dis=0.126533 adv=5.227366 lam=2.276e-05 accD=0.9688
step=114000 rec=0.007422 dis=0.125933 adv=5.657718 lam=2.28e-05 accD=0.9688
[VAL] epoch=72 val_rec=0.008473 time_min=1.2
step=114200 rec=0.007909 dis=0.109295 adv=4.854049 lam=2.284e-05 accD=0.9688
step=114400 rec=0.009118 dis=0.368972 adv=4.232258 lam=2.288e-05 accD=0.9375
step=114600 rec=0.007938 dis=0.240256 adv=5.829143 lam=2.292e-05 accD=0.9688
step=114800 rec=0.007383 dis=0.098367 adv=6.161372 lam=2.296e-05 accD=0.9375
step=115000 rec=0.008345 dis=0.095090 adv=5.845903 lam=2.3e-05 accD=1.0000
step=115200 rec=0.007806 dis=0.224916 adv=5.784030 lam=2.304e-05 accD=0.9375
step=115400 rec=0.007864 dis=0.175399 adv=4.342403 lam=2.308e-05 accD=0.9688
[VAL] epoch=73 val_rec=0.008176 time_min=1.2
step=115600 rec=0.009760 dis=0.248003 adv=4.717165 lam=2.312e-05 accD=0.9375
step=115800 rec=0.009845 dis=0.062512 adv=5.165745 lam=2.316e-05 accD=0.9688
step=116000 rec=0.008153 dis=0.137507 adv=5.418300 lam=2.32e-05 accD=0.9062
step=116200 rec=0.008961 dis=0.264072 adv=5.506256 lam=2.324e-05 accD=0.8750
step=116400 rec=0.009487 dis=0.201453 adv=5.039874 lam=2.328e-05 accD=0.9375
step=116600 rec=0.008009 dis=0.165003 adv=5.630594 lam=2.332e-05 accD=0.9375
step=116800 rec=0.008904 dis=0.109981 adv=5.861249 lam=2.336e-05 accD=0.9375
step=117000 rec=0.008722 dis=0.084476 adv=5.300768 lam=2.34e-05 accD=0.9375
[VAL] epoch=74 val_rec=0.008411 time_min=1.2
step=117200 rec=0.007789 dis=0.142146 adv=4.657850 lam=2.344e-05 accD=0.9062
step=117400 rec=0.009168 dis=0.140226 adv=5.192187 lam=2.348e-05 accD=0.9688
step=117600 rec=0.008435 dis=0.144715 adv=4.871854 lam=2.352e-05 accD=0.9375
step=117800 rec=0.009047 dis=0.200182 adv=4.418378 lam=2.356e-05 accD=0.9375
step=118000 rec=0.006301 dis=0.211082 adv=5.054209 lam=2.36e-05 accD=0.9688
step=118200 rec=0.007225 dis=0.182373 adv=5.332127 lam=2.364e-05 accD=0.9062
step=118400 rec=0.008423 dis=0.286009 adv=6.485092 lam=2.368e-05 accD=0.9062
step=118600 rec=0.009049 dis=0.052500 adv=5.815536 lam=2.372e-05 accD=1.0000
[VAL] epoch=75 val_rec=0.008336 time_min=1.1
step=118800 rec=0.007689 dis=0.171372 adv=5.301002 lam=2.376e-05 accD=0.9062
step=119000 rec=0.007717 dis=0.277698 adv=4.794938 lam=2.38e-05 accD=0.8750
step=119200 rec=0.009042 dis=0.284791 adv=5.424784 lam=2.384e-05 accD=0.8125
step=119400 rec=0.007852 dis=0.230368 adv=5.082086 lam=2.388e-05 accD=0.9062
step=119600 rec=0.008569 dis=0.081777 adv=5.376678 lam=2.392e-05 accD=0.9688
step=119800 rec=0.007855 dis=0.266311 adv=5.280265 lam=2.396e-05 accD=0.9062
step=120000 rec=0.008380 dis=0.183049 adv=5.436147 lam=2.4e-05 accD=0.9375
step=120200 rec=0.009045 dis=0.208162 adv=5.382757 lam=2.404e-05 accD=0.9375
[VAL] epoch=76 val_rec=0.008139 time_min=1.2
step=120400 rec=0.009095 dis=0.149108 adv=5.884549 lam=2.408e-05 accD=0.9375
step=120600 rec=0.008382 dis=0.169580 adv=3.920836 lam=2.412e-05 accD=0.9062
step=120800 rec=0.007941 dis=0.205145 adv=4.864570 lam=2.416e-05 accD=0.9062
step=121000 rec=0.007847 dis=0.158173 adv=5.240238 lam=2.42e-05 accD=0.9062
step=121200 rec=0.008201 dis=0.021750 adv=7.368385 lam=2.424e-05 accD=1.0000
step=121400 rec=0.008340 dis=0.076345 adv=6.236217 lam=2.428e-05 accD=0.9688
step=121600 rec=0.008417 dis=0.145395 adv=4.680596 lam=2.432e-05 accD=0.9375
step=121800 rec=0.007918 dis=0.300677 adv=4.757827 lam=2.436e-05 accD=0.8438
[VAL] epoch=77 val_rec=0.008160 time_min=1.1
step=122000 rec=0.007851 dis=0.265770 adv=4.352726 lam=2.44e-05 accD=0.8438
step=122200 rec=0.007548 dis=0.085685 adv=5.396392 lam=2.444e-05 accD=0.9688
step=122400 rec=0.007530 dis=0.046472 adv=5.149218 lam=2.448e-05 accD=1.0000
step=122600 rec=0.008503 dis=0.418999 adv=4.877375 lam=2.452e-05 accD=0.8438
step=122800 rec=0.007411 dis=0.330110 adv=5.591665 lam=2.456e-05 accD=0.8750
step=123000 rec=0.008404 dis=0.070992 adv=5.345979 lam=2.46e-05 accD=1.0000
step=123200 rec=0.010953 dis=0.151986 adv=5.224359 lam=2.464e-05 accD=0.9375
[VAL] epoch=78 val_rec=0.008031 time_min=1.2
step=123400 rec=0.006618 dis=0.049866 adv=6.431860 lam=2.468e-05 accD=0.9688
step=123600 rec=0.007520 dis=0.084222 adv=5.628953 lam=2.472e-05 accD=0.9375
step=123800 rec=0.008790 dis=0.057032 adv=4.849658 lam=2.476e-05 accD=1.0000
step=124000 rec=0.011229 dis=0.095332 adv=4.926300 lam=2.48e-05 accD=0.9688
step=124200 rec=0.007643 dis=0.167713 adv=5.948692 lam=2.484e-05 accD=0.9375
step=124400 rec=0.007918 dis=0.163314 adv=6.364343 lam=2.488e-05 accD=0.9062
step=124600 rec=0.008969 dis=0.212852 adv=4.929844 lam=2.492e-05 accD=0.9062
step=124800 rec=0.008138 dis=0.058440 adv=6.414409 lam=2.496e-05 accD=0.9688
[VAL] epoch=79 val_rec=0.008145 time_min=1.1
step=125000 rec=0.009027 dis=0.217903 adv=6.414858 lam=2.5e-05 accD=0.9062
step=125200 rec=0.007072 dis=0.074330 adv=5.591411 lam=2.504e-05 accD=0.9688
step=125400 rec=0.007999 dis=0.083293 adv=4.933291 lam=2.508e-05 accD=0.9688
step=125600 rec=0.008099 dis=0.112826 adv=5.849092 lam=2.512e-05 accD=0.9375
step=125800 rec=0.007407 dis=0.040703 adv=6.310007 lam=2.516e-05 accD=1.0000
step=126000 rec=0.007142 dis=0.047379 adv=5.705914 lam=2.52e-05 accD=1.0000
step=126200 rec=0.008444 dis=0.085346 adv=5.453661 lam=2.524e-05 accD=0.9688
step=126400 rec=0.008748 dis=0.271901 adv=4.957606 lam=2.528e-05 accD=0.8750
[VAL] epoch=80 val_rec=0.008017 time_min=1.2
step=126600 rec=0.007302 dis=0.150028 adv=4.970577 lam=2.532e-05 accD=0.9375
step=126800 rec=0.007869 dis=0.253488 adv=4.672199 lam=2.536e-05 accD=0.8438
step=127000 rec=0.007338 dis=0.066431 adv=5.854054 lam=2.54e-05 accD=0.9688
step=127200 rec=0.008534 dis=0.392398 adv=5.434339 lam=2.544e-05 accD=0.8750
step=127400 rec=0.008025 dis=0.150413 adv=6.292461 lam=2.548e-05 accD=0.9375
step=127600 rec=0.009470 dis=0.052105 adv=5.319776 lam=2.552e-05 accD=1.0000
step=127800 rec=0.010175 dis=0.182242 adv=5.127465 lam=2.556e-05 accD=0.9375
step=128000 rec=0.006885 dis=0.219461 adv=4.722845 lam=2.56e-05 accD=0.9375
[VAL] epoch=81 val_rec=0.008025 time_min=1.1
step=128200 rec=0.006531 dis=0.213555 adv=5.177458 lam=2.564e-05 accD=0.8750
step=128400 rec=0.007717 dis=0.131182 adv=4.755038 lam=2.568e-05 accD=0.9375
step=128600 rec=0.008362 dis=0.111655 adv=5.362137 lam=2.572e-05 accD=0.9688
step=128800 rec=0.007503 dis=0.244735 adv=5.682409 lam=2.576e-05 accD=0.8750
step=129000 rec=0.009688 dis=0.217770 adv=6.013452 lam=2.58e-05 accD=0.8750
step=129200 rec=0.009848 dis=0.048459 adv=5.831303 lam=2.584e-05 accD=0.9688
step=129400 rec=0.009565 dis=0.202727 adv=5.193842 lam=2.588e-05 accD=0.9375
step=129600 rec=0.008677 dis=0.159163 adv=5.455285 lam=2.592e-05 accD=0.9062
[VAL] epoch=82 val_rec=0.008140 time_min=1.2
step=129800 rec=0.007071 dis=0.158951 adv=5.365358 lam=2.596e-05 accD=0.9688
step=130000 rec=0.008883 dis=0.113650 adv=5.734266 lam=2.6e-05 accD=0.9688
step=130200 rec=0.007334 dis=0.098334 adv=5.937364 lam=2.604e-05 accD=0.9375
step=130400 rec=0.007084 dis=0.155178 adv=5.310325 lam=2.608e-05 accD=0.9375
step=130600 rec=0.007410 dis=0.100773 adv=5.880164 lam=2.612e-05 accD=0.9688
step=130800 rec=0.008295 dis=0.075679 adv=5.612466 lam=2.616e-05 accD=0.9688
step=131000 rec=0.008857 dis=0.096476 adv=5.103762 lam=2.62e-05 accD=0.9688
step=131200 rec=0.007990 dis=0.268842 adv=4.632568 lam=2.624e-05 accD=0.8750
[VAL] epoch=83 val_rec=0.008078 time_min=1.2
step=131400 rec=0.006849 dis=0.066583 adv=5.410031 lam=2.628e-05 accD=0.9688
step=131600 rec=0.007814 dis=0.033010 adv=5.603061 lam=2.632e-05 accD=1.0000
step=131800 rec=0.007954 dis=0.081406 adv=5.375365 lam=2.636e-05 accD=0.9688
step=132000 rec=0.008721 dis=0.189390 adv=5.009250 lam=2.64e-05 accD=0.9062
step=132200 rec=0.007692 dis=0.105980 adv=5.167288 lam=2.644e-05 accD=0.9375
step=132400 rec=0.007653 dis=0.084949 adv=5.508224 lam=2.648e-05 accD=1.0000
step=132600 rec=0.008702 dis=0.160159 adv=4.998159 lam=2.652e-05 accD=0.9062
[VAL] epoch=84 val_rec=0.007836 time_min=1.2
step=132800 rec=0.008961 dis=0.127153 adv=4.748376 lam=2.656e-05 accD=1.0000
step=133000 rec=0.007893 dis=0.124607 adv=5.796659 lam=2.66e-05 accD=0.9688
step=133200 rec=0.008177 dis=0.223687 adv=5.183141 lam=2.664e-05 accD=0.8750
step=133400 rec=0.007763 dis=0.154203 adv=4.412616 lam=2.668e-05 accD=0.9688
step=133600 rec=0.007982 dis=0.110246 adv=6.734234 lam=2.672e-05 accD=0.9375
step=133800 rec=0.007462 dis=0.056318 adv=5.464545 lam=2.676e-05 accD=0.9688
step=134000 rec=0.006615 dis=0.427736 adv=5.277669 lam=2.68e-05 accD=0.8438
step=134200 rec=0.009896 dis=0.133307 adv=4.847877 lam=2.684e-05 accD=0.9062
[VAL] epoch=85 val_rec=0.008085 time_min=1.1
step=134400 rec=0.009005 dis=0.081326 adv=6.092145 lam=2.688e-05 accD=0.9688
step=134600 rec=0.009329 dis=0.070291 adv=4.653898 lam=2.692e-05 accD=0.9688
step=134800 rec=0.007667 dis=0.319175 adv=4.524737 lam=2.696e-05 accD=0.9375
step=135000 rec=0.006731 dis=0.097543 adv=5.948047 lam=2.7e-05 accD=0.9375
step=135200 rec=0.010030 dis=0.158406 adv=5.013759 lam=2.704e-05 accD=0.9062
step=135400 rec=0.008003 dis=0.066546 adv=5.080345 lam=2.708e-05 accD=1.0000
step=135600 rec=0.008069 dis=0.038677 adv=6.001908 lam=2.712e-05 accD=1.0000
step=135800 rec=0.008079 dis=0.093217 adv=6.797012 lam=2.716e-05 accD=0.9688
[VAL] epoch=86 val_rec=0.007876 time_min=1.2
step=136000 rec=0.009400 dis=0.050489 adv=5.420709 lam=2.72e-05 accD=1.0000
step=136200 rec=0.007751 dis=0.134040 adv=5.701349 lam=2.724e-05 accD=0.9375
step=136400 rec=0.007763 dis=0.327209 adv=6.274439 lam=2.728e-05 accD=0.8438
step=136600 rec=0.007855 dis=0.097774 adv=5.259549 lam=2.732e-05 accD=0.9688
step=136800 rec=0.009153 dis=0.136606 adv=5.157101 lam=2.736e-05 accD=0.9688
step=137000 rec=0.007567 dis=0.243095 adv=5.315433 lam=2.74e-05 accD=0.8750
step=137200 rec=0.007693 dis=0.387723 adv=4.657646 lam=2.744e-05 accD=0.9062
step=137400 rec=0.008522 dis=0.270855 adv=3.665600 lam=2.748e-05 accD=0.9062
[VAL] epoch=87 val_rec=0.007910 time_min=1.1
step=137600 rec=0.007293 dis=0.255447 adv=5.050693 lam=2.752e-05 accD=0.8750
step=137800 rec=0.008234 dis=0.295740 adv=4.875000 lam=2.756e-05 accD=0.8438
step=138000 rec=0.009118 dis=0.151608 adv=4.919275 lam=2.76e-05 accD=0.9688
step=138200 rec=0.007909 dis=0.161265 adv=5.985462 lam=2.764e-05 accD=0.9375
step=138400 rec=0.007966 dis=0.412484 adv=4.908241 lam=2.768e-05 accD=0.8750
step=138600 rec=0.007912 dis=0.191656 adv=5.124534 lam=2.772e-05 accD=0.8750
step=138800 rec=0.007911 dis=0.087821 adv=6.738590 lam=2.776e-05 accD=0.9688
step=139000 rec=0.006470 dis=0.315030 adv=4.592124 lam=2.78e-05 accD=0.9062
[VAL] epoch=88 val_rec=0.007855 time_min=1.2
step=139200 rec=0.008286 dis=0.100809 adv=5.754702 lam=2.784e-05 accD=0.9688
step=139400 rec=0.008364 dis=0.148590 adv=5.045888 lam=2.788e-05 accD=0.9062
step=139600 rec=0.007658 dis=0.219207 adv=4.858865 lam=2.792e-05 accD=0.9062
step=139800 rec=0.007937 dis=0.360123 adv=4.909974 lam=2.796e-05 accD=0.8750
step=140000 rec=0.008355 dis=0.250684 adv=5.235969 lam=2.8e-05 accD=0.8750
step=140200 rec=0.008154 dis=0.171591 adv=4.856927 lam=2.804e-05 accD=0.9375
step=140400 rec=0.007293 dis=0.142162 adv=5.787292 lam=2.808e-05 accD=0.9062
[VAL] epoch=89 val_rec=0.008041 time_min=1.1
step=140600 rec=0.007719 dis=0.114998 adv=5.196151 lam=2.812e-05 accD=0.9688
step=140800 rec=0.009617 dis=0.237419 adv=4.258335 lam=2.816e-05 accD=0.8438
step=141000 rec=0.007344 dis=0.546322 adv=4.913682 lam=2.82e-05 accD=0.7500
step=141200 rec=0.007774 dis=0.260226 adv=4.650382 lam=2.824e-05 accD=0.8750
step=141400 rec=0.008413 dis=0.206600 adv=4.673018 lam=2.828e-05 accD=0.9375
step=141600 rec=0.006788 dis=0.152223 adv=5.020977 lam=2.832e-05 accD=0.9062
step=141800 rec=0.008072 dis=0.139969 adv=5.087374 lam=2.836e-05 accD=0.9375
step=142000 rec=0.006812 dis=0.159519 adv=4.807193 lam=2.84e-05 accD=0.9062
[VAL] epoch=90 val_rec=0.008338 time_min=1.2
step=142200 rec=0.008215 dis=0.111251 adv=6.173655 lam=2.844e-05 accD=0.9375
step=142400 rec=0.007568 dis=0.374170 adv=4.485260 lam=2.848e-05 accD=0.8438
step=142600 rec=0.008331 dis=0.194001 adv=4.595273 lam=2.852e-05 accD=0.8438
step=142800 rec=0.007512 dis=0.222453 adv=5.277383 lam=2.856e-05 accD=0.9375
step=143000 rec=0.007676 dis=0.235097 adv=4.836099 lam=2.86e-05 accD=0.8438
step=143200 rec=0.007625 dis=0.066251 adv=5.032278 lam=2.864e-05 accD=1.0000
step=143400 rec=0.008011 dis=0.212864 adv=5.248418 lam=2.868e-05 accD=0.8750
step=143600 rec=0.008287 dis=0.059064 adv=4.927431 lam=2.872e-05 accD=1.0000
[VAL] epoch=91 val_rec=0.007774 time_min=1.2
step=143800 rec=0.008456 dis=0.343914 adv=5.134626 lam=2.876e-05 accD=0.9062
step=144000 rec=0.007082 dis=0.195568 adv=5.660689 lam=2.88e-05 accD=0.9062
step=144200 rec=0.008183 dis=0.172881 adv=5.061437 lam=2.884e-05 accD=0.9062
step=144400 rec=0.009435 dis=0.064893 adv=5.654711 lam=2.888e-05 accD=0.9375
step=144600 rec=0.007848 dis=0.187463 adv=5.571515 lam=2.892e-05 accD=0.9062
step=144800 rec=0.008145 dis=0.087563 adv=5.538003 lam=2.896e-05 accD=0.9688
step=145000 rec=0.008261 dis=0.172437 adv=4.933460 lam=2.9e-05 accD=0.9375
step=145200 rec=0.006938 dis=0.112565 adv=4.583028 lam=2.904e-05 accD=1.0000
[VAL] epoch=92 val_rec=0.007840 time_min=1.2
step=145400 rec=0.009458 dis=0.221471 adv=4.746054 lam=2.908e-05 accD=0.9375
step=145600 rec=0.007554 dis=0.135990 adv=5.040117 lam=2.912e-05 accD=0.9375
step=145800 rec=0.007790 dis=0.157886 adv=5.143257 lam=2.916e-05 accD=0.9062
step=146000 rec=0.009484 dis=0.110611 adv=5.101250 lam=2.92e-05 accD=0.9688
step=146200 rec=0.007675 dis=0.107486 adv=5.159667 lam=2.924e-05 accD=0.9688
step=146400 rec=0.007980 dis=0.235193 adv=5.015796 lam=2.928e-05 accD=0.8750
step=146600 rec=0.008520 dis=0.178884 adv=5.194856 lam=2.932e-05 accD=0.8750
step=146800 rec=0.008138 dis=0.398666 adv=5.067472 lam=2.936e-05 accD=0.7812
[VAL] epoch=93 val_rec=0.007812 time_min=1.1
step=147000 rec=0.007431 dis=0.099668 adv=4.003225 lam=2.94e-05 accD=0.9688
step=147200 rec=0.008303 dis=0.136942 adv=4.328669 lam=2.944e-05 accD=0.9062
step=147400 rec=0.007714 dis=0.192402 adv=5.199559 lam=2.948e-05 accD=0.9688
step=147600 rec=0.007906 dis=0.125477 adv=4.655694 lam=2.952e-05 accD=0.9375
step=147800 rec=0.007577 dis=0.177709 adv=4.732446 lam=2.956e-05 accD=0.9062
step=148000 rec=0.008291 dis=0.153170 adv=4.861930 lam=2.96e-05 accD=0.9375
step=148200 rec=0.008015 dis=0.242321 adv=5.934135 lam=2.964e-05 accD=0.9062
[VAL] epoch=94 val_rec=0.008006 time_min=1.2
step=148400 rec=0.007452 dis=0.144562 adv=4.915668 lam=2.968e-05 accD=0.9688
step=148600 rec=0.007805 dis=0.285023 adv=5.779625 lam=2.972e-05 accD=0.8438
step=148800 rec=0.007500 dis=0.118394 adv=5.268655 lam=2.976e-05 accD=0.9375
step=149000 rec=0.006920 dis=0.297977 adv=4.299530 lam=2.98e-05 accD=0.8750
step=149200 rec=0.008428 dis=0.227867 adv=5.151044 lam=2.984e-05 accD=0.9062
step=149400 rec=0.007476 dis=0.208967 adv=4.392192 lam=2.988e-05 accD=0.9062
step=149600 rec=0.007598 dis=0.256628 adv=4.993716 lam=2.992e-05 accD=0.8750
step=149800 rec=0.006711 dis=0.198301 adv=5.108005 lam=2.996e-05 accD=0.9062
[VAL] epoch=95 val_rec=0.007727 time_min=1.1
step=150000 rec=0.007801 dis=0.051701 adv=5.045571 lam=3e-05 accD=0.9688
step=150200 rec=0.008633 dis=0.256710 adv=4.622915 lam=3.004e-05 accD=0.9062
step=150400 rec=0.006307 dis=0.047057 adv=5.451916 lam=3.008e-05 accD=0.9688
step=150600 rec=0.007256 dis=0.155737 adv=5.472492 lam=3.012e-05 accD=0.9688
step=150800 rec=0.008919 dis=0.088820 adv=4.852246 lam=3.016e-05 accD=0.9688
step=151000 rec=0.007866 dis=0.255851 adv=5.078645 lam=3.02e-05 accD=0.8750
step=151200 rec=0.007071 dis=0.084999 adv=5.670779 lam=3.024e-05 accD=0.9688
step=151400 rec=0.007570 dis=0.123100 adv=5.350268 lam=3.028e-05 accD=0.9062
[VAL] epoch=96 val_rec=0.007899 time_min=1.2
step=151600 rec=0.007848 dis=0.060423 adv=4.603481 lam=3.032e-05 accD=1.0000
step=151800 rec=0.009506 dis=0.177885 adv=5.227641 lam=3.036e-05 accD=0.9062
step=152000 rec=0.008232 dis=0.155778 adv=5.203192 lam=3.04e-05 accD=0.9375
step=152200 rec=0.007884 dis=0.096373 adv=5.162653 lam=3.044e-05 accD=1.0000
step=152400 rec=0.007232 dis=0.156511 adv=5.137328 lam=3.048e-05 accD=0.9375
step=152600 rec=0.007962 dis=0.194074 adv=5.740830 lam=3.052e-05 accD=0.9062
step=152800 rec=0.007080 dis=0.321400 adv=4.777759 lam=3.056e-05 accD=0.8750
step=153000 rec=0.008708 dis=0.106807 adv=4.758986 lam=3.06e-05 accD=0.9688
[VAL] epoch=97 val_rec=0.007727 time_min=1.2
step=153200 rec=0.007902 dis=0.209312 adv=5.212583 lam=3.064e-05 accD=0.9062
step=153400 rec=0.008646 dis=0.093674 adv=4.846870 lam=3.068e-05 accD=1.0000
step=153600 rec=0.006961 dis=0.133573 adv=4.842910 lam=3.072e-05 accD=0.9375
step=153800 rec=0.008482 dis=0.256522 adv=4.585040 lam=3.076e-05 accD=0.9062
step=154000 rec=0.006970 dis=0.296960 adv=4.914182 lam=3.08e-05 accD=0.9062
step=154200 rec=0.008061 dis=0.131354 adv=5.768262 lam=3.084e-05 accD=0.9062
step=154400 rec=0.007585 dis=0.220052 adv=4.730731 lam=3.088e-05 accD=0.8125
step=154600 rec=0.008258 dis=0.122525 adv=5.006563 lam=3.092e-05 accD=0.9062
[VAL] epoch=98 val_rec=0.007685 time_min=1.1
step=154800 rec=0.007482 dis=0.044496 adv=6.243696 lam=3.096e-05 accD=0.9688
step=155000 rec=0.007302 dis=0.142560 adv=6.021216 lam=3.1e-05 accD=0.9062
step=155200 rec=0.007303 dis=0.300462 adv=5.032990 lam=3.104e-05 accD=0.8750
step=155400 rec=0.006864 dis=0.042230 adv=5.181054 lam=3.108e-05 accD=1.0000
step=155600 rec=0.008089 dis=0.320756 adv=4.484688 lam=3.112e-05 accD=0.9062
step=155800 rec=0.007106 dis=0.143799 adv=5.109751 lam=3.116e-05 accD=0.9688
step=156000 rec=0.008215 dis=0.138657 adv=5.663907 lam=3.12e-05 accD=0.9375
[VAL] epoch=99 val_rec=0.007699 time_min=1.2
step=156200 rec=0.007923 dis=0.171787 adv=4.463717 lam=3.124e-05 accD=0.9375
step=156400 rec=0.009077 dis=0.096964 adv=5.042456 lam=3.128e-05 accD=0.9375
step=156600 rec=0.008432 dis=0.145849 adv=5.619474 lam=3.132e-05 accD=0.9062
step=156800 rec=0.007759 dis=0.152938 adv=4.935767 lam=3.136e-05 accD=0.9062
step=157000 rec=0.007268 dis=0.288505 adv=4.610518 lam=3.14e-05 accD=0.8125
step=157200 rec=0.007493 dis=0.205770 adv=4.418832 lam=3.144e-05 accD=0.9062
step=157400 rec=0.008145 dis=0.180381 adv=4.682244 lam=3.148e-05 accD=0.9375
step=157600 rec=0.007892 dis=0.192426 adv=4.827267 lam=3.152e-05 accD=0.9375
[VAL] epoch=100 val_rec=0.007716 time_min=1.2
step=157800 rec=0.008145 dis=0.098510 adv=5.293328 lam=3.156e-05 accD=0.9688
step=158000 rec=0.007281 dis=0.136989 adv=5.747991 lam=3.16e-05 accD=0.9688
step=158200 rec=0.008180 dis=0.318338 adv=4.927727 lam=3.164e-05 accD=0.8438
step=158400 rec=0.007212 dis=0.098276 adv=4.602588 lam=3.168e-05 accD=1.0000
step=158600 rec=0.007773 dis=0.060960 adv=5.031622 lam=3.172e-05 accD=1.0000
step=158800 rec=0.008977 dis=0.145546 adv=5.274335 lam=3.176e-05 accD=0.9688
step=159000 rec=0.007930 dis=0.168885 adv=5.477398 lam=3.18e-05 accD=0.9062
step=159200 rec=0.007535 dis=0.305753 adv=4.507107 lam=3.184e-05 accD=0.8750
[VAL] epoch=101 val_rec=0.007561 time_min=1.2
step=159400 rec=0.008420 dis=0.094944 adv=4.900963 lam=3.188e-05 accD=0.9688
step=159600 rec=0.007239 dis=0.071162 adv=5.178351 lam=3.192e-05 accD=0.9688
step=159800 rec=0.007518 dis=0.187878 adv=4.807827 lam=3.196e-05 accD=0.9375
step=160000 rec=0.007612 dis=0.120351 adv=5.350580 lam=3.2e-05 accD=0.9062
step=160200 rec=0.008313 dis=0.173295 adv=4.513831 lam=3.204e-05 accD=0.9688
step=160400 rec=0.007998 dis=0.170248 adv=5.015321 lam=3.208e-05 accD=0.9375
step=160600 rec=0.006944 dis=0.168288 adv=4.574927 lam=3.212e-05 accD=0.9375
step=160800 rec=0.007140 dis=0.175569 adv=4.236475 lam=3.216e-05 accD=0.9062
[VAL] epoch=102 val_rec=0.007632 time_min=1.1
step=161000 rec=0.007831 dis=0.163073 adv=5.084768 lam=3.22e-05 accD=0.9375
step=161200 rec=0.007196 dis=0.068901 adv=5.895150 lam=3.224e-05 accD=1.0000
step=161400 rec=0.007999 dis=0.079564 adv=5.197348 lam=3.228e-05 accD=0.9688
step=161600 rec=0.007203 dis=0.222764 adv=5.062122 lam=3.232e-05 accD=0.9688
step=161800 rec=0.007420 dis=0.089736 adv=5.015380 lam=3.236e-05 accD=0.9688
step=162000 rec=0.008726 dis=0.139619 adv=5.215450 lam=3.24e-05 accD=0.9062
step=162200 rec=0.008559 dis=0.120704 adv=5.094593 lam=3.244e-05 accD=0.9375
step=162400 rec=0.008070 dis=0.170076 adv=3.997361 lam=3.248e-05 accD=0.9375
[VAL] epoch=103 val_rec=0.007728 time_min=1.2
step=162600 rec=0.007453 dis=0.181139 adv=4.275864 lam=3.252e-05 accD=0.9062
step=162800 rec=0.008019 dis=0.149345 adv=4.707931 lam=3.256e-05 accD=0.9375
step=163000 rec=0.006483 dis=0.122658 adv=4.649847 lam=3.26e-05 accD=0.9375
step=163200 rec=0.008768 dis=0.169992 adv=5.485170 lam=3.264e-05 accD=0.9062
step=163400 rec=0.007893 dis=0.353681 adv=3.884265 lam=3.268e-05 accD=0.8438
step=163600 rec=0.006889 dis=0.146966 adv=4.512898 lam=3.272e-05 accD=0.9688
step=163800 rec=0.007968 dis=0.169318 adv=4.932681 lam=3.276e-05 accD=0.8750
step=164000 rec=0.008556 dis=0.126233 adv=5.334223 lam=3.28e-05 accD=0.9688
[VAL] epoch=104 val_rec=0.007628 time_min=1.2
step=164200 rec=0.009042 dis=0.319860 adv=4.483953 lam=3.284e-05 accD=0.8750
step=164400 rec=0.007550 dis=0.360877 adv=5.587104 lam=3.288e-05 accD=0.9062
step=164600 rec=0.008263 dis=0.184204 adv=4.653073 lam=3.292e-05 accD=0.9375
step=164800 rec=0.007256 dis=0.290743 adv=4.770767 lam=3.296e-05 accD=0.8750
step=165000 rec=0.008533 dis=0.089139 adv=5.032704 lam=3.3e-05 accD=0.9375
step=165200 rec=0.006995 dis=0.132654 adv=4.785789 lam=3.304e-05 accD=0.9375
step=165400 rec=0.009242 dis=0.100271 adv=5.076561 lam=3.308e-05 accD=0.9688
[VAL] epoch=105 val_rec=0.007561 time_min=1.2
step=165600 rec=0.006653 dis=0.148757 adv=4.566603 lam=3.312e-05 accD=0.9688
step=165800 rec=0.009073 dis=0.074958 adv=4.718091 lam=3.316e-05 accD=1.0000
step=166000 rec=0.007711 dis=0.096486 adv=5.510724 lam=3.32e-05 accD=0.9688
step=166200 rec=0.009027 dis=0.184592 adv=4.514901 lam=3.324e-05 accD=0.9375
step=166400 rec=0.007898 dis=0.161064 adv=4.888283 lam=3.328e-05 accD=0.9375
step=166600 rec=0.008285 dis=0.077337 adv=4.944241 lam=3.332e-05 accD=1.0000
step=166800 rec=0.006748 dis=0.175307 adv=5.500427 lam=3.336e-05 accD=0.9375
step=167000 rec=0.007952 dis=0.278614 adv=4.489795 lam=3.34e-05 accD=0.9375
[VAL] epoch=106 val_rec=0.007745 time_min=1.1
step=167200 rec=0.007562 dis=0.284058 adv=3.871208 lam=3.344e-05 accD=0.8125
step=167400 rec=0.008282 dis=0.145992 adv=4.363813 lam=3.348e-05 accD=0.9688
step=167600 rec=0.007765 dis=0.178803 adv=4.519990 lam=3.352e-05 accD=0.9375
step=167800 rec=0.008567 dis=0.069034 adv=4.058991 lam=3.356e-05 accD=0.9688
step=168000 rec=0.008093 dis=0.046485 adv=5.732418 lam=3.36e-05 accD=0.9688
step=168200 rec=0.007298 dis=0.104687 adv=4.839252 lam=3.364e-05 accD=0.9688
step=168400 rec=0.009323 dis=0.258968 adv=4.251115 lam=3.368e-05 accD=0.8750
step=168600 rec=0.007919 dis=0.314594 adv=4.695801 lam=3.372e-05 accD=0.8438
[VAL] epoch=107 val_rec=0.007749 time_min=1.2
step=168800 rec=0.009768 dis=0.204222 adv=4.589328 lam=3.376e-05 accD=0.9062
step=169000 rec=0.007946 dis=0.162110 adv=4.021789 lam=3.38e-05 accD=0.9688
step=169200 rec=0.006931 dis=0.103873 adv=5.055610 lam=3.384e-05 accD=0.9688
step=169400 rec=0.007619 dis=0.272473 adv=5.399665 lam=3.388e-05 accD=0.9062
step=169600 rec=0.007359 dis=0.136547 adv=4.365121 lam=3.392e-05 accD=0.9375
step=169800 rec=0.008291 dis=0.127447 adv=4.851266 lam=3.396e-05 accD=0.9375
step=170000 rec=0.007736 dis=0.063232 adv=4.822598 lam=3.4e-05 accD=0.9688
step=170200 rec=0.007527 dis=0.227018 adv=5.224798 lam=3.404e-05 accD=0.9375
[VAL] epoch=108 val_rec=0.007507 time_min=1.1
step=170400 rec=0.007599 dis=0.208894 adv=5.000931 lam=3.408e-05 accD=0.9062
step=170600 rec=0.008395 dis=0.042145 adv=5.561069 lam=3.412e-05 accD=1.0000
step=170800 rec=0.009234 dis=0.235862 adv=4.678287 lam=3.416e-05 accD=0.9062
step=171000 rec=0.006354 dis=0.096032 adv=4.560383 lam=3.42e-05 accD=0.9688
step=171200 rec=0.006656 dis=0.085803 adv=5.490764 lam=3.424e-05 accD=1.0000
step=171400 rec=0.007640 dis=0.119503 adv=4.838852 lam=3.428e-05 accD=0.9688
step=171600 rec=0.008325 dis=0.180458 adv=5.638215 lam=3.432e-05 accD=0.9375
step=171800 rec=0.008349 dis=0.255713 adv=3.797562 lam=3.436e-05 accD=0.8750
[VAL] epoch=109 val_rec=0.007686 time_min=1.2
step=172000 rec=0.008467 dis=0.079481 adv=4.364200 lam=3.44e-05 accD=1.0000
step=172200 rec=0.007249 dis=0.223982 adv=5.101991 lam=3.444e-05 accD=0.9062
step=172400 rec=0.007724 dis=0.192268 adv=5.018483 lam=3.448e-05 accD=0.9062
step=172600 rec=0.006904 dis=0.229880 adv=5.338148 lam=3.452e-05 accD=0.8750
step=172800 rec=0.008163 dis=0.148127 adv=5.044056 lam=3.456e-05 accD=0.9062
step=173000 rec=0.009034 dis=0.239619 adv=4.606406 lam=3.46e-05 accD=0.9062
step=173200 rec=0.007452 dis=0.122921 adv=5.041800 lam=3.464e-05 accD=0.9688
[VAL] epoch=110 val_rec=0.007600 time_min=1.2
step=173400 rec=0.006687 dis=0.202236 adv=4.794390 lam=3.468e-05 accD=0.9062
step=173600 rec=0.007727 dis=0.095338 adv=4.844718 lam=3.472e-05 accD=0.9688
step=173800 rec=0.007052 dis=0.111190 adv=4.956421 lam=3.476e-05 accD=0.9688
step=174000 rec=0.006583 dis=0.193739 adv=5.074339 lam=3.48e-05 accD=0.9062
step=174200 rec=0.007540 dis=0.127858 adv=4.725409 lam=3.484e-05 accD=0.9688
step=174400 rec=0.006850 dis=0.260970 adv=5.283060 lam=3.488e-05 accD=0.8438
step=174600 rec=0.006843 dis=0.092717 adv=5.311093 lam=3.492e-05 accD=0.9375
step=174800 rec=0.007131 dis=0.182687 adv=4.754337 lam=3.496e-05 accD=0.9062
[VAL] epoch=111 val_rec=0.007495 time_min=1.2
step=175000 rec=0.007621 dis=0.182917 adv=4.460665 lam=3.5e-05 accD=0.9688
step=175200 rec=0.007521 dis=0.188655 adv=4.660707 lam=3.504e-05 accD=0.9375
step=175400 rec=0.007589 dis=0.118487 adv=5.984806 lam=3.508e-05 accD=0.9375
step=175600 rec=0.007494 dis=0.362827 adv=4.583897 lam=3.512e-05 accD=0.8750
step=175800 rec=0.007738 dis=0.219918 adv=4.761719 lam=3.516e-05 accD=0.9062
step=176000 rec=0.007957 dis=0.208411 adv=5.395714 lam=3.52e-05 accD=0.8750
step=176200 rec=0.007852 dis=0.043880 adv=5.400675 lam=3.524e-05 accD=1.0000
step=176400 rec=0.007541 dis=0.154128 adv=4.877846 lam=3.528e-05 accD=0.9062
[VAL] epoch=112 val_rec=0.007526 time_min=1.1
step=176600 rec=0.008663 dis=0.340816 adv=4.068094 lam=3.532e-05 accD=0.9062
step=176800 rec=0.008016 dis=0.322406 adv=4.804873 lam=3.536e-05 accD=0.9062
step=177000 rec=0.007443 dis=0.070774 adv=4.922845 lam=3.54e-05 accD=0.9688
step=177200 rec=0.007728 dis=0.214155 adv=5.276775 lam=3.544e-05 accD=0.9062
step=177400 rec=0.008020 dis=0.107697 adv=4.700265 lam=3.548e-05 accD=0.9688
step=177600 rec=0.007652 dis=0.100063 adv=4.279834 lam=3.552e-05 accD=0.9375
step=177800 rec=0.009280 dis=0.333335 adv=3.799586 lam=3.556e-05 accD=0.8438
step=178000 rec=0.008424 dis=0.240919 adv=5.393202 lam=3.56e-05 accD=0.8750
[VAL] epoch=113 val_rec=0.007650 time_min=1.2
step=178200 rec=0.009658 dis=0.231935 adv=5.194158 lam=3.564e-05 accD=0.9375
step=178400 rec=0.008484 dis=0.158476 adv=4.597614 lam=3.568e-05 accD=0.9375
step=178600 rec=0.007134 dis=0.122114 adv=5.167502 lam=3.572e-05 accD=0.9688
step=178800 rec=0.007896 dis=0.087444 adv=5.920959 lam=3.576e-05 accD=0.9375
step=179000 rec=0.007498 dis=0.273665 adv=4.532759 lam=3.58e-05 accD=0.8438
step=179200 rec=0.007092 dis=0.296733 adv=4.823454 lam=3.584e-05 accD=0.8750
step=179400 rec=0.007952 dis=0.176199 adv=3.999638 lam=3.588e-05 accD=0.9375
step=179600 rec=0.008348 dis=0.152052 adv=5.400652 lam=3.592e-05 accD=0.9688
[VAL] epoch=114 val_rec=0.007381 time_min=1.1
step=179800 rec=0.007342 dis=0.228588 adv=4.899850 lam=3.596e-05 accD=0.9062
step=180000 rec=0.008387 dis=0.115265 adv=4.121935 lam=3.6e-05 accD=0.9688
step=180200 rec=0.006308 dis=0.428937 adv=4.817467 lam=3.604e-05 accD=0.8438
step=180400 rec=0.007209 dis=0.107799 adv=5.372487 lam=3.608e-05 accD=0.9375
step=180600 rec=0.007864 dis=0.147802 adv=4.741168 lam=3.612e-05 accD=0.9375
step=180800 rec=0.006728 dis=0.190128 adv=4.178460 lam=3.616e-05 accD=0.9375
step=181000 rec=0.006915 dis=0.220888 adv=4.901759 lam=3.62e-05 accD=0.9375
[VAL] epoch=115 val_rec=0.007499 time_min=1.2
step=181200 rec=0.007385 dis=0.180587 adv=5.352031 lam=3.624e-05 accD=0.9062
step=181400 rec=0.007073 dis=0.253670 adv=4.215967 lam=3.628e-05 accD=0.9062
step=181600 rec=0.006932 dis=0.083813 adv=5.188584 lam=3.632e-05 accD=0.9375
step=181800 rec=0.006964 dis=0.202813 adv=4.690785 lam=3.636e-05 accD=0.9375
step=182000 rec=0.007799 dis=0.303073 adv=4.895824 lam=3.64e-05 accD=0.8750
step=182200 rec=0.007468 dis=0.098712 adv=5.433104 lam=3.644e-05 accD=0.9688
step=182400 rec=0.006635 dis=0.189391 adv=4.181560 lam=3.648e-05 accD=0.8750
step=182600 rec=0.007737 dis=0.147364 adv=4.953712 lam=3.652e-05 accD=0.9375
[VAL] epoch=116 val_rec=0.007620 time_min=1.2
step=182800 rec=0.006782 dis=0.446219 adv=4.533155 lam=3.656e-05 accD=0.8125
step=183000 rec=0.007394 dis=0.284977 adv=4.258443 lam=3.66e-05 accD=0.8438
step=183200 rec=0.007779 dis=0.208616 adv=5.082584 lam=3.664e-05 accD=0.9688
step=183400 rec=0.007370 dis=0.187198 adv=4.251633 lam=3.668e-05 accD=0.9375
step=183600 rec=0.008269 dis=0.153355 adv=4.114714 lam=3.672e-05 accD=0.9375
step=183800 rec=0.006559 dis=0.086208 adv=5.609622 lam=3.676e-05 accD=0.9688
step=184000 rec=0.008530 dis=0.257058 adv=3.528675 lam=3.68e-05 accD=0.9062
step=184200 rec=0.007982 dis=0.107078 adv=5.611413 lam=3.684e-05 accD=0.9375
[VAL] epoch=117 val_rec=0.007758 time_min=1.2
step=184400 rec=0.008753 dis=0.183419 adv=4.521338 lam=3.688e-05 accD=0.9062
step=184600 rec=0.008116 dis=0.192747 adv=5.576230 lam=3.692e-05 accD=0.8750
step=184800 rec=0.008555 dis=0.170445 adv=6.224292 lam=3.696e-05 accD=0.9375
step=185000 rec=0.006821 dis=0.076511 adv=5.544161 lam=3.7e-05 accD=0.9375
step=185200 rec=0.005974 dis=0.129599 adv=5.652246 lam=3.704e-05 accD=0.9688
step=185400 rec=0.007007 dis=0.209990 adv=4.732807 lam=3.708e-05 accD=0.9062
step=185600 rec=0.007727 dis=0.185409 adv=4.870142 lam=3.712e-05 accD=0.9375
step=185800 rec=0.007819 dis=0.228946 adv=4.951889 lam=3.716e-05 accD=0.9062
[VAL] epoch=118 val_rec=0.007456 time_min=1.1
step=186000 rec=0.007134 dis=0.241914 adv=5.158616 lam=3.72e-05 accD=0.9062
step=186200 rec=0.008035 dis=0.124290 adv=4.004124 lam=3.724e-05 accD=0.9688
step=186400 rec=0.006685 dis=0.245523 adv=4.861074 lam=3.728e-05 accD=0.9062
step=186600 rec=0.007762 dis=0.205134 adv=4.424922 lam=3.732e-05 accD=0.8750
step=186800 rec=0.007926 dis=0.070014 adv=5.157786 lam=3.736e-05 accD=1.0000
step=187000 rec=0.007215 dis=0.081917 adv=5.271520 lam=3.74e-05 accD=1.0000
step=187200 rec=0.007320 dis=0.188225 adv=5.472042 lam=3.744e-05 accD=0.9062
step=187400 rec=0.008588 dis=0.268022 adv=5.015025 lam=3.748e-05 accD=0.8438
[VAL] epoch=119 val_rec=0.007262 time_min=1.2
step=187600 rec=0.006872 dis=0.325275 adv=4.844320 lam=3.752e-05 accD=0.7812
step=187800 rec=0.007258 dis=0.088993 adv=4.739907 lam=3.756e-05 accD=0.9375
step=188000 rec=0.007769 dis=0.249750 adv=4.292979 lam=3.76e-05 accD=0.9062
step=188200 rec=0.007690 dis=0.260151 adv=5.446682 lam=3.764e-05 accD=0.9375
step=188400 rec=0.008522 dis=0.307099 adv=4.273884 lam=3.768e-05 accD=0.8438
step=188600 rec=0.009257 dis=0.249922 adv=4.279800 lam=3.772e-05 accD=0.8750
step=188800 rec=0.007512 dis=0.237006 adv=4.395758 lam=3.776e-05 accD=0.9375
step=189000 rec=0.007726 dis=0.086768 adv=5.004196 lam=3.78e-05 accD=1.0000
[VAL] epoch=120 val_rec=0.007674 time_min=1.2
step=189200 rec=0.007545 dis=0.168244 adv=4.522640 lam=3.784e-05 accD=0.9375
step=189400 rec=0.006608 dis=0.385603 adv=4.531938 lam=3.788e-05 accD=0.8750
step=189600 rec=0.007758 dis=0.134898 adv=5.503415 lam=3.792e-05 accD=0.9375
step=189800 rec=0.008085 dis=0.224651 adv=5.547431 lam=3.796e-05 accD=0.9062
step=190000 rec=0.007319 dis=0.252076 adv=5.593661 lam=3.8e-05 accD=0.9062
step=190200 rec=0.007219 dis=0.119112 adv=5.252403 lam=3.804e-05 accD=0.9688
step=190400 rec=0.007752 dis=0.290164 adv=4.254823 lam=3.808e-05 accD=0.9062
[VAL] epoch=121 val_rec=0.007310 time_min=1.1
step=190600 rec=0.007648 dis=0.089169 adv=5.133373 lam=3.812e-05 accD=0.9688
step=190800 rec=0.006244 dis=0.133356 adv=4.486088 lam=3.816e-05 accD=0.9375
step=191000 rec=0.006350 dis=0.261762 adv=3.195739 lam=3.82e-05 accD=0.9062
step=191200 rec=0.007720 dis=0.181563 adv=5.215522 lam=3.824e-05 accD=0.9375
step=191400 rec=0.008474 dis=0.278734 adv=4.554712 lam=3.828e-05 accD=0.9375
step=191600 rec=0.006062 dis=0.191711 adv=5.330612 lam=3.832e-05 accD=0.9062
step=191800 rec=0.007513 dis=0.118684 adv=5.525384 lam=3.836e-05 accD=0.9375
step=192000 rec=0.006636 dis=0.075781 adv=5.471611 lam=3.84e-05 accD=1.0000
[VAL] epoch=122 val_rec=0.007800 time_min=1.2
step=192200 rec=0.008381 dis=0.120818 adv=4.760157 lam=3.844e-05 accD=0.9688
step=192400 rec=0.006846 dis=0.082606 adv=4.757340 lam=3.848e-05 accD=1.0000
step=192600 rec=0.007256 dis=0.205138 adv=4.992929 lam=3.852e-05 accD=0.9062
step=192800 rec=0.007541 dis=0.179536 adv=5.325439 lam=3.856e-05 accD=0.9062
step=193000 rec=0.007445 dis=0.323945 adv=4.143411 lam=3.86e-05 accD=0.8438
step=193200 rec=0.006473 dis=0.210864 adv=4.568986 lam=3.864e-05 accD=0.9062
step=193400 rec=0.008823 dis=0.107114 adv=5.925794 lam=3.868e-05 accD=0.9375
step=193600 rec=0.007005 dis=0.055930 adv=5.318491 lam=3.872e-05 accD=0.9688
[VAL] epoch=123 val_rec=0.007419 time_min=1.2
step=193800 rec=0.007740 dis=0.222455 adv=5.100429 lam=3.876e-05 accD=0.9375
step=194000 rec=0.008962 dis=0.230200 adv=4.571287 lam=3.88e-05 accD=0.9062
step=194200 rec=0.007033 dis=0.156282 adv=4.917104 lam=3.884e-05 accD=0.9688
step=194400 rec=0.007872 dis=0.318416 adv=5.368381 lam=3.888e-05 accD=0.8750
step=194600 rec=0.008772 dis=0.305009 adv=4.549350 lam=3.892e-05 accD=0.8438
step=194800 rec=0.006443 dis=0.201003 adv=5.619092 lam=3.896e-05 accD=0.9062
step=195000 rec=0.006866 dis=0.143121 adv=4.934706 lam=3.9e-05 accD=0.9375
step=195200 rec=0.007502 dis=0.161405 adv=4.953484 lam=3.904e-05 accD=0.9062
[VAL] epoch=124 val_rec=0.007407 time_min=1.2
step=195400 rec=0.006599 dis=0.185197 adv=4.870430 lam=3.908e-05 accD=0.9375
step=195600 rec=0.006736 dis=0.149038 adv=5.636181 lam=3.912e-05 accD=0.9375
step=195800 rec=0.007931 dis=0.162859 adv=4.714976 lam=3.916e-05 accD=0.9375
step=196000 rec=0.007117 dis=0.417611 adv=4.251163 lam=3.92e-05 accD=0.8125
step=196200 rec=0.006772 dis=0.093981 adv=5.068670 lam=3.924e-05 accD=0.9688
step=196400 rec=0.007138 dis=0.213179 adv=5.076996 lam=3.928e-05 accD=0.9375
step=196600 rec=0.007571 dis=0.158541 adv=4.854241 lam=3.932e-05 accD=0.9062
step=196800 rec=0.007410 dis=0.064668 adv=4.990196 lam=3.936e-05 accD=0.9688
[VAL] epoch=125 val_rec=0.007236 time_min=1.1
step=197000 rec=0.007777 dis=0.078640 adv=5.738221 lam=3.94e-05 accD=0.9688
step=197200 rec=0.007106 dis=0.118932 adv=4.658489 lam=3.944e-05 accD=0.9688
step=197400 rec=0.007641 dis=0.127992 adv=5.376942 lam=3.948e-05 accD=0.9688
step=197600 rec=0.007767 dis=0.258621 adv=4.306908 lam=3.952e-05 accD=0.9062
step=197800 rec=0.006925 dis=0.043888 adv=5.138037 lam=3.956e-05 accD=1.0000
step=198000 rec=0.006727 dis=0.107713 adv=4.734231 lam=3.96e-05 accD=0.9688
step=198200 rec=0.007835 dis=0.109868 adv=5.558421 lam=3.964e-05 accD=0.9062
[VAL] epoch=126 val_rec=0.007271 time_min=1.2
step=198400 rec=0.007388 dis=0.046158 adv=5.092943 lam=3.968e-05 accD=1.0000
step=198600 rec=0.007761 dis=0.240364 adv=5.242335 lam=3.972e-05 accD=0.9375
step=198800 rec=0.007893 dis=0.159500 adv=5.303922 lam=3.976e-05 accD=0.8750
step=199000 rec=0.007745 dis=0.099754 adv=5.252313 lam=3.98e-05 accD=0.9688
step=199200 rec=0.007458 dis=0.100730 adv=4.643215 lam=3.984e-05 accD=0.9375
step=199400 rec=0.007472 dis=0.188890 adv=4.657817 lam=3.988e-05 accD=0.9062
step=199600 rec=0.008627 dis=0.136225 adv=4.845473 lam=3.992e-05 accD=0.9375
step=199800 rec=0.006877 dis=0.049563 adv=5.480657 lam=3.996e-05 accD=1.0000
[VAL] epoch=127 val_rec=0.007468 time_min=1.1
step=200000 rec=0.008132 dis=0.164380 adv=4.823765 lam=4e-05 accD=0.9375
step=200200 rec=0.007996 dis=0.125634 adv=4.592442 lam=4.004e-05 accD=0.9375
step=200400 rec=0.008153 dis=0.358625 adv=4.379025 lam=4.008e-05 accD=0.8438
step=200600 rec=0.006720 dis=0.091044 adv=5.363732 lam=4.012e-05 accD=0.9688
step=200800 rec=0.006844 dis=0.234877 adv=4.623125 lam=4.016e-05 accD=0.8750
step=201000 rec=0.006502 dis=0.088224 adv=4.713544 lam=4.02e-05 accD=1.0000
step=201200 rec=0.007687 dis=0.335430 adv=4.563715 lam=4.024e-05 accD=0.8750
step=201400 rec=0.008041 dis=0.203463 adv=5.142878 lam=4.028e-05 accD=0.9375
[VAL] epoch=128 val_rec=0.007256 time_min=1.2
step=201600 rec=0.006556 dis=0.303609 adv=4.384762 lam=4.032e-05 accD=0.8438
step=201800 rec=0.007448 dis=0.160967 adv=5.072184 lam=4.036e-05 accD=0.9375
step=202000 rec=0.007475 dis=0.234183 adv=4.611134 lam=4.04e-05 accD=0.9062
step=202200 rec=0.007206 dis=0.074660 adv=5.805708 lam=4.044e-05 accD=0.9688
step=202400 rec=0.007635 dis=0.309428 adv=4.668451 lam=4.048e-05 accD=0.8750
step=202600 rec=0.006025 dis=0.273113 adv=5.024192 lam=4.052e-05 accD=0.9375
step=202800 rec=0.007728 dis=0.111626 adv=5.135714 lam=4.056e-05 accD=0.9375
step=203000 rec=0.007166 dis=0.220575 adv=3.928045 lam=4.06e-05 accD=0.9062
[VAL] epoch=129 val_rec=0.007352 time_min=1.1
step=203200 rec=0.006417 dis=0.089759 adv=5.575277 lam=4.064e-05 accD=0.9688
step=203400 rec=0.007110 dis=0.085567 adv=5.322601 lam=4.068e-05 accD=0.9688
step=203600 rec=0.006671 dis=0.098091 adv=5.795327 lam=4.072e-05 accD=0.9688
step=203800 rec=0.006419 dis=0.240858 adv=5.145076 lam=4.076e-05 accD=0.9062
step=204000 rec=0.009940 dis=0.126700 adv=5.444151 lam=4.08e-05 accD=0.9688
step=204200 rec=0.008039 dis=0.099281 adv=4.809053 lam=4.084e-05 accD=0.9688
step=204400 rec=0.007939 dis=0.268551 adv=4.650664 lam=4.088e-05 accD=0.8750
step=204600 rec=0.006038 dis=0.195558 adv=4.699121 lam=4.092e-05 accD=0.9375
[VAL] epoch=130 val_rec=0.007146 time_min=1.2
step=204800 rec=0.007213 dis=0.465734 adv=4.539398 lam=4.096e-05 accD=0.8438
step=205000 rec=0.006721 dis=0.247404 adv=3.988676 lam=4.1e-05 accD=0.8750
step=205200 rec=0.007322 dis=0.105632 adv=5.122061 lam=4.104e-05 accD=0.9688
step=205400 rec=0.007747 dis=0.230341 adv=5.129133 lam=4.108e-05 accD=0.9062
step=205600 rec=0.007477 dis=0.252873 adv=4.274432 lam=4.112e-05 accD=0.8438
step=205800 rec=0.006830 dis=0.168907 adv=4.477682 lam=4.116e-05 accD=0.9062
step=206000 rec=0.006416 dis=0.151063 adv=4.409585 lam=4.12e-05 accD=0.9688
[VAL] epoch=131 val_rec=0.007255 time_min=1.1
step=206200 rec=0.007016 dis=0.348516 adv=4.291852 lam=4.124e-05 accD=0.8438
step=206400 rec=0.008319 dis=0.129170 adv=4.548043 lam=4.128e-05 accD=0.9375
step=206600 rec=0.006471 dis=0.122833 adv=4.998014 lam=4.132e-05 accD=0.9375
step=206800 rec=0.008148 dis=0.081187 adv=5.681645 lam=4.136e-05 accD=0.9375
step=207000 rec=0.006911 dis=0.215142 adv=4.877999 lam=4.14e-05 accD=0.9375
step=207200 rec=0.007950 dis=0.248807 adv=4.700827 lam=4.144e-05 accD=0.8750
step=207400 rec=0.007105 dis=0.144959 adv=4.310650 lam=4.148e-05 accD=0.9688
step=207600 rec=0.008471 dis=0.271156 adv=3.788760 lam=4.152e-05 accD=0.8750
[VAL] epoch=132 val_rec=0.007235 time_min=1.2
step=207800 rec=0.007868 dis=0.169699 adv=4.105079 lam=4.156e-05 accD=0.9062
step=208000 rec=0.006941 dis=0.098859 adv=5.037993 lam=4.16e-05 accD=0.9688
step=208200 rec=0.007823 dis=0.113907 adv=4.829819 lam=4.164e-05 accD=0.9688
step=208400 rec=0.006268 dis=0.226091 adv=4.245976 lam=4.168e-05 accD=0.9062
step=208600 rec=0.007265 dis=0.145199 adv=4.690822 lam=4.172e-05 accD=0.9375
step=208800 rec=0.007061 dis=0.102940 adv=6.066998 lam=4.176e-05 accD=0.9375
step=209000 rec=0.007846 dis=0.135954 adv=4.694100 lam=4.18e-05 accD=0.9375
step=209200 rec=0.006561 dis=0.262042 adv=5.849911 lam=4.184e-05 accD=0.8438
[VAL] epoch=133 val_rec=0.007131 time_min=1.2
step=209400 rec=0.009144 dis=0.257965 adv=4.919549 lam=4.188e-05 accD=0.8750
step=209600 rec=0.008115 dis=0.104088 adv=4.909474 lam=4.192e-05 accD=0.9375
step=209800 rec=0.007788 dis=0.246057 adv=4.521873 lam=4.196e-05 accD=0.9375
step=210000 rec=0.007356 dis=0.296508 adv=4.293734 lam=4.2e-05 accD=0.9062
step=210200 rec=0.007155 dis=0.212793 adv=5.281419 lam=4.204e-05 accD=0.9375
step=210400 rec=0.006882 dis=0.166325 adv=4.443786 lam=4.208e-05 accD=0.9062
step=210600 rec=0.006859 dis=0.301066 adv=3.753412 lam=4.212e-05 accD=0.9062
step=210800 rec=0.007847 dis=0.083427 adv=4.611812 lam=4.216e-05 accD=0.9688
[VAL] epoch=134 val_rec=0.007112 time_min=1.2
step=211000 rec=0.007663 dis=0.068677 adv=4.971968 lam=4.22e-05 accD=0.9688
step=211200 rec=0.008359 dis=0.239403 adv=4.358680 lam=4.224e-05 accD=0.9062
step=211400 rec=0.007927 dis=0.090902 adv=4.952911 lam=4.228e-05 accD=1.0000
step=211600 rec=0.006528 dis=0.116466 adv=3.612248 lam=4.232e-05 accD=0.9375
step=211800 rec=0.008490 dis=0.107635 adv=4.852750 lam=4.236e-05 accD=0.9375
step=212000 rec=0.006949 dis=0.402829 adv=3.890639 lam=4.24e-05 accD=0.8438
step=212200 rec=0.006644 dis=0.118316 adv=5.134866 lam=4.244e-05 accD=0.9688
step=212400 rec=0.007216 dis=0.164393 adv=4.687320 lam=4.248e-05 accD=0.9062
[VAL] epoch=135 val_rec=0.007228 time_min=1.1
step=212600 rec=0.007943 dis=0.330521 adv=4.353974 lam=4.252e-05 accD=0.8438
step=212800 rec=0.007091 dis=0.280520 adv=3.948154 lam=4.256e-05 accD=0.9062
step=213000 rec=0.007700 dis=0.157786 adv=5.207283 lam=4.26e-05 accD=0.8750
step=213200 rec=0.006886 dis=0.130702 adv=5.387179 lam=4.264e-05 accD=0.9375
step=213400 rec=0.008112 dis=0.214503 adv=5.180209 lam=4.268e-05 accD=0.9062
step=213600 rec=0.008074 dis=0.252152 adv=3.613307 lam=4.272e-05 accD=0.8750
step=213800 rec=0.007919 dis=0.321419 adv=4.815874 lam=4.276e-05 accD=0.9062
[VAL] epoch=136 val_rec=0.007114 time_min=1.2
step=214000 rec=0.006818 dis=0.168731 adv=5.191695 lam=4.28e-05 accD=0.9375
step=214200 rec=0.007752 dis=0.197870 adv=4.538161 lam=4.284e-05 accD=0.9062
step=214400 rec=0.007416 dis=0.205383 adv=5.049085 lam=4.288e-05 accD=0.9375
step=214600 rec=0.007384 dis=0.301868 adv=4.855613 lam=4.292e-05 accD=0.9375
step=214800 rec=0.006068 dis=0.207499 adv=5.170620 lam=4.296e-05 accD=0.9062
step=215000 rec=0.007036 dis=0.090329 adv=4.668456 lam=4.3e-05 accD=0.9688
step=215200 rec=0.008549 dis=0.076253 adv=5.380747 lam=4.304e-05 accD=0.9688
step=215400 rec=0.006897 dis=0.302536 adv=4.821397 lam=4.308e-05 accD=0.9375
[VAL] epoch=137 val_rec=0.007086 time_min=1.1
step=215600 rec=0.006405 dis=0.312221 adv=4.468542 lam=4.312e-05 accD=0.8438
step=215800 rec=0.006706 dis=0.076025 adv=4.867990 lam=4.316e-05 accD=1.0000
step=216000 rec=0.007793 dis=0.230593 adv=4.765072 lam=4.32e-05 accD=0.9062
step=216200 rec=0.007933 dis=0.067895 adv=4.534827 lam=4.324e-05 accD=1.0000
step=216400 rec=0.007430 dis=0.157572 adv=5.054561 lam=4.328e-05 accD=0.9375
step=216600 rec=0.007390 dis=0.148226 adv=4.367413 lam=4.332e-05 accD=0.9062
step=216800 rec=0.007593 dis=0.181346 adv=5.507726 lam=4.336e-05 accD=0.9375
step=217000 rec=0.006975 dis=0.203256 adv=3.737597 lam=4.34e-05 accD=0.9375
[VAL] epoch=138 val_rec=0.007123 time_min=1.2
step=217200 rec=0.008079 dis=0.104761 adv=4.793897 lam=4.344e-05 accD=0.9688
step=217400 rec=0.007270 dis=0.184676 adv=4.596424 lam=4.348e-05 accD=0.9375
step=217600 rec=0.007417 dis=0.286044 adv=4.343408 lam=4.352e-05 accD=0.8438
step=217800 rec=0.006768 dis=0.195453 adv=4.776509 lam=4.356e-05 accD=0.9375
step=218000 rec=0.006368 dis=0.228040 adv=4.967005 lam=4.36e-05 accD=0.9062
step=218200 rec=0.007136 dis=0.214004 adv=4.106009 lam=4.364e-05 accD=0.8750
step=218400 rec=0.008160 dis=0.163449 adv=4.628662 lam=4.368e-05 accD=0.9062
step=218600 rec=0.007822 dis=0.143204 adv=4.597024 lam=4.372e-05 accD=0.9688
[VAL] epoch=139 val_rec=0.007301 time_min=1.1
step=218800 rec=0.007958 dis=0.117579 adv=5.295019 lam=4.376e-05 accD=0.9375
step=219000 rec=0.006142 dis=0.295970 adv=4.427745 lam=4.38e-05 accD=0.8750
step=219200 rec=0.008381 dis=0.155996 adv=4.663869 lam=4.384e-05 accD=0.9688
step=219400 rec=0.006776 dis=0.206396 adv=4.909236 lam=4.388e-05 accD=0.9062
step=219600 rec=0.007651 dis=0.305362 adv=5.124389 lam=4.392e-05 accD=0.8750
step=219800 rec=0.006106 dis=0.308102 adv=4.313964 lam=4.396e-05 accD=0.8125
step=220000 rec=0.008111 dis=0.181236 adv=4.389441 lam=4.4e-05 accD=0.9062
step=220200 rec=0.007577 dis=0.318784 adv=4.004106 lam=4.404e-05 accD=0.9062
[VAL] epoch=140 val_rec=0.007036 time_min=1.2
step=220400 rec=0.007483 dis=0.162560 adv=4.842406 lam=4.408e-05 accD=0.9688
step=220600 rec=0.007197 dis=0.208626 adv=4.879486 lam=4.412e-05 accD=0.9062
step=220800 rec=0.007070 dis=0.087600 adv=4.347558 lam=4.416e-05 accD=0.9688
step=221000 rec=0.007836 dis=0.077410 adv=5.061726 lam=4.42e-05 accD=1.0000
step=221200 rec=0.007575 dis=0.217156 adv=4.581642 lam=4.424e-05 accD=0.9062
step=221400 rec=0.006899 dis=0.197737 adv=4.739540 lam=4.428e-05 accD=0.9062
step=221600 rec=0.007368 dis=0.256100 adv=3.645439 lam=4.432e-05 accD=0.9062
step=221800 rec=0.007334 dis=0.263730 adv=5.158836 lam=4.436e-05 accD=0.8750
[VAL] epoch=141 val_rec=0.007095 time_min=1.1
step=222000 rec=0.007897 dis=0.099715 adv=3.742059 lam=4.44e-05 accD=0.9688
step=222200 rec=0.007834 dis=0.324405 adv=4.681701 lam=4.444e-05 accD=0.8438
step=222400 rec=0.007663 dis=0.136871 adv=4.737807 lam=4.448e-05 accD=0.9375
step=222600 rec=0.006672 dis=0.096987 adv=4.646227 lam=4.452e-05 accD=0.9688
step=222800 rec=0.007282 dis=0.354736 adv=4.696238 lam=4.456e-05 accD=0.8750
step=223000 rec=0.006668 dis=0.303905 adv=5.030711 lam=4.46e-05 accD=0.8125
step=223200 rec=0.007122 dis=0.293959 adv=4.976494 lam=4.464e-05 accD=0.8750
[VAL] epoch=142 val_rec=0.007225 time_min=1.2
step=223400 rec=0.006877 dis=0.129542 adv=5.129272 lam=4.468e-05 accD=0.9688
step=223600 rec=0.006857 dis=0.192951 adv=4.509691 lam=4.472e-05 accD=0.9062
step=223800 rec=0.008182 dis=0.100169 adv=4.382348 lam=4.476e-05 accD=1.0000
step=224000 rec=0.007175 dis=0.296193 adv=4.501131 lam=4.48e-05 accD=0.8750
step=224200 rec=0.006392 dis=0.193841 adv=4.562447 lam=4.484e-05 accD=0.9375
step=224400 rec=0.006450 dis=0.171341 adv=4.434957 lam=4.488e-05 accD=0.9062
step=224600 rec=0.007963 dis=0.238064 adv=4.942421 lam=4.492e-05 accD=0.9062
step=224800 rec=0.006761 dis=0.481512 adv=4.364635 lam=4.496e-05 accD=0.7812
[VAL] epoch=143 val_rec=0.007500 time_min=1.1
step=225000 rec=0.007640 dis=0.209868 adv=3.845752 lam=4.5e-05 accD=0.9062
step=225200 rec=0.006512 dis=0.141369 adv=4.999154 lam=4.504e-05 accD=0.9062
step=225400 rec=0.007499 dis=0.278972 adv=4.471118 lam=4.508e-05 accD=0.8750
step=225600 rec=0.007981 dis=0.123343 adv=4.571043 lam=4.512e-05 accD=0.9688
step=225800 rec=0.006872 dis=0.052590 adv=5.040025 lam=4.516e-05 accD=1.0000
step=226000 rec=0.006954 dis=0.264651 adv=4.412357 lam=4.52e-05 accD=0.9062
step=226200 rec=0.006315 dis=0.160924 adv=4.921606 lam=4.524e-05 accD=0.9375
step=226400 rec=0.005678 dis=0.190279 adv=4.339156 lam=4.528e-05 accD=0.8438
[VAL] epoch=144 val_rec=0.007038 time_min=1.2
step=226600 rec=0.006855 dis=0.220767 adv=3.847384 lam=4.532e-05 accD=0.9062
step=226800 rec=0.007206 dis=0.295465 adv=4.955266 lam=4.536e-05 accD=0.8750
step=227000 rec=0.007479 dis=0.232092 adv=4.770115 lam=4.54e-05 accD=0.8438
step=227200 rec=0.006058 dis=0.144368 adv=4.464852 lam=4.544e-05 accD=0.9375
step=227400 rec=0.006748 dis=0.189123 adv=4.701070 lam=4.548e-05 accD=0.9375
step=227600 rec=0.006502 dis=0.315687 adv=5.112575 lam=4.552e-05 accD=0.9375
step=227800 rec=0.007970 dis=0.709556 adv=4.014679 lam=4.556e-05 accD=0.7188
step=228000 rec=0.007696 dis=0.185912 adv=4.939472 lam=4.56e-05 accD=0.8750
[VAL] epoch=145 val_rec=0.007033 time_min=1.2
step=228200 rec=0.006415 dis=0.142487 adv=4.520059 lam=4.564e-05 accD=0.9688
step=228400 rec=0.007694 dis=0.073472 adv=4.919009 lam=4.568e-05 accD=0.9688
step=228600 rec=0.007160 dis=0.106576 adv=4.774552 lam=4.572e-05 accD=0.9375
step=228800 rec=0.007572 dis=0.297409 adv=5.331678 lam=4.576e-05 accD=0.8750
step=229000 rec=0.008593 dis=0.130397 adv=5.106598 lam=4.58e-05 accD=0.9688
step=229200 rec=0.006808 dis=0.101762 adv=4.843945 lam=4.584e-05 accD=1.0000
step=229400 rec=0.007464 dis=0.100143 adv=4.418235 lam=4.588e-05 accD=0.9688
step=229600 rec=0.006328 dis=0.376616 adv=4.654263 lam=4.592e-05 accD=0.8438
[VAL] epoch=146 val_rec=0.006967 time_min=1.2
step=229800 rec=0.007331 dis=0.282721 adv=4.097016 lam=4.596e-05 accD=0.8125
step=230000 rec=0.008860 dis=0.061057 adv=6.126883 lam=4.6e-05 accD=1.0000
step=230200 rec=0.006935 dis=0.142812 adv=4.672108 lam=4.604e-05 accD=0.9375
step=230400 rec=0.006416 dis=0.255199 adv=3.762283 lam=4.608e-05 accD=0.8750
step=230600 rec=0.007297 dis=0.210693 adv=4.415752 lam=4.612e-05 accD=0.8438
step=230800 rec=0.006907 dis=0.154641 adv=4.870812 lam=4.616e-05 accD=0.9062
step=231000 rec=0.009616 dis=0.109075 adv=4.510813 lam=4.62e-05 accD=0.9688
[VAL] epoch=147 val_rec=0.007120 time_min=1.2
step=231200 rec=0.008256 dis=0.145747 adv=4.551085 lam=4.624e-05 accD=0.9688
step=231400 rec=0.006344 dis=0.252704 adv=4.435519 lam=4.628e-05 accD=0.8750
step=231600 rec=0.008196 dis=0.302750 adv=4.569114 lam=4.632e-05 accD=0.9062
step=231800 rec=0.005981 dis=0.201492 adv=4.298498 lam=4.636e-05 accD=0.9062
step=232000 rec=0.006002 dis=0.206146 adv=4.947127 lam=4.64e-05 accD=0.8750
step=232200 rec=0.007670 dis=0.159609 adv=4.516808 lam=4.644e-05 accD=0.9688
step=232400 rec=0.007905 dis=0.141555 adv=5.025740 lam=4.648e-05 accD=0.9062
step=232600 rec=0.006331 dis=0.096667 adv=4.353804 lam=4.652e-05 accD=0.9688
[VAL] epoch=148 val_rec=0.007106 time_min=1.2
step=232800 rec=0.006508 dis=0.171421 adv=4.588935 lam=4.656e-05 accD=0.9375
step=233000 rec=0.006961 dis=0.336122 adv=4.271389 lam=4.66e-05 accD=0.8125
step=233200 rec=0.007166 dis=0.121712 adv=4.648530 lam=4.664e-05 accD=0.9375
step=233400 rec=0.008003 dis=0.138993 adv=5.280472 lam=4.668e-05 accD=0.9375
step=233600 rec=0.006576 dis=0.102921 adv=5.191889 lam=4.672e-05 accD=0.9688
step=233800 rec=0.006538 dis=0.382632 adv=4.866727 lam=4.676e-05 accD=0.8438
step=234000 rec=0.006934 dis=0.219280 adv=4.645881 lam=4.68e-05 accD=0.9062
step=234200 rec=0.008112 dis=0.375707 adv=5.634435 lam=4.684e-05 accD=0.9062
[VAL] epoch=149 val_rec=0.007619 time_min=1.2
step=234400 rec=0.007868 dis=0.274332 adv=4.561449 lam=4.688e-05 accD=0.8750
step=234600 rec=0.009244 dis=0.111354 adv=4.091776 lam=4.692e-05 accD=1.0000
step=234800 rec=0.007211 dis=0.252811 adv=4.795587 lam=4.696e-05 accD=0.8750
step=235000 rec=0.006897 dis=0.167927 adv=4.665072 lam=4.7e-05 accD=0.8750
step=235200 rec=0.006859 dis=0.109616 adv=5.402604 lam=4.704e-05 accD=0.9062
step=235400 rec=0.007261 dis=0.175195 adv=4.695870 lam=4.708e-05 accD=0.9375
step=235600 rec=0.007256 dis=0.150833 adv=4.578446 lam=4.712e-05 accD=0.9062
step=235800 rec=0.006244 dis=0.274623 adv=4.260545 lam=4.716e-05 accD=0.8750
[VAL] epoch=150 val_rec=0.006936 time_min=1.1
step=236000 rec=0.008310 dis=0.192363 adv=4.293770 lam=4.72e-05 accD=0.9062
step=236200 rec=0.007776 dis=0.306350 adv=4.185985 lam=4.724e-05 accD=0.9062
step=236400 rec=0.007197 dis=0.335675 adv=4.385044 lam=4.728e-05 accD=0.8125
step=236600 rec=0.008047 dis=0.220299 adv=5.214817 lam=4.732e-05 accD=0.9062
step=236800 rec=0.007182 dis=0.377959 adv=4.826138 lam=4.736e-05 accD=0.7500
step=237000 rec=0.007325 dis=0.138409 adv=4.832426 lam=4.74e-05 accD=0.9375
step=237200 rec=0.006078 dis=0.159944 adv=4.104862 lam=4.744e-05 accD=0.8750
step=237400 rec=0.006651 dis=0.194376 adv=3.849608 lam=4.748e-05 accD=0.9375
[VAL] epoch=151 val_rec=0.006922 time_min=1.2
step=237600 rec=0.006555 dis=0.233669 adv=4.572893 lam=4.752e-05 accD=0.8750
step=237800 rec=0.006367 dis=0.118119 adv=4.939157 lam=4.756e-05 accD=0.9375
step=238000 rec=0.007714 dis=0.177513 adv=4.522781 lam=4.76e-05 accD=0.8750
step=238200 rec=0.007530 dis=0.155427 adv=4.456882 lam=4.764e-05 accD=0.9062
step=238400 rec=0.006512 dis=0.074617 adv=4.889974 lam=4.768e-05 accD=0.9688
step=238600 rec=0.008130 dis=0.191969 adv=4.644667 lam=4.772e-05 accD=0.9062
step=238800 rec=0.006433 dis=0.324102 adv=4.546569 lam=4.776e-05 accD=0.8750
[VAL] epoch=152 val_rec=0.007069 time_min=1.1
step=239000 rec=0.007329 dis=0.186376 adv=5.111013 lam=4.78e-05 accD=0.9375
step=239200 rec=0.006708 dis=0.157081 adv=4.405108 lam=4.784e-05 accD=0.9062
step=239400 rec=0.008113 dis=0.255933 adv=4.167309 lam=4.788e-05 accD=0.8438
step=239600 rec=0.007646 dis=0.207621 adv=4.562236 lam=4.792e-05 accD=0.8750
step=239800 rec=0.006577 dis=0.235093 adv=3.984414 lam=4.796e-05 accD=0.9375
step=240000 rec=0.008335 dis=0.147253 adv=4.212217 lam=4.8e-05 accD=0.9688
step=240200 rec=0.006319 dis=0.133817 adv=4.611844 lam=4.804e-05 accD=0.9375
step=240400 rec=0.006380 dis=0.120685 adv=4.626387 lam=4.808e-05 accD=0.9375
[VAL] epoch=153 val_rec=0.006997 time_min=1.2
step=240600 rec=0.008153 dis=0.140017 adv=4.576618 lam=4.812e-05 accD=0.9062
step=240800 rec=0.006987 dis=0.131775 adv=4.241313 lam=4.816e-05 accD=0.9375
step=241000 rec=0.007153 dis=0.338732 adv=4.099591 lam=4.82e-05 accD=0.8438
step=241200 rec=0.006713 dis=0.190152 adv=4.183159 lam=4.824e-05 accD=0.8750
step=241400 rec=0.007080 dis=0.193845 adv=5.595169 lam=4.828e-05 accD=0.9375
step=241600 rec=0.008477 dis=0.172688 adv=5.132030 lam=4.832e-05 accD=0.9062
step=241800 rec=0.006190 dis=0.244965 adv=5.022441 lam=4.836e-05 accD=0.8750
step=242000 rec=0.008780 dis=0.417792 adv=5.457058 lam=4.84e-05 accD=0.8125
[VAL] epoch=154 val_rec=0.006916 time_min=1.1
step=242200 rec=0.007384 dis=0.224384 adv=4.448357 lam=4.844e-05 accD=0.8438
step=242400 rec=0.006800 dis=0.169140 adv=4.220618 lam=4.848e-05 accD=0.9375
step=242600 rec=0.006294 dis=0.321746 adv=3.886207 lam=4.852e-05 accD=0.8750
step=242800 rec=0.006740 dis=0.378842 adv=5.111770 lam=4.856e-05 accD=0.8438
step=243000 rec=0.006353 dis=0.155041 adv=4.977265 lam=4.86e-05 accD=0.9062
step=243200 rec=0.006303 dis=0.392367 adv=4.379912 lam=4.864e-05 accD=0.8438
step=243400 rec=0.007166 dis=0.113197 adv=5.532454 lam=4.868e-05 accD=0.9375
step=243600 rec=0.006131 dis=0.245834 adv=4.756927 lam=4.872e-05 accD=0.9375
[VAL] epoch=155 val_rec=0.006998 time_min=1.2
step=243800 rec=0.007226 dis=0.251307 adv=4.801854 lam=4.876e-05 accD=0.8125
step=244000 rec=0.007481 dis=0.113490 adv=4.756202 lam=4.88e-05 accD=0.9375
step=244200 rec=0.007380 dis=0.078681 adv=5.301928 lam=4.884e-05 accD=0.9688
step=244400 rec=0.006412 dis=0.385301 adv=3.924423 lam=4.888e-05 accD=0.8750
step=244600 rec=0.007360 dis=0.100143 adv=3.977278 lam=4.892e-05 accD=0.9688
step=244800 rec=0.007128 dis=0.114818 adv=4.767043 lam=4.896e-05 accD=0.9688
step=245000 rec=0.006681 dis=0.259222 adv=5.274471 lam=4.9e-05 accD=0.8750
step=245200 rec=0.006822 dis=0.292279 adv=3.809775 lam=4.904e-05 accD=0.9062
[VAL] epoch=156 val_rec=0.006892 time_min=1.1
step=245400 rec=0.006468 dis=0.299494 adv=4.327312 lam=4.908e-05 accD=0.8125
step=245600 rec=0.007624 dis=0.150745 adv=4.526462 lam=4.912e-05 accD=0.9375
step=245800 rec=0.007525 dis=0.219921 adv=4.220315 lam=4.916e-05 accD=0.8750
step=246000 rec=0.007340 dis=0.354060 adv=4.690601 lam=4.92e-05 accD=0.8125
step=246200 rec=0.007020 dis=0.166720 adv=4.566301 lam=4.924e-05 accD=0.9062
step=246400 rec=0.006659 dis=0.186336 adv=3.846689 lam=4.928e-05 accD=0.9062
step=246600 rec=0.007010 dis=0.279271 adv=4.521782 lam=4.932e-05 accD=0.8125
[VAL] epoch=157 val_rec=0.006939 time_min=1.2
step=246800 rec=0.006389 dis=0.333003 adv=3.952553 lam=4.936e-05 accD=0.8438
step=247000 rec=0.006382 dis=0.132211 adv=5.082469 lam=4.94e-05 accD=0.9375
step=247200 rec=0.006724 dis=0.215732 adv=4.182184 lam=4.944e-05 accD=0.9375
step=247400 rec=0.007094 dis=0.154279 adv=3.699033 lam=4.948e-05 accD=0.9375
step=247600 rec=0.007225 dis=0.127742 adv=4.427732 lam=4.952e-05 accD=0.9688
step=247800 rec=0.007009 dis=0.250156 adv=4.879419 lam=4.956e-05 accD=0.8750
step=248000 rec=0.006510 dis=0.318628 adv=3.945267 lam=4.96e-05 accD=0.8750
step=248200 rec=0.007048 dis=0.086610 adv=5.563013 lam=4.964e-05 accD=0.9688
[VAL] epoch=158 val_rec=0.006926 time_min=1.1
step=248400 rec=0.006444 dis=0.120430 adv=5.021510 lam=4.968e-05 accD=0.9062
step=248600 rec=0.007477 dis=0.214223 adv=4.341733 lam=4.972e-05 accD=0.9062
step=248800 rec=0.006146 dis=0.120160 adv=5.581841 lam=4.976e-05 accD=0.9375
step=249000 rec=0.006387 dis=0.235921 adv=5.329875 lam=4.98e-05 accD=0.9375
step=249200 rec=0.006759 dis=0.343979 adv=4.698275 lam=4.984e-05 accD=0.8750
step=249400 rec=0.007530 dis=0.480653 adv=4.761043 lam=4.988e-05 accD=0.8125
step=249600 rec=0.007115 dis=0.317074 adv=4.230530 lam=4.992e-05 accD=0.8125
step=249800 rec=0.006507 dis=0.144233 adv=4.063956 lam=4.996e-05 accD=0.9062
[VAL] epoch=159 val_rec=0.006939 time_min=1.2
step=250000 rec=0.006695 dis=0.264911 adv=3.929757 lam=5e-05 accD=0.9062
step=250200 rec=0.006710 dis=0.251773 adv=4.607126 lam=5.004e-05 accD=0.8438
step=250400 rec=0.007802 dis=0.193055 adv=4.724685 lam=5.008e-05 accD=0.9062
step=250600 rec=0.007608 dis=0.296986 adv=4.450592 lam=5.012e-05 accD=0.9062
step=250800 rec=0.008619 dis=0.231247 adv=4.227012 lam=5.016e-05 accD=0.9062
step=251000 rec=0.006595 dis=0.245214 adv=4.621282 lam=5.02e-05 accD=0.9375
step=251200 rec=0.006262 dis=0.144675 adv=3.581804 lam=5.024e-05 accD=0.9375
step=251400 rec=0.007572 dis=0.182294 adv=4.493486 lam=5.028e-05 accD=0.9062
[VAL] epoch=160 val_rec=0.006883 time_min=1.2
step=251600 rec=0.007008 dis=0.158777 adv=5.181111 lam=5.032e-05 accD=0.9375
step=251800 rec=0.006811 dis=0.122819 adv=4.687747 lam=5.036e-05 accD=0.9688
step=252000 rec=0.006164 dis=0.312877 adv=4.190294 lam=5.04e-05 accD=0.8438
step=252200 rec=0.006087 dis=0.342488 adv=4.726103 lam=5.044e-05 accD=0.8750
step=252400 rec=0.007232 dis=0.373676 adv=3.927600 lam=5.048e-05 accD=0.7812
step=252600 rec=0.008980 dis=0.186491 adv=4.130353 lam=5.052e-05 accD=0.9062
step=252800 rec=0.007787 dis=0.075522 adv=4.960513 lam=5.056e-05 accD=0.9688
step=253000 rec=0.007725 dis=0.076411 adv=5.535270 lam=5.06e-05 accD=0.9375
[VAL] epoch=161 val_rec=0.006995 time_min=1.2
step=253200 rec=0.007372 dis=0.193227 adv=4.609563 lam=5.064e-05 accD=0.9688
step=253400 rec=0.006941 dis=0.279957 adv=5.036440 lam=5.068e-05 accD=0.9062
step=253600 rec=0.006598 dis=0.095279 adv=5.030888 lam=5.072e-05 accD=0.9375
step=253800 rec=0.008385 dis=0.059669 adv=5.018537 lam=5.076e-05 accD=1.0000
step=254000 rec=0.007950 dis=0.113145 adv=4.320896 lam=5.08e-05 accD=0.9375
step=254200 rec=0.005855 dis=0.169650 adv=4.928798 lam=5.084e-05 accD=0.9375
step=254400 rec=0.005802 dis=0.203248 adv=5.187231 lam=5.088e-05 accD=0.8438
step=254600 rec=0.007443 dis=0.348383 adv=3.981287 lam=5.092e-05 accD=0.8125
[VAL] epoch=162 val_rec=0.006938 time_min=1.1
step=254800 rec=0.006977 dis=0.076625 adv=5.367002 lam=5.096e-05 accD=0.9688
step=255000 rec=0.007085 dis=0.187146 adv=5.357158 lam=5.1e-05 accD=0.9062
step=255200 rec=0.005845 dis=0.186605 adv=3.865887 lam=5.104e-05 accD=0.9375
step=255400 rec=0.006053 dis=0.155234 adv=5.164852 lam=5.108e-05 accD=0.9062
step=255600 rec=0.008202 dis=0.285542 adv=4.319374 lam=5.112e-05 accD=0.8750
step=255800 rec=0.008254 dis=0.118854 adv=4.468055 lam=5.116e-05 accD=0.9375
step=256000 rec=0.006303 dis=0.279625 adv=4.206461 lam=5.12e-05 accD=0.8750
[VAL] epoch=163 val_rec=0.006811 time_min=1.2
step=256200 rec=0.006113 dis=0.140097 adv=4.848440 lam=5.124e-05 accD=0.9688
step=256400 rec=0.007489 dis=0.130906 adv=4.278999 lam=5.128e-05 accD=1.0000
step=256600 rec=0.007613 dis=0.142238 adv=3.954571 lam=5.132e-05 accD=0.9688
step=256800 rec=0.007618 dis=0.132570 adv=4.475664 lam=5.136e-05 accD=0.9375
step=257000 rec=0.006842 dis=0.050508 adv=4.774386 lam=5.14e-05 accD=1.0000
step=257200 rec=0.006879 dis=0.279180 adv=4.228703 lam=5.144e-05 accD=0.8750
step=257400 rec=0.008449 dis=0.225969 adv=4.068748 lam=5.148e-05 accD=0.9062
step=257600 rec=0.005861 dis=0.196911 adv=5.073848 lam=5.152e-05 accD=0.9062
[VAL] epoch=164 val_rec=0.006918 time_min=1.1
step=257800 rec=0.006476 dis=0.206258 adv=4.322385 lam=5.156e-05 accD=0.9062
step=258000 rec=0.007230 dis=0.089833 adv=4.313541 lam=5.16e-05 accD=0.9688
step=258200 rec=0.006960 dis=0.548725 adv=3.826959 lam=5.164e-05 accD=0.7812
step=258400 rec=0.007011 dis=0.274867 adv=4.063547 lam=5.168e-05 accD=0.8750
step=258600 rec=0.006239 dis=0.098575 adv=5.381632 lam=5.172e-05 accD=0.9688
step=258800 rec=0.006750 dis=0.290224 adv=4.098371 lam=5.176e-05 accD=0.9062
step=259000 rec=0.007270 dis=0.244423 adv=4.014858 lam=5.18e-05 accD=0.9062
step=259200 rec=0.007151 dis=0.168453 adv=5.450047 lam=5.184e-05 accD=0.9688
[VAL] epoch=165 val_rec=0.006812 time_min=1.2
step=259400 rec=0.007611 dis=0.252196 adv=4.455951 lam=5.188e-05 accD=0.8438
step=259600 rec=0.007034 dis=0.126228 adv=3.719928 lam=5.192e-05 accD=0.9688
step=259800 rec=0.006356 dis=0.133760 adv=4.540422 lam=5.196e-05 accD=0.9062
step=260000 rec=0.006607 dis=0.111738 adv=4.880847 lam=5.2e-05 accD=0.9688
step=260200 rec=0.007915 dis=0.320858 adv=4.487245 lam=5.204e-05 accD=0.8438
step=260400 rec=0.009745 dis=0.155972 adv=3.993937 lam=5.208e-05 accD=0.9375
step=260600 rec=0.006482 dis=0.251347 adv=4.243901 lam=5.212e-05 accD=0.7812
step=260800 rec=0.007604 dis=0.223543 adv=3.913101 lam=5.216e-05 accD=0.9062
[VAL] epoch=166 val_rec=0.006792 time_min=1.1
step=261000 rec=0.006557 dis=0.231433 adv=4.835747 lam=5.22e-05 accD=0.9375
step=261200 rec=0.007097 dis=0.240891 adv=4.289472 lam=5.224e-05 accD=0.9062
step=261400 rec=0.008195 dis=0.191930 adv=4.436473 lam=5.228e-05 accD=0.9062
step=261600 rec=0.006614 dis=0.169788 adv=4.985920 lam=5.232e-05 accD=0.9062
step=261800 rec=0.008397 dis=0.333681 adv=4.080270 lam=5.236e-05 accD=0.8750
step=262000 rec=0.005998 dis=0.222088 adv=4.864285 lam=5.24e-05 accD=0.9375
step=262200 rec=0.007758 dis=0.513711 adv=4.916724 lam=5.244e-05 accD=0.9062
step=262400 rec=0.006642 dis=0.294970 adv=3.788809 lam=5.248e-05 accD=0.8750
[VAL] epoch=167 val_rec=0.006833 time_min=1.2
step=262600 rec=0.006577 dis=0.155295 adv=4.024112 lam=5.252e-05 accD=0.9688
step=262800 rec=0.007164 dis=0.230903 adv=4.741995 lam=5.256e-05 accD=0.8750
step=263000 rec=0.006742 dis=0.127514 adv=4.193884 lam=5.26e-05 accD=0.9375
step=263200 rec=0.006620 dis=0.158966 adv=5.119992 lam=5.264e-05 accD=0.9375
step=263400 rec=0.006290 dis=0.154257 adv=4.211646 lam=5.268e-05 accD=0.9688
step=263600 rec=0.006649 dis=0.145841 adv=4.505647 lam=5.272e-05 accD=0.9062
step=263800 rec=0.005766 dis=0.451225 adv=3.933253 lam=5.276e-05 accD=0.7812
[VAL] epoch=168 val_rec=0.007109 time_min=1.1
step=264000 rec=0.006570 dis=0.115271 adv=4.906886 lam=5.28e-05 accD=0.9688
step=264200 rec=0.008183 dis=0.167931 adv=4.455063 lam=5.284e-05 accD=0.9062
step=264400 rec=0.007314 dis=0.123128 adv=4.632910 lam=5.288e-05 accD=0.9375
step=264600 rec=0.006438 dis=0.180628 adv=3.809008 lam=5.292e-05 accD=0.9375
step=264800 rec=0.005823 dis=0.156721 adv=4.574937 lam=5.296e-05 accD=0.9375
step=265000 rec=0.006580 dis=0.155400 adv=4.853735 lam=5.3e-05 accD=0.9062
step=265200 rec=0.007149 dis=0.186087 adv=4.136339 lam=5.304e-05 accD=0.9375
step=265400 rec=0.007254 dis=0.250030 adv=4.203211 lam=5.308e-05 accD=0.9062
[VAL] epoch=169 val_rec=0.006816 time_min=1.2
step=265600 rec=0.007220 dis=0.225919 adv=4.866720 lam=5.312e-05 accD=0.9375
step=265800 rec=0.006486 dis=0.111887 adv=6.124890 lam=5.316e-05 accD=0.9375
step=266000 rec=0.007010 dis=0.426765 adv=3.706361 lam=5.32e-05 accD=0.8750
step=266200 rec=0.007632 dis=0.300279 adv=4.226497 lam=5.324e-05 accD=0.8750
step=266400 rec=0.006981 dis=0.150529 adv=4.159227 lam=5.328e-05 accD=0.9375
step=266600 rec=0.006201 dis=0.240948 adv=3.909379 lam=5.332e-05 accD=0.9375
step=266800 rec=0.005732 dis=0.258389 adv=4.578287 lam=5.336e-05 accD=0.8750
step=267000 rec=0.005892 dis=0.173732 adv=4.655050 lam=5.34e-05 accD=0.9375
[VAL] epoch=170 val_rec=0.006803 time_min=1.2
step=267200 rec=0.007339 dis=0.226699 adv=4.482771 lam=5.344e-05 accD=0.9062
step=267400 rec=0.007742 dis=0.101044 adv=4.315503 lam=5.348e-05 accD=0.9688
step=267600 rec=0.007150 dis=0.163274 adv=4.746300 lam=5.352e-05 accD=0.9688
step=267800 rec=0.007274 dis=0.162357 adv=4.554482 lam=5.356e-05 accD=0.9688
step=268000 rec=0.006220 dis=0.173204 adv=5.173857 lam=5.36e-05 accD=0.9375
step=268200 rec=0.008199 dis=0.239696 adv=4.356955 lam=5.364e-05 accD=0.8750
step=268400 rec=0.006905 dis=0.105203 adv=4.125197 lam=5.368e-05 accD=0.9375
step=268600 rec=0.006421 dis=0.223552 adv=4.269278 lam=5.372e-05 accD=0.9375
[VAL] epoch=171 val_rec=0.006904 time_min=1.2
step=268800 rec=0.007409 dis=0.267268 adv=4.073201 lam=5.376e-05 accD=0.8750
step=269000 rec=0.007383 dis=0.185729 adv=4.510173 lam=5.38e-05 accD=0.9375
step=269200 rec=0.007035 dis=0.064116 adv=6.030031 lam=5.384e-05 accD=0.9375
step=269400 rec=0.007254 dis=0.463369 adv=3.765031 lam=5.388e-05 accD=0.7812
step=269600 rec=0.006793 dis=0.333948 adv=4.824817 lam=5.392e-05 accD=0.8438
step=269800 rec=0.006011 dis=0.150034 adv=4.181709 lam=5.396e-05 accD=0.9688
step=270000 rec=0.006924 dis=0.126205 adv=4.936584 lam=5.4e-05 accD=0.9375
step=270200 rec=0.007944 dis=0.113357 adv=5.382657 lam=5.404e-05 accD=0.9375
[VAL] epoch=172 val_rec=0.006747 time_min=1.2
step=270400 rec=0.006518 dis=0.126666 adv=4.795568 lam=5.408e-05 accD=0.9375
step=270600 rec=0.008056 dis=0.258117 adv=4.257134 lam=5.412e-05 accD=0.8438
step=270800 rec=0.007387 dis=0.134992 adv=4.366329 lam=5.416e-05 accD=0.9375
step=271000 rec=0.007568 dis=0.239471 adv=3.789563 lam=5.42e-05 accD=0.8438
step=271200 rec=0.006891 dis=0.304920 adv=4.138043 lam=5.424e-05 accD=0.8438
step=271400 rec=0.006597 dis=0.220082 adv=4.541673 lam=5.428e-05 accD=0.9062
step=271600 rec=0.005975 dis=0.347320 adv=4.500354 lam=5.432e-05 accD=0.8438
[VAL] epoch=173 val_rec=0.006941 time_min=1.1
step=271800 rec=0.008015 dis=0.162161 adv=4.668845 lam=5.436e-05 accD=0.9062
step=272000 rec=0.007849 dis=0.204884 adv=4.875747 lam=5.44e-05 accD=0.9375
step=272200 rec=0.007281 dis=0.111174 adv=4.492152 lam=5.444e-05 accD=0.9688
step=272400 rec=0.006960 dis=0.160417 adv=4.691446 lam=5.448e-05 accD=0.9062
step=272600 rec=0.007158 dis=0.266369 adv=4.079847 lam=5.452e-05 accD=0.8438
step=272800 rec=0.006458 dis=0.060408 adv=5.693204 lam=5.456e-05 accD=1.0000
step=273000 rec=0.005926 dis=0.404343 adv=5.121644 lam=5.46e-05 accD=0.8438
step=273200 rec=0.006981 dis=0.380891 adv=4.276661 lam=5.464e-05 accD=0.8125
[VAL] epoch=174 val_rec=0.007005 time_min=1.2
step=273400 rec=0.006448 dis=0.252176 adv=5.047225 lam=5.468e-05 accD=0.9375
step=273600 rec=0.006938 dis=0.179448 adv=4.273882 lam=5.472e-05 accD=0.9375
step=273800 rec=0.005877 dis=0.218088 adv=5.062429 lam=5.476e-05 accD=0.8750
step=274000 rec=0.006824 dis=0.209016 adv=4.062092 lam=5.48e-05 accD=0.8750
step=274200 rec=0.006479 dis=0.337882 adv=4.285218 lam=5.484e-05 accD=0.8438
step=274400 rec=0.007746 dis=0.197349 adv=4.578253 lam=5.488e-05 accD=0.9062
step=274600 rec=0.007947 dis=0.155888 adv=4.735880 lam=5.492e-05 accD=0.9375
step=274800 rec=0.006573 dis=0.095869 adv=4.676601 lam=5.496e-05 accD=0.9688
[VAL] epoch=175 val_rec=0.006716 time_min=1.1
step=275000 rec=0.006711 dis=0.171378 adv=4.210482 lam=5.5e-05 accD=0.9375
step=275200 rec=0.007061 dis=0.086599 adv=4.757161 lam=5.504e-05 accD=0.9688
step=275400 rec=0.007127 dis=0.057823 adv=4.459567 lam=5.508e-05 accD=1.0000
step=275600 rec=0.005619 dis=0.113666 adv=5.249578 lam=5.512e-05 accD=0.9375
step=275800 rec=0.008130 dis=0.092445 adv=5.312479 lam=5.516e-05 accD=0.9688
step=276000 rec=0.006732 dis=0.185685 adv=4.765234 lam=5.52e-05 accD=0.9375
step=276200 rec=0.006594 dis=0.260562 adv=4.969193 lam=5.524e-05 accD=0.8438
step=276400 rec=0.006305 dis=0.218955 adv=4.768816 lam=5.528e-05 accD=0.8750
[VAL] epoch=176 val_rec=0.007151 time_min=1.2
step=276600 rec=0.007022 dis=0.204168 adv=4.187576 lam=5.532e-05 accD=0.9375
step=276800 rec=0.005626 dis=0.212495 adv=4.468008 lam=5.536e-05 accD=0.9062
step=277000 rec=0.006537 dis=0.142465 adv=5.424432 lam=5.54e-05 accD=0.9375
step=277200 rec=0.007322 dis=0.185478 adv=5.040597 lam=5.544e-05 accD=0.9375
step=277400 rec=0.007124 dis=0.230470 adv=4.530476 lam=5.548e-05 accD=0.9062
step=277600 rec=0.007458 dis=0.265168 adv=4.635284 lam=5.552e-05 accD=0.9375
step=277800 rec=0.006218 dis=0.334990 adv=4.622952 lam=5.556e-05 accD=0.8750
step=278000 rec=0.008050 dis=0.181371 adv=4.863399 lam=5.56e-05 accD=0.9375
[VAL] epoch=177 val_rec=0.006708 time_min=1.1
step=278200 rec=0.007626 dis=0.131545 adv=4.488560 lam=5.564e-05 accD=0.9688
step=278400 rec=0.007754 dis=0.086113 adv=4.475157 lam=5.568e-05 accD=0.9688
step=278600 rec=0.007756 dis=0.280541 adv=4.367284 lam=5.572e-05 accD=0.9062
step=278800 rec=0.006418 dis=0.370569 adv=4.884370 lam=5.576e-05 accD=0.8750
step=279000 rec=0.007584 dis=0.100398 adv=5.333510 lam=5.58e-05 accD=0.9688
step=279200 rec=0.006854 dis=0.113574 adv=4.454628 lam=5.584e-05 accD=0.9688
step=279400 rec=0.006868 dis=0.281589 adv=4.585164 lam=5.588e-05 accD=0.9062
[VAL] epoch=178 val_rec=0.006782 time_min=1.2
step=279600 rec=0.005470 dis=0.184983 adv=4.442952 lam=5.592e-05 accD=0.8750
step=279800 rec=0.007650 dis=0.261646 adv=4.071755 lam=5.596e-05 accD=0.8438
step=280000 rec=0.007274 dis=0.255757 adv=5.355460 lam=5.6e-05 accD=0.9062
step=280200 rec=0.006606 dis=0.165856 adv=4.693582 lam=5.604e-05 accD=0.9375
step=280400 rec=0.007190 dis=0.156717 adv=4.339431 lam=5.608e-05 accD=0.9375
step=280600 rec=0.007216 dis=0.245340 adv=3.831676 lam=5.612e-05 accD=0.9375
step=280800 rec=0.007072 dis=0.258338 adv=4.478206 lam=5.616e-05 accD=0.9062
step=281000 rec=0.007657 dis=0.158047 adv=3.881948 lam=5.62e-05 accD=0.9375
[VAL] epoch=179 val_rec=0.006804 time_min=1.1
step=281200 rec=0.007930 dis=0.077910 adv=4.568919 lam=5.624e-05 accD=1.0000
step=281400 rec=0.006570 dis=0.168403 adv=4.486013 lam=5.628e-05 accD=0.9062
step=281600 rec=0.006773 dis=0.170989 adv=5.192958 lam=5.632e-05 accD=0.9375
step=281800 rec=0.006142 dis=0.101198 adv=4.425709 lam=5.636e-05 accD=1.0000
step=282000 rec=0.005790 dis=0.203416 adv=4.615974 lam=5.64e-05 accD=0.9375
step=282200 rec=0.005897 dis=0.368686 adv=5.197431 lam=5.644e-05 accD=0.8438
step=282400 rec=0.007513 dis=0.180576 adv=4.067449 lam=5.648e-05 accD=0.9688
step=282600 rec=0.007502 dis=0.117633 adv=4.810050 lam=5.652e-05 accD=0.9375
[VAL] epoch=180 val_rec=0.006687 time_min=1.2
step=282800 rec=0.006605 dis=0.232276 adv=4.378391 lam=5.656e-05 accD=0.8750
step=283000 rec=0.006393 dis=0.355741 adv=4.148139 lam=5.66e-05 accD=0.8125
step=283200 rec=0.007200 dis=0.266786 adv=4.471758 lam=5.664e-05 accD=0.8438
step=283400 rec=0.006773 dis=0.175748 adv=4.540770 lam=5.668e-05 accD=0.9688
step=283600 rec=0.007318 dis=0.283032 adv=4.159385 lam=5.672e-05 accD=0.9062
step=283800 rec=0.006895 dis=0.300336 adv=3.960545 lam=5.676e-05 accD=0.9062
step=284000 rec=0.007355 dis=0.151385 adv=4.933376 lam=5.68e-05 accD=0.9062
step=284200 rec=0.006230 dis=0.175633 adv=4.056794 lam=5.684e-05 accD=0.9375
[VAL] epoch=181 val_rec=0.006824 time_min=1.1
step=284400 rec=0.006721 dis=0.172004 adv=4.389985 lam=5.688e-05 accD=0.9375
step=284600 rec=0.006865 dis=0.078095 adv=5.323335 lam=5.692e-05 accD=1.0000
step=284800 rec=0.006993 dis=0.248830 adv=3.966410 lam=5.696e-05 accD=0.9375
step=285000 rec=0.006646 dis=0.224449 adv=4.086934 lam=5.7e-05 accD=0.9062
step=285200 rec=0.006397 dis=0.164548 adv=4.742616 lam=5.704e-05 accD=0.9062
step=285400 rec=0.006958 dis=0.196440 adv=4.739802 lam=5.708e-05 accD=0.9062
step=285600 rec=0.006732 dis=0.310915 adv=4.345747 lam=5.712e-05 accD=0.8438
step=285800 rec=0.006508 dis=0.291882 adv=4.931273 lam=5.716e-05 accD=0.8750
[VAL] epoch=182 val_rec=0.006886 time_min=1.2
step=286000 rec=0.005355 dis=0.229099 adv=4.248561 lam=5.72e-05 accD=0.9062
step=286200 rec=0.006790 dis=0.162984 adv=5.084016 lam=5.724e-05 accD=0.9062
step=286400 rec=0.007137 dis=0.274993 adv=4.381993 lam=5.728e-05 accD=0.9062
step=286600 rec=0.006887 dis=0.228852 adv=5.377839 lam=5.732e-05 accD=0.9062
step=286800 rec=0.007183 dis=0.316414 adv=5.267353 lam=5.736e-05 accD=0.8438
step=287000 rec=0.007435 dis=0.280813 adv=5.711138 lam=5.74e-05 accD=0.9375
step=287200 rec=0.006852 dis=0.188179 adv=4.680309 lam=5.744e-05 accD=0.9062
step=287400 rec=0.006726 dis=0.185198 adv=4.558406 lam=5.748e-05 accD=0.9375
[VAL] epoch=183 val_rec=0.006697 time_min=1.1
step=287600 rec=0.006892 dis=0.222764 adv=4.348129 lam=5.752e-05 accD=0.8750
step=287800 rec=0.005700 dis=0.164278 adv=4.339401 lam=5.756e-05 accD=0.9375
step=288000 rec=0.006502 dis=0.324588 adv=3.969368 lam=5.76e-05 accD=0.9062
step=288200 rec=0.006841 dis=0.098788 adv=4.261115 lam=5.764e-05 accD=0.9688
step=288400 rec=0.007963 dis=0.222296 adv=4.279717 lam=5.768e-05 accD=0.9375
step=288600 rec=0.007514 dis=0.229236 adv=4.290091 lam=5.772e-05 accD=0.9062
step=288800 rec=0.007448 dis=0.138978 adv=4.331597 lam=5.776e-05 accD=0.9688
[VAL] epoch=184 val_rec=0.006890 time_min=1.2
step=289000 rec=0.006782 dis=0.147837 adv=4.433953 lam=5.78e-05 accD=0.9375
step=289200 rec=0.006704 dis=0.406560 adv=4.367158 lam=5.784e-05 accD=0.8438
step=289400 rec=0.006997 dis=0.256597 adv=4.244284 lam=5.788e-05 accD=0.9062
step=289600 rec=0.006178 dis=0.182687 adv=3.761364 lam=5.792e-05 accD=0.9375
step=289800 rec=0.006790 dis=0.118542 adv=4.511415 lam=5.796e-05 accD=0.9688
step=290000 rec=0.007070 dis=0.290687 adv=3.950842 lam=5.8e-05 accD=0.8438
step=290200 rec=0.005562 dis=0.078768 adv=5.143208 lam=5.804e-05 accD=1.0000
step=290400 rec=0.006623 dis=0.443260 adv=3.815990 lam=5.808e-05 accD=0.7500
[VAL] epoch=185 val_rec=0.006724 time_min=1.1
step=290600 rec=0.006985 dis=0.083890 adv=5.069047 lam=5.812e-05 accD=0.9688
step=290800 rec=0.006613 dis=0.245426 adv=5.323135 lam=5.816e-05 accD=0.9062
step=291000 rec=0.005395 dis=0.210813 adv=5.092144 lam=5.82e-05 accD=0.9375
step=291200 rec=0.007519 dis=0.311295 adv=4.202344 lam=5.824e-05 accD=0.8750
step=291400 rec=0.006825 dis=0.051205 adv=5.034758 lam=5.828e-05 accD=1.0000
step=291600 rec=0.005779 dis=0.246433 adv=4.733981 lam=5.832e-05 accD=0.9062
step=291800 rec=0.006280 dis=0.122524 adv=5.018110 lam=5.836e-05 accD=0.9688
step=292000 rec=0.007082 dis=0.186151 adv=4.172389 lam=5.84e-05 accD=0.9375
[VAL] epoch=186 val_rec=0.006751 time_min=1.2
step=292200 rec=0.006735 dis=0.248092 adv=3.111338 lam=5.844e-05 accD=0.9375
step=292400 rec=0.006387 dis=0.176068 adv=4.799733 lam=5.848e-05 accD=0.9375
step=292600 rec=0.006198 dis=0.295668 adv=4.425460 lam=5.852e-05 accD=0.9062
step=292800 rec=0.007134 dis=0.111073 adv=5.495868 lam=5.856e-05 accD=0.9688
step=293000 rec=0.006551 dis=0.105523 adv=5.668144 lam=5.86e-05 accD=0.9688
step=293200 rec=0.006964 dis=0.397163 adv=4.577593 lam=5.864e-05 accD=0.7812
step=293400 rec=0.006964 dis=0.207815 adv=4.416076 lam=5.868e-05 accD=0.9375
step=293600 rec=0.006750 dis=0.182981 adv=4.797948 lam=5.872e-05 accD=0.9062
[VAL] epoch=187 val_rec=0.006939 time_min=1.1
step=293800 rec=0.007394 dis=0.219399 adv=5.095383 lam=5.876e-05 accD=0.9062
step=294000 rec=0.007615 dis=0.235310 adv=4.398376 lam=5.88e-05 accD=0.8750
step=294200 rec=0.006225 dis=0.196833 adv=4.522727 lam=5.884e-05 accD=0.9062
step=294400 rec=0.006761 dis=0.259205 adv=4.034346 lam=5.888e-05 accD=0.9688
step=294600 rec=0.006400 dis=0.200257 adv=3.943630 lam=5.892e-05 accD=0.9375
step=294800 rec=0.006182 dis=0.207122 adv=4.827460 lam=5.896e-05 accD=0.9688
step=295000 rec=0.007132 dis=0.243469 adv=4.485042 lam=5.9e-05 accD=0.9062
step=295200 rec=0.006720 dis=0.194758 adv=4.615462 lam=5.904e-05 accD=0.8750
[VAL] epoch=188 val_rec=0.006893 time_min=1.2
step=295400 rec=0.006245 dis=0.178384 adv=4.641552 lam=5.908e-05 accD=0.9062
step=295600 rec=0.006577 dis=0.245308 adv=4.055122 lam=5.912e-05 accD=0.9375
step=295800 rec=0.005717 dis=0.209084 adv=4.793256 lam=5.916e-05 accD=0.9062
step=296000 rec=0.006207 dis=0.160711 adv=4.544925 lam=5.92e-05 accD=0.9375
step=296200 rec=0.007543 dis=0.249833 adv=4.099963 lam=5.924e-05 accD=0.9062
step=296400 rec=0.007708 dis=0.203162 adv=4.624019 lam=5.928e-05 accD=0.8438
step=296600 rec=0.006359 dis=0.130965 adv=4.285621 lam=5.932e-05 accD=0.9688
[VAL] epoch=189 val_rec=0.006809 time_min=1.1
step=296800 rec=0.006817 dis=0.136876 adv=4.683918 lam=5.936e-05 accD=0.9688
step=297000 rec=0.006814 dis=0.375499 adv=3.981589 lam=5.94e-05 accD=0.9062
step=297200 rec=0.005902 dis=0.174749 adv=5.034037 lam=5.944e-05 accD=0.8750
step=297400 rec=0.005875 dis=0.213442 adv=4.387061 lam=5.948e-05 accD=0.9062
step=297600 rec=0.006811 dis=0.183536 adv=4.040510 lam=5.952e-05 accD=0.9375
step=297800 rec=0.006482 dis=0.296775 adv=4.657824 lam=5.956e-05 accD=0.8750
step=298000 rec=0.005808 dis=0.334326 adv=3.849180 lam=5.96e-05 accD=0.8438
step=298200 rec=0.007738 dis=0.275597 adv=4.868309 lam=5.964e-05 accD=0.9062
[VAL] epoch=190 val_rec=0.006704 time_min=1.2
step=298400 rec=0.006404 dis=0.237568 adv=4.171782 lam=5.968e-05 accD=0.8750
step=298600 rec=0.006484 dis=0.136668 adv=4.571931 lam=5.972e-05 accD=0.9375
step=298800 rec=0.006297 dis=0.155428 adv=4.211099 lam=5.976e-05 accD=0.9062
step=299000 rec=0.006815 dis=0.084348 adv=4.598120 lam=5.98e-05 accD=1.0000
step=299200 rec=0.006893 dis=0.317597 adv=4.136586 lam=5.984e-05 accD=0.8438
step=299400 rec=0.006687 dis=0.112065 adv=4.533631 lam=5.988e-05 accD=0.9375
step=299600 rec=0.007104 dis=0.118391 adv=3.945368 lam=5.992e-05 accD=0.9688
step=299800 rec=0.007097 dis=0.253118 adv=4.745425 lam=5.996e-05 accD=0.9062
[VAL] epoch=191 val_rec=0.006703 time_min=1.1
step=300000 rec=0.008482 dis=0.170710 adv=4.045777 lam=6e-05 accD=0.9375
step=300200 rec=0.007275 dis=0.200576 adv=3.977693 lam=6.004e-05 accD=0.9062
step=300400 rec=0.007619 dis=0.141963 adv=4.881137 lam=6.008e-05 accD=0.9375
step=300600 rec=0.007129 dis=0.363562 adv=5.057816 lam=6.012e-05 accD=0.8125
step=300800 rec=0.007935 dis=0.139013 adv=4.632881 lam=6.016e-05 accD=0.9375
step=301000 rec=0.006238 dis=0.180412 adv=4.290521 lam=6.02e-05 accD=0.9062
step=301200 rec=0.006870 dis=0.262415 adv=4.304448 lam=6.024e-05 accD=0.9062
step=301400 rec=0.006921 dis=0.439700 adv=4.525298 lam=6.028e-05 accD=0.7812
[VAL] epoch=192 val_rec=0.006613 time_min=1.2
step=301600 rec=0.005672 dis=0.293372 adv=4.664474 lam=6.032e-05 accD=0.9062
step=301800 rec=0.006516 dis=0.227456 adv=5.037559 lam=6.036e-05 accD=0.8750
step=302000 rec=0.006965 dis=0.147496 adv=3.804948 lam=6.04e-05 accD=0.9375
step=302200 rec=0.006796 dis=0.150642 adv=5.153867 lam=6.044e-05 accD=0.9375
step=302400 rec=0.007254 dis=0.412493 adv=3.954790 lam=6.048e-05 accD=0.8125
step=302600 rec=0.006733 dis=0.235473 adv=4.822101 lam=6.052e-05 accD=0.8750
step=302800 rec=0.007702 dis=0.141638 adv=4.225458 lam=6.056e-05 accD=0.9688
step=303000 rec=0.007446 dis=0.342321 adv=3.929012 lam=6.06e-05 accD=0.8438
[VAL] epoch=193 val_rec=0.006703 time_min=1.2
step=303200 rec=0.005330 dis=0.345346 adv=4.185562 lam=6.064e-05 accD=0.9062
step=303400 rec=0.007007 dis=0.204760 adv=4.395700 lam=6.068e-05 accD=0.8750
step=303600 rec=0.005984 dis=0.252946 adv=5.233644 lam=6.072e-05 accD=0.8750
step=303800 rec=0.007748 dis=0.250205 adv=4.495199 lam=6.076e-05 accD=0.8750
step=304000 rec=0.005911 dis=0.118915 adv=5.627143 lam=6.08e-05 accD=0.9375
step=304200 rec=0.006889 dis=0.153488 adv=4.983257 lam=6.084e-05 accD=0.9062
step=304400 rec=0.006651 dis=0.104180 adv=4.503059 lam=6.088e-05 accD=0.9688
[VAL] epoch=194 val_rec=0.006621 time_min=1.1
step=304600 rec=0.006853 dis=0.255510 adv=3.748096 lam=6.092e-05 accD=0.8438
step=304800 rec=0.006295 dis=0.206379 adv=4.027967 lam=6.096e-05 accD=0.9062
step=305000 rec=0.005911 dis=0.419941 adv=4.232168 lam=6.1e-05 accD=0.8750
step=305200 rec=0.006482 dis=0.257226 adv=4.475935 lam=6.104e-05 accD=0.8750
step=305400 rec=0.006576 dis=0.149729 adv=4.784951 lam=6.108e-05 accD=0.9375
step=305600 rec=0.008363 dis=0.360358 adv=3.778798 lam=6.112e-05 accD=0.8125
step=305800 rec=0.006700 dis=0.126132 adv=4.565318 lam=6.116e-05 accD=0.9688
step=306000 rec=0.008280 dis=0.064531 adv=4.918156 lam=6.12e-05 accD=1.0000
[VAL] epoch=195 val_rec=0.007044 time_min=1.2
step=306200 rec=0.006779 dis=0.294670 adv=4.029356 lam=6.124e-05 accD=0.8438
step=306400 rec=0.006390 dis=0.159197 adv=5.024824 lam=6.128e-05 accD=0.9375
step=306600 rec=0.008844 dis=0.154195 adv=4.386722 lam=6.132e-05 accD=0.9375
step=306800 rec=0.007453 dis=0.077525 adv=4.199493 lam=6.136e-05 accD=0.9688
step=307000 rec=0.006403 dis=0.198374 adv=4.551143 lam=6.14e-05 accD=0.9375
step=307200 rec=0.006791 dis=0.318377 adv=4.369060 lam=6.144e-05 accD=0.8750
step=307400 rec=0.006087 dis=0.199625 adv=4.123142 lam=6.148e-05 accD=0.9062
step=307600 rec=0.007153 dis=0.123534 adv=4.068537 lam=6.152e-05 accD=0.9688
[VAL] epoch=196 val_rec=0.006628 time_min=1.1
step=307800 rec=0.006394 dis=0.149094 adv=3.858157 lam=6.156e-05 accD=0.9375
step=308000 rec=0.007304 dis=0.138195 adv=4.365330 lam=6.16e-05 accD=1.0000
step=308200 rec=0.006963 dis=0.213387 adv=4.681715 lam=6.164e-05 accD=0.9375
step=308400 rec=0.006985 dis=0.261927 adv=3.399616 lam=6.168e-05 accD=0.9062
step=308600 rec=0.005803 dis=0.215639 adv=4.215392 lam=6.172e-05 accD=0.8750
step=308800 rec=0.006994 dis=0.267352 adv=4.377919 lam=6.176e-05 accD=0.9375
step=309000 rec=0.005960 dis=0.161357 adv=4.760687 lam=6.18e-05 accD=0.9375
step=309200 rec=0.006157 dis=0.049919 adv=5.390652 lam=6.184e-05 accD=1.0000
[VAL] epoch=197 val_rec=0.006794 time_min=1.2
step=309400 rec=0.006113 dis=0.292433 adv=3.917681 lam=6.188e-05 accD=0.8438
step=309600 rec=0.006989 dis=0.168619 adv=4.467426 lam=6.192e-05 accD=0.9688
step=309800 rec=0.006978 dis=0.259073 adv=4.155810 lam=6.196e-05 accD=0.9062
step=310000 rec=0.007690 dis=0.144709 adv=3.635110 lam=6.2e-05 accD=0.9375
step=310200 rec=0.007532 dis=0.129421 adv=4.021242 lam=6.204e-05 accD=0.9688
step=310400 rec=0.005477 dis=0.310046 adv=3.844729 lam=6.208e-05 accD=0.8750
step=310600 rec=0.005686 dis=0.282987 adv=4.319382 lam=6.212e-05 accD=0.8125
step=310800 rec=0.007199 dis=0.375652 adv=4.324815 lam=6.216e-05 accD=0.8125
[VAL] epoch=198 val_rec=0.006566 time_min=1.1
step=311000 rec=0.007390 dis=0.161955 adv=4.589502 lam=6.22e-05 accD=0.9375
step=311200 rec=0.006060 dis=0.216096 adv=4.044124 lam=6.224e-05 accD=0.8750
step=311400 rec=0.006220 dis=0.203856 adv=4.065308 lam=6.228e-05 accD=0.9062
step=311600 rec=0.007673 dis=0.357771 adv=4.208744 lam=6.232e-05 accD=0.8750
step=311800 rec=0.007203 dis=0.162045 adv=4.772807 lam=6.236e-05 accD=0.9062
step=312000 rec=0.006939 dis=0.155603 adv=3.803695 lam=6.24e-05 accD=0.9375
step=312200 rec=0.006709 dis=0.117392 adv=4.946120 lam=6.244e-05 accD=0.9375
[VAL] epoch=199 val_rec=0.006662 time_min=1.2
step=312400 rec=0.007268 dis=0.161198 adv=4.346764 lam=6.248e-05 accD=0.9062
step=312600 rec=0.009523 dis=0.266935 adv=4.395024 lam=6.252e-05 accD=0.8750
step=312800 rec=0.005402 dis=0.218500 adv=3.811393 lam=6.256e-05 accD=0.9062
step=313000 rec=0.006873 dis=0.184394 adv=5.509691 lam=6.26e-05 accD=0.9062
step=313200 rec=0.007262 dis=0.402714 adv=3.870989 lam=6.264e-05 accD=0.7812
step=313400 rec=0.006508 dis=0.311126 adv=4.453701 lam=6.268e-05 accD=0.8438
step=313600 rec=0.006777 dis=0.283612 adv=4.650984 lam=6.272e-05 accD=0.8750
step=313800 rec=0.006925 dis=0.203017 adv=4.908914 lam=6.276e-05 accD=0.8750
[VAL] epoch=200 val_rec=0.006647 time_min=1.2
step=314000 rec=0.006046 dis=0.024069 adv=5.272231 lam=6.28e-05 accD=1.0000
step=314200 rec=0.007362 dis=0.139696 adv=3.870497 lam=6.284e-05 accD=0.9688
step=314400 rec=0.006329 dis=0.218950 adv=4.498239 lam=6.288e-05 accD=0.9688
step=314600 rec=0.007194 dis=0.200028 adv=4.311068 lam=6.292e-05 accD=0.9062
step=314800 rec=0.006890 dis=0.086716 adv=4.712071 lam=6.296e-05 accD=1.0000
step=315000 rec=0.006672 dis=0.168935 adv=3.539175 lam=6.3e-05 accD=0.8438
step=315200 rec=0.007826 dis=0.178470 adv=4.223381 lam=6.304e-05 accD=0.9375
step=315400 rec=0.006481 dis=0.062914 adv=5.602313 lam=6.308e-05 accD=1.0000
[VAL] epoch=201 val_rec=0.006736 time_min=1.2
step=315600 rec=0.006569 dis=0.273668 adv=4.106139 lam=6.312e-05 accD=0.9062
step=315800 rec=0.007396 dis=0.343995 adv=4.146839 lam=6.316e-05 accD=0.8125
step=316000 rec=0.006934 dis=0.071707 adv=4.389977 lam=6.32e-05 accD=1.0000
step=316200 rec=0.006733 dis=0.092803 adv=4.726238 lam=6.324e-05 accD=0.9375
step=316400 rec=0.006977 dis=0.086400 adv=4.401733 lam=6.328e-05 accD=1.0000
step=316600 rec=0.007287 dis=0.254299 adv=4.691828 lam=6.332e-05 accD=0.9062
step=316800 rec=0.006957 dis=0.202938 adv=3.885073 lam=6.336e-05 accD=0.9375
step=317000 rec=0.006619 dis=0.196162 adv=4.907876 lam=6.34e-05 accD=0.9375
[VAL] epoch=202 val_rec=0.006923 time_min=1.2
step=317200 rec=0.006245 dis=0.274433 adv=3.963403 lam=6.344e-05 accD=0.8750
step=317400 rec=0.006605 dis=0.485548 adv=3.922782 lam=6.348e-05 accD=0.8125
step=317600 rec=0.007702 dis=0.207150 adv=5.227208 lam=6.352e-05 accD=0.9062
step=317800 rec=0.007307 dis=0.147642 adv=4.125065 lam=6.356e-05 accD=0.9688
step=318000 rec=0.006965 dis=0.125043 adv=4.171216 lam=6.36e-05 accD=0.9688
step=318200 rec=0.007045 dis=0.091839 adv=5.241312 lam=6.364e-05 accD=0.9688
step=318400 rec=0.006946 dis=0.069754 adv=4.220438 lam=6.368e-05 accD=1.0000
step=318600 rec=0.006223 dis=0.086974 adv=4.734654 lam=6.372e-05 accD=1.0000
[VAL] epoch=203 val_rec=0.006649 time_min=1.2
step=318800 rec=0.007561 dis=0.097229 adv=5.030070 lam=6.376e-05 accD=1.0000
step=319000 rec=0.006108 dis=0.183287 adv=4.287382 lam=6.38e-05 accD=0.9375
step=319200 rec=0.006719 dis=0.163577 adv=4.065442 lam=6.384e-05 accD=0.9375
step=319400 rec=0.007071 dis=0.154009 adv=4.326940 lam=6.388e-05 accD=0.9688
step=319600 rec=0.005953 dis=0.135865 adv=4.216730 lam=6.392e-05 accD=1.0000
step=319800 rec=0.007308 dis=0.333213 adv=4.018947 lam=6.396e-05 accD=0.8750
step=320000 rec=0.006428 dis=0.273088 adv=4.155054 lam=6.4e-05 accD=0.8438
step=320200 rec=0.006764 dis=0.594394 adv=3.237805 lam=6.404e-05 accD=0.8125
[VAL] epoch=204 val_rec=0.006612 time_min=1.2
step=320400 rec=0.006066 dis=0.270403 adv=3.758080 lam=6.408e-05 accD=0.8750
step=320600 rec=0.005612 dis=0.106400 adv=5.356587 lam=6.412e-05 accD=0.9375
step=320800 rec=0.005901 dis=0.408098 adv=3.882447 lam=6.416e-05 accD=0.8750
step=321000 rec=0.006863 dis=0.268055 adv=4.249927 lam=6.42e-05 accD=0.8438
step=321200 rec=0.008180 dis=0.187694 adv=3.971676 lam=6.424e-05 accD=0.9062
step=321400 rec=0.006450 dis=0.136259 adv=4.946286 lam=6.428e-05 accD=0.9062
step=321600 rec=0.006144 dis=0.170628 adv=3.868108 lam=6.432e-05 accD=0.9062
[VAL] epoch=205 val_rec=0.006626 time_min=1.2
step=321800 rec=0.007955 dis=0.238551 adv=4.144611 lam=6.436e-05 accD=0.8750
step=322000 rec=0.005942 dis=0.323526 adv=4.079312 lam=6.44e-05 accD=0.9375
step=322200 rec=0.006370 dis=0.217523 adv=4.343913 lam=6.444e-05 accD=0.8750
step=322400 rec=0.007177 dis=0.193784 adv=4.624816 lam=6.448e-05 accD=0.9688
step=322600 rec=0.006072 dis=0.288614 adv=4.114044 lam=6.452e-05 accD=0.8750
step=322800 rec=0.007075 dis=0.191013 adv=4.188437 lam=6.456e-05 accD=0.9375
step=323000 rec=0.007456 dis=0.214601 adv=4.733443 lam=6.46e-05 accD=0.9062
step=323200 rec=0.007020 dis=0.224598 adv=4.155672 lam=6.464e-05 accD=0.9062
[VAL] epoch=206 val_rec=0.006624 time_min=1.1
step=323400 rec=0.005528 dis=0.160167 adv=3.639831 lam=6.468e-05 accD=0.9375
step=323600 rec=0.007332 dis=0.240572 adv=4.842792 lam=6.472e-05 accD=0.8750
step=323800 rec=0.007429 dis=0.168273 adv=4.469460 lam=6.476e-05 accD=0.9062
step=324000 rec=0.006666 dis=0.224389 adv=4.324683 lam=6.48e-05 accD=0.8438
step=324200 rec=0.006140 dis=0.091052 adv=4.994040 lam=6.484e-05 accD=0.9688
step=324400 rec=0.006120 dis=0.149592 adv=4.385660 lam=6.488e-05 accD=0.9062
step=324600 rec=0.006187 dis=0.216515 adv=3.730217 lam=6.492e-05 accD=0.9062
step=324800 rec=0.006017 dis=0.071115 adv=4.867172 lam=6.496e-05 accD=0.9688
[VAL] epoch=207 val_rec=0.006862 time_min=1.2
step=325000 rec=0.005587 dis=0.196707 adv=4.328676 lam=6.5e-05 accD=0.8750
step=325200 rec=0.007299 dis=0.181548 adv=4.418786 lam=6.504e-05 accD=0.9062
step=325400 rec=0.005494 dis=0.197808 adv=4.574774 lam=6.508e-05 accD=0.9062
step=325600 rec=0.006651 dis=0.294545 adv=4.570651 lam=6.512e-05 accD=0.8438
step=325800 rec=0.007292 dis=0.165145 adv=4.153766 lam=6.516e-05 accD=0.9375
step=326000 rec=0.006107 dis=0.382175 adv=4.555441 lam=6.52e-05 accD=0.8438
step=326200 rec=0.007342 dis=0.296068 adv=3.979528 lam=6.524e-05 accD=0.8438
step=326400 rec=0.006046 dis=0.395267 adv=3.674922 lam=6.528e-05 accD=0.8438
[VAL] epoch=208 val_rec=0.006808 time_min=1.1
step=326600 rec=0.006823 dis=0.319919 adv=4.213550 lam=6.532e-05 accD=0.8750
step=326800 rec=0.006264 dis=0.219359 adv=3.973366 lam=6.536e-05 accD=0.9062
step=327000 rec=0.006489 dis=0.179388 adv=4.582777 lam=6.54e-05 accD=0.9688
step=327200 rec=0.006463 dis=0.146656 adv=5.193196 lam=6.544e-05 accD=0.9375
step=327400 rec=0.005532 dis=0.141213 adv=4.317990 lam=6.548e-05 accD=0.9688
step=327600 rec=0.006199 dis=0.310079 adv=4.014691 lam=6.552e-05 accD=0.9062
step=327800 rec=0.007578 dis=0.147425 adv=5.160208 lam=6.556e-05 accD=0.9375
step=328000 rec=0.006570 dis=0.278094 adv=5.244422 lam=6.56e-05 accD=0.8750
[VAL] epoch=209 val_rec=0.006740 time_min=1.2
step=328200 rec=0.006511 dis=0.169360 adv=3.870148 lam=6.564e-05 accD=0.9062
step=328400 rec=0.008420 dis=0.224119 adv=4.696467 lam=6.568e-05 accD=0.9062
step=328600 rec=0.006448 dis=0.221356 adv=4.267485 lam=6.572e-05 accD=0.9062
step=328800 rec=0.006153 dis=0.204720 adv=4.220023 lam=6.576e-05 accD=0.9688
step=329000 rec=0.005769 dis=0.106597 adv=4.693351 lam=6.58e-05 accD=0.9375
step=329200 rec=0.005694 dis=0.460363 adv=4.234628 lam=6.584e-05 accD=0.8125
step=329400 rec=0.008071 dis=0.268617 adv=4.415788 lam=6.588e-05 accD=0.8750
[VAL] epoch=210 val_rec=0.006784 time_min=1.1
step=329600 rec=0.005734 dis=0.199073 adv=4.581140 lam=6.592e-05 accD=0.9375
step=329800 rec=0.005853 dis=0.126471 adv=4.230740 lam=6.596e-05 accD=0.9688
step=330000 rec=0.006239 dis=0.191363 adv=4.226048 lam=6.6e-05 accD=0.9375
step=330200 rec=0.006218 dis=0.110826 adv=4.865799 lam=6.604e-05 accD=0.9375
step=330400 rec=0.006797 dis=0.338482 adv=3.697052 lam=6.608e-05 accD=0.8125
step=330600 rec=0.006283 dis=0.398558 adv=3.500915 lam=6.612e-05 accD=0.9062
step=330800 rec=0.007015 dis=0.203957 adv=4.640203 lam=6.616e-05 accD=0.8750
step=331000 rec=0.006134 dis=0.135045 adv=4.423882 lam=6.62e-05 accD=0.9688
[VAL] epoch=211 val_rec=0.006565 time_min=1.2
step=331200 rec=0.007227 dis=0.228865 adv=4.612136 lam=6.624e-05 accD=0.9062
step=331400 rec=0.006136 dis=0.305469 adv=4.336254 lam=6.628e-05 accD=0.8750
step=331600 rec=0.005624 dis=0.230569 adv=4.720440 lam=6.632e-05 accD=0.8750
step=331800 rec=0.005762 dis=0.139104 adv=4.537900 lam=6.636e-05 accD=0.9375
step=332000 rec=0.006333 dis=0.225549 adv=4.427821 lam=6.64e-05 accD=0.8750
step=332200 rec=0.007240 dis=0.086901 adv=4.717404 lam=6.644e-05 accD=0.9688
step=332400 rec=0.006854 dis=0.347196 adv=3.593424 lam=6.648e-05 accD=0.8438
step=332600 rec=0.006954 dis=0.277034 adv=4.017582 lam=6.652e-05 accD=0.8750
[VAL] epoch=212 val_rec=0.006570 time_min=1.1
step=332800 rec=0.006383 dis=0.222140 adv=4.820495 lam=6.656e-05 accD=0.9062
step=333000 rec=0.005864 dis=0.121521 adv=4.021544 lam=6.66e-05 accD=0.9375
step=333200 rec=0.006823 dis=0.158459 adv=4.742053 lam=6.664e-05 accD=0.9375
step=333400 rec=0.008230 dis=0.241565 adv=4.193121 lam=6.668e-05 accD=0.9062
step=333600 rec=0.007312 dis=0.160470 adv=4.725611 lam=6.672e-05 accD=0.9688
step=333800 rec=0.007581 dis=0.210611 adv=4.571548 lam=6.676e-05 accD=0.9062
step=334000 rec=0.008588 dis=0.278545 adv=3.678534 lam=6.68e-05 accD=0.9062
step=334200 rec=0.006752 dis=0.113243 adv=4.847918 lam=6.684e-05 accD=0.9688
[VAL] epoch=213 val_rec=0.006601 time_min=1.2
step=334400 rec=0.006342 dis=0.337272 adv=4.262853 lam=6.688e-05 accD=0.8125
step=334600 rec=0.006416 dis=0.202878 adv=4.034265 lam=6.692e-05 accD=0.9375
step=334800 rec=0.005859 dis=0.269291 adv=4.604277 lam=6.696e-05 accD=0.8438
step=335000 rec=0.006759 dis=0.281678 adv=4.843111 lam=6.7e-05 accD=0.8438
step=335200 rec=0.005904 dis=0.505142 adv=4.266249 lam=6.704e-05 accD=0.8438
step=335400 rec=0.006165 dis=0.259931 adv=4.784174 lam=6.708e-05 accD=0.8750
step=335600 rec=0.005808 dis=0.138910 adv=3.778875 lam=6.712e-05 accD=0.9375
step=335800 rec=0.006754 dis=0.122918 adv=4.506148 lam=6.716e-05 accD=0.9375
[VAL] epoch=214 val_rec=0.006672 time_min=1.1
step=336000 rec=0.006929 dis=0.208055 adv=4.780096 lam=6.72e-05 accD=0.9062
step=336200 rec=0.006591 dis=0.302188 adv=4.426554 lam=6.724e-05 accD=0.9062
step=336400 rec=0.005751 dis=0.247823 adv=4.612971 lam=6.728e-05 accD=0.9062
step=336600 rec=0.008522 dis=0.200364 adv=4.609499 lam=6.732e-05 accD=0.9375
step=336800 rec=0.007647 dis=0.296080 adv=4.208327 lam=6.736e-05 accD=0.8750
step=337000 rec=0.006405 dis=0.182345 adv=4.504838 lam=6.74e-05 accD=0.9375
step=337200 rec=0.006764 dis=0.601075 adv=3.826912 lam=6.744e-05 accD=0.8438
[VAL] epoch=215 val_rec=0.006667 time_min=1.2
step=337400 rec=0.006429 dis=0.371803 adv=4.512243 lam=6.748e-05 accD=0.8125
step=337600 rec=0.007080 dis=0.213514 adv=3.654373 lam=6.752e-05 accD=0.9375
step=337800 rec=0.007333 dis=0.483271 adv=3.819353 lam=6.756e-05 accD=0.8125
step=338000 rec=0.007057 dis=0.198198 adv=4.454527 lam=6.76e-05 accD=0.9062
step=338200 rec=0.006404 dis=0.084331 adv=4.813936 lam=6.764e-05 accD=0.9688
step=338400 rec=0.005913 dis=0.066857 adv=5.203783 lam=6.768e-05 accD=1.0000
step=338600 rec=0.006918 dis=0.105180 adv=5.130449 lam=6.772e-05 accD=0.9688
step=338800 rec=0.007595 dis=0.239050 adv=3.935037 lam=6.776e-05 accD=0.9062
[VAL] epoch=216 val_rec=0.006591 time_min=1.1
step=339000 rec=0.005906 dis=0.232303 adv=4.750061 lam=6.78e-05 accD=0.9375
step=339200 rec=0.006456 dis=0.151765 adv=4.016125 lam=6.784e-05 accD=0.9375
step=339400 rec=0.006049 dis=0.479492 adv=4.958206 lam=6.788e-05 accD=0.7812
step=339600 rec=0.007367 dis=0.180265 adv=4.967901 lam=6.792e-05 accD=0.9062
step=339800 rec=0.006528 dis=0.115682 adv=5.023292 lam=6.796e-05 accD=0.9375
step=340000 rec=0.006328 dis=0.188966 adv=4.209501 lam=6.8e-05 accD=0.9062
step=340200 rec=0.005703 dis=0.177274 adv=4.943666 lam=6.804e-05 accD=0.9375
step=340400 rec=0.006236 dis=0.115409 adv=5.063711 lam=6.808e-05 accD=0.9375
[VAL] epoch=217 val_rec=0.006622 time_min=1.2
step=340600 rec=0.008930 dis=0.257569 adv=4.197001 lam=6.812e-05 accD=0.8438
step=340800 rec=0.006512 dis=0.623984 adv=4.650604 lam=6.816e-05 accD=0.6875
step=341000 rec=0.005547 dis=0.223267 adv=4.644425 lam=6.82e-05 accD=0.9062
step=341200 rec=0.006265 dis=0.287111 adv=4.194415 lam=6.824e-05 accD=0.8438
step=341400 rec=0.008057 dis=0.306708 adv=4.156568 lam=6.828e-05 accD=0.8750
step=341600 rec=0.005431 dis=0.091462 adv=4.246384 lam=6.832e-05 accD=0.9375
step=341800 rec=0.006570 dis=0.090679 adv=4.257547 lam=6.836e-05 accD=1.0000
step=342000 rec=0.006639 dis=0.466263 adv=3.051206 lam=6.84e-05 accD=0.7500
[VAL] epoch=218 val_rec=0.006719 time_min=1.2
step=342200 rec=0.007158 dis=0.133502 adv=4.341194 lam=6.844e-05 accD=0.9375
step=342400 rec=0.006944 dis=0.187646 adv=4.228015 lam=6.848e-05 accD=0.8750
step=342600 rec=0.006022 dis=0.181093 adv=4.769183 lam=6.852e-05 accD=0.8750
step=342800 rec=0.005955 dis=0.107989 adv=4.552837 lam=6.856e-05 accD=0.9688
step=343000 rec=0.006702 dis=0.211053 adv=3.533073 lam=6.86e-05 accD=0.9062
step=343200 rec=0.007665 dis=0.165177 adv=4.169686 lam=6.864e-05 accD=0.9375
step=343400 rec=0.006009 dis=0.160492 adv=4.526768 lam=6.868e-05 accD=0.9375
step=343600 rec=0.007126 dis=0.201145 adv=4.001432 lam=6.872e-05 accD=0.9062
[VAL] epoch=219 val_rec=0.006572 time_min=1.1
step=343800 rec=0.006435 dis=0.279851 adv=3.191473 lam=6.876e-05 accD=0.8750
step=344000 rec=0.006000 dis=0.157754 adv=4.413864 lam=6.88e-05 accD=0.9062
step=344200 rec=0.005902 dis=0.248172 adv=3.531462 lam=6.884e-05 accD=0.9062
step=344400 rec=0.005777 dis=0.184130 adv=3.755970 lam=6.888e-05 accD=0.9375
step=344600 rec=0.006649 dis=0.356112 adv=4.230042 lam=6.892e-05 accD=0.8438
step=344800 rec=0.006222 dis=0.182469 adv=4.224376 lam=6.896e-05 accD=0.9375
step=345000 rec=0.006640 dis=0.250731 adv=3.616369 lam=6.9e-05 accD=0.9062
step=345200 rec=0.006273 dis=0.287056 adv=3.515141 lam=6.904e-05 accD=0.8750
[VAL] epoch=220 val_rec=0.006675 time_min=1.2
step=345400 rec=0.005777 dis=0.082231 adv=4.579736 lam=6.908e-05 accD=0.9688
step=345600 rec=0.006849 dis=0.379967 adv=4.013877 lam=6.912e-05 accD=0.8438
step=345800 rec=0.006656 dis=0.139694 adv=5.062411 lam=6.916e-05 accD=0.9375
step=346000 rec=0.005789 dis=0.148045 adv=4.180708 lam=6.92e-05 accD=0.9375
step=346200 rec=0.006096 dis=0.117320 adv=4.130250 lam=6.924e-05 accD=0.9375
step=346400 rec=0.007076 dis=0.124765 adv=4.808517 lam=6.928e-05 accD=0.9375
step=346600 rec=0.009152 dis=0.171889 adv=4.190661 lam=6.932e-05 accD=0.9375
[VAL] epoch=221 val_rec=0.006690 time_min=1.1
step=346800 rec=0.005552 dis=0.118488 adv=4.250486 lam=6.936e-05 accD=0.9688
step=347000 rec=0.006011 dis=0.288086 adv=4.181206 lam=6.94e-05 accD=0.8750
step=347200 rec=0.006200 dis=0.118746 adv=4.871758 lam=6.944e-05 accD=0.9375
step=347400 rec=0.007459 dis=0.302264 adv=4.234592 lam=6.948e-05 accD=0.8750
step=347600 rec=0.005721 dis=0.362371 adv=4.850212 lam=6.952e-05 accD=0.8438
step=347800 rec=0.006963 dis=0.102393 adv=5.376135 lam=6.956e-05 accD=0.9688
step=348000 rec=0.006829 dis=0.206108 adv=4.166789 lam=6.96e-05 accD=0.8438
step=348200 rec=0.008034 dis=0.146899 adv=4.116153 lam=6.964e-05 accD=0.9375
[VAL] epoch=222 val_rec=0.006584 time_min=1.2
step=348400 rec=0.005544 dis=0.255514 adv=4.052010 lam=6.968e-05 accD=0.8438
step=348600 rec=0.006782 dis=0.074493 adv=4.262544 lam=6.972e-05 accD=0.9688
step=348800 rec=0.006912 dis=0.486979 adv=3.798102 lam=6.976e-05 accD=0.8438
step=349000 rec=0.006850 dis=0.379400 adv=4.031041 lam=6.98e-05 accD=0.8438
step=349200 rec=0.006883 dis=0.266307 adv=4.166881 lam=6.984e-05 accD=0.9062
step=349400 rec=0.008411 dis=0.165635 adv=4.845444 lam=6.988e-05 accD=0.9375
step=349600 rec=0.006258 dis=0.140114 adv=4.415209 lam=6.992e-05 accD=0.9375
step=349800 rec=0.007055 dis=0.247479 adv=4.438964 lam=6.996e-05 accD=0.8750
[VAL] epoch=223 val_rec=0.006702 time_min=1.1
step=350000 rec=0.006031 dis=0.214093 adv=4.816142 lam=7e-05 accD=0.9375
step=350200 rec=0.006246 dis=0.224713 adv=4.695322 lam=7.004e-05 accD=0.9375
step=350400 rec=0.006442 dis=0.346280 adv=4.581144 lam=7.008e-05 accD=0.8750
step=350600 rec=0.006315 dis=0.229913 adv=3.878686 lam=7.012e-05 accD=0.9062
step=350800 rec=0.006652 dis=0.324989 adv=3.966458 lam=7.016e-05 accD=0.8750
step=351000 rec=0.005533 dis=0.111858 adv=4.016105 lam=7.02e-05 accD=0.9688
step=351200 rec=0.005894 dis=0.154249 adv=4.187197 lam=7.024e-05 accD=0.9375
step=351400 rec=0.006338 dis=0.180408 adv=4.858192 lam=7.028e-05 accD=0.9062
[VAL] epoch=224 val_rec=0.006562 time_min=1.2
step=351600 rec=0.007091 dis=0.265692 adv=4.299007 lam=7.032e-05 accD=0.9062
step=351800 rec=0.006513 dis=0.226476 adv=4.287649 lam=7.036e-05 accD=0.9062
step=352000 rec=0.006995 dis=0.305427 adv=4.324894 lam=7.04e-05 accD=0.8750
step=352200 rec=0.006929 dis=0.172156 adv=3.712832 lam=7.044e-05 accD=0.9375
step=352400 rec=0.006135 dis=0.276375 adv=4.732336 lam=7.048e-05 accD=0.8750
step=352600 rec=0.006317 dis=0.241050 adv=4.070968 lam=7.052e-05 accD=0.9375
step=352800 rec=0.006206 dis=0.125464 adv=5.246691 lam=7.056e-05 accD=0.9688
step=353000 rec=0.007097 dis=0.295636 adv=4.105245 lam=7.06e-05 accD=0.8750
[VAL] epoch=225 val_rec=0.006532 time_min=1.1
step=353200 rec=0.006512 dis=0.261395 adv=4.215315 lam=7.064e-05 accD=0.8750
step=353400 rec=0.005871 dis=0.139182 adv=4.168783 lam=7.068e-05 accD=0.9688
step=353600 rec=0.007472 dis=0.338498 adv=3.651239 lam=7.072e-05 accD=0.8125
step=353800 rec=0.007012 dis=0.129468 adv=3.722389 lam=7.076e-05 accD=0.9375
step=354000 rec=0.006015 dis=0.120397 adv=4.677084 lam=7.08e-05 accD=0.9688
step=354200 rec=0.006274 dis=0.198938 adv=3.662505 lam=7.084e-05 accD=0.9062
step=354400 rec=0.007146 dis=0.340030 adv=4.344169 lam=7.088e-05 accD=0.9375
[VAL] epoch=226 val_rec=0.006649 time_min=1.2
step=354600 rec=0.005776 dis=0.216019 adv=4.506134 lam=7.092e-05 accD=0.9375
step=354800 rec=0.006333 dis=0.217659 adv=5.149178 lam=7.096e-05 accD=0.9062
step=355000 rec=0.005787 dis=0.252446 adv=4.392437 lam=7.1e-05 accD=0.8750
step=355200 rec=0.006675 dis=0.130101 adv=4.276402 lam=7.104e-05 accD=0.9375
step=355400 rec=0.007061 dis=0.142039 adv=4.509932 lam=7.108e-05 accD=0.9062
step=355600 rec=0.007484 dis=0.351689 adv=4.794340 lam=7.112e-05 accD=0.8750
step=355800 rec=0.006824 dis=0.359275 adv=3.944874 lam=7.116e-05 accD=0.8438
step=356000 rec=0.006661 dis=0.211532 adv=5.236775 lam=7.12e-05 accD=0.8750
[VAL] epoch=227 val_rec=0.006653 time_min=1.1
step=356200 rec=0.006576 dis=0.275659 adv=4.475213 lam=7.124e-05 accD=0.9062
step=356400 rec=0.006915 dis=0.123760 adv=4.741923 lam=7.128e-05 accD=0.9375
step=356600 rec=0.005990 dis=0.093572 adv=4.425256 lam=7.132e-05 accD=1.0000
step=356800 rec=0.007001 dis=0.265641 adv=4.381768 lam=7.136e-05 accD=0.9062
step=357000 rec=0.006165 dis=0.107440 adv=4.585098 lam=7.14e-05 accD=0.9688
step=357200 rec=0.005969 dis=0.188670 adv=4.024118 lam=7.144e-05 accD=0.9062
step=357400 rec=0.005539 dis=0.201911 adv=4.592414 lam=7.148e-05 accD=0.9062
step=357600 rec=0.005913 dis=0.101747 adv=3.726064 lam=7.152e-05 accD=0.9688
[VAL] epoch=228 val_rec=0.006542 time_min=1.2
step=357800 rec=0.006206 dis=0.201965 adv=4.102359 lam=7.156e-05 accD=0.9062
step=358000 rec=0.005559 dis=0.116350 adv=4.343991 lam=7.16e-05 accD=0.9375
step=358200 rec=0.006524 dis=0.243623 adv=4.047092 lam=7.164e-05 accD=0.8750
step=358400 rec=0.006985 dis=0.312215 adv=4.496430 lam=7.168e-05 accD=0.8750
step=358600 rec=0.006740 dis=0.159440 adv=4.873118 lam=7.172e-05 accD=0.9375
step=358800 rec=0.007467 dis=0.258402 adv=3.928813 lam=7.176e-05 accD=0.9062
step=359000 rec=0.006723 dis=0.397746 adv=4.551156 lam=7.18e-05 accD=0.8438
step=359200 rec=0.007001 dis=0.170293 adv=3.988446 lam=7.184e-05 accD=0.9688
[VAL] epoch=229 val_rec=0.006464 time_min=1.1
step=359400 rec=0.006845 dis=0.335018 adv=4.429815 lam=7.188e-05 accD=0.8750
step=359600 rec=0.006336 dis=0.154330 adv=4.209110 lam=7.192e-05 accD=0.9688
step=359800 rec=0.006144 dis=0.327445 adv=3.956722 lam=7.196e-05 accD=0.8750
step=360000 rec=0.007027 dis=0.416434 adv=3.823228 lam=7.2e-05 accD=0.8125
step=360200 rec=0.006747 dis=0.311560 adv=4.689036 lam=7.204e-05 accD=0.9062
step=360400 rec=0.006954 dis=0.256020 adv=4.159853 lam=7.208e-05 accD=0.9062
step=360600 rec=0.006237 dis=0.110052 adv=4.094860 lam=7.212e-05 accD=0.9688
step=360800 rec=0.006724 dis=0.112442 adv=3.653658 lam=7.216e-05 accD=1.0000
[VAL] epoch=230 val_rec=0.006448 time_min=1.2
step=361000 rec=0.005960 dis=0.203624 adv=3.672246 lam=7.22e-05 accD=0.9062
step=361200 rec=0.006765 dis=0.276326 adv=3.973073 lam=7.224e-05 accD=0.8750
step=361400 rec=0.006132 dis=0.367418 adv=3.534748 lam=7.228e-05 accD=0.7812
step=361600 rec=0.006429 dis=0.234857 adv=3.743347 lam=7.232e-05 accD=0.9688
step=361800 rec=0.005704 dis=0.263721 adv=4.382318 lam=7.236e-05 accD=0.8750
step=362000 rec=0.006706 dis=0.397135 adv=3.540736 lam=7.24e-05 accD=0.8438
step=362200 rec=0.008195 dis=0.222637 adv=4.349754 lam=7.244e-05 accD=0.8750
[VAL] epoch=231 val_rec=0.006546 time_min=1.1
step=362400 rec=0.007970 dis=0.218533 adv=4.569647 lam=7.248e-05 accD=0.9375
step=362600 rec=0.005977 dis=0.211652 adv=5.118554 lam=7.252e-05 accD=0.8750
step=362800 rec=0.006486 dis=0.281046 adv=4.154239 lam=7.256e-05 accD=0.8438
step=363000 rec=0.008290 dis=0.290511 adv=4.082331 lam=7.26e-05 accD=0.8438
step=363200 rec=0.006476 dis=0.218138 adv=4.185103 lam=7.264e-05 accD=0.8750
step=363400 rec=0.006145 dis=0.240063 adv=3.812938 lam=7.268e-05 accD=0.9062
step=363600 rec=0.006831 dis=0.155293 adv=4.669453 lam=7.272e-05 accD=0.9375
step=363800 rec=0.006845 dis=0.165524 adv=3.966154 lam=7.276e-05 accD=0.9375
[VAL] epoch=232 val_rec=0.006552 time_min=1.2
step=364000 rec=0.006875 dis=0.157380 adv=4.775085 lam=7.28e-05 accD=0.9062
step=364200 rec=0.006574 dis=0.292539 adv=3.896197 lam=7.284e-05 accD=0.8438
step=364400 rec=0.006289 dis=0.233414 adv=4.371257 lam=7.288e-05 accD=0.8750
step=364600 rec=0.006537 dis=0.201739 adv=4.125050 lam=7.292e-05 accD=0.9062
step=364800 rec=0.006569 dis=0.214988 adv=4.435483 lam=7.296e-05 accD=0.9688
step=365000 rec=0.006838 dis=0.198098 adv=3.804537 lam=7.3e-05 accD=0.9375
step=365200 rec=0.006847 dis=0.129025 adv=4.334658 lam=7.304e-05 accD=0.9688
step=365400 rec=0.006693 dis=0.173332 adv=4.124304 lam=7.308e-05 accD=0.9375
[VAL] epoch=233 val_rec=0.006574 time_min=1.1
step=365600 rec=0.007125 dis=0.403981 adv=3.822906 lam=7.312e-05 accD=0.7812
step=365800 rec=0.005933 dis=0.227106 adv=4.096056 lam=7.316e-05 accD=0.8750
step=366000 rec=0.007278 dis=0.141921 adv=4.054628 lam=7.32e-05 accD=0.9375
step=366200 rec=0.006411 dis=0.357699 adv=3.787040 lam=7.324e-05 accD=0.8438
step=366400 rec=0.005545 dis=0.240688 adv=4.327022 lam=7.328e-05 accD=0.9375
step=366600 rec=0.005839 dis=0.130840 adv=4.300056 lam=7.332e-05 accD=0.9688
step=366800 rec=0.006444 dis=0.336682 adv=3.938989 lam=7.336e-05 accD=0.8438
step=367000 rec=0.005619 dis=0.174766 adv=4.959747 lam=7.34e-05 accD=0.9062
[VAL] epoch=234 val_rec=0.006486 time_min=1.2
step=367200 rec=0.006862 dis=0.189908 adv=4.909449 lam=7.344e-05 accD=0.9062
step=367400 rec=0.006323 dis=0.135625 adv=4.029248 lam=7.348e-05 accD=0.9375
step=367600 rec=0.006139 dis=0.122735 adv=3.793295 lam=7.352e-05 accD=0.9688
step=367800 rec=0.006547 dis=0.210118 adv=4.149425 lam=7.356e-05 accD=0.9062
step=368000 rec=0.006446 dis=0.278048 adv=4.279507 lam=7.36e-05 accD=0.8750
step=368200 rec=0.006565 dis=0.229391 adv=3.646755 lam=7.364e-05 accD=0.9062
step=368400 rec=0.005841 dis=0.500403 adv=3.729909 lam=7.368e-05 accD=0.7812
step=368600 rec=0.006275 dis=0.205519 adv=3.831457 lam=7.372e-05 accD=0.9375
[VAL] epoch=235 val_rec=0.006546 time_min=1.1
step=368800 rec=0.006793 dis=0.151219 adv=5.059593 lam=7.376e-05 accD=0.9375
step=369000 rec=0.006342 dis=0.299813 adv=4.557796 lam=7.38e-05 accD=0.8750
step=369200 rec=0.006768 dis=0.241523 adv=4.284389 lam=7.384e-05 accD=0.9062
step=369400 rec=0.006461 dis=0.166590 adv=4.356153 lam=7.388e-05 accD=0.9375
step=369600 rec=0.007113 dis=0.218446 adv=3.823181 lam=7.392e-05 accD=0.9375
step=369800 rec=0.006013 dis=0.185620 adv=4.511430 lam=7.396e-05 accD=0.9062
step=370000 rec=0.006409 dis=0.315497 adv=4.415522 lam=7.4e-05 accD=0.8438
[VAL] epoch=236 val_rec=0.006574 time_min=1.2
step=370200 rec=0.006048 dis=0.155672 adv=4.748511 lam=7.404e-05 accD=0.9062
step=370400 rec=0.005539 dis=0.278984 adv=3.542899 lam=7.408e-05 accD=0.8125
step=370600 rec=0.007816 dis=0.258358 adv=4.085884 lam=7.412e-05 accD=0.9062
step=370800 rec=0.005879 dis=0.248114 adv=3.904169 lam=7.416e-05 accD=0.8750
step=371000 rec=0.006394 dis=0.408164 adv=3.609313 lam=7.42e-05 accD=0.9062
step=371200 rec=0.006893 dis=0.274498 adv=3.936209 lam=7.424e-05 accD=0.9688
step=371400 rec=0.006898 dis=0.163786 adv=4.108213 lam=7.428e-05 accD=0.9688
step=371600 rec=0.007122 dis=0.358083 adv=3.579019 lam=7.432e-05 accD=0.8438
[VAL] epoch=237 val_rec=0.006473 time_min=1.2
step=371800 rec=0.005961 dis=0.160480 adv=4.303377 lam=7.436e-05 accD=0.9062
step=372000 rec=0.007778 dis=0.199309 adv=4.116181 lam=7.44e-05 accD=0.9375
step=372200 rec=0.005505 dis=0.244875 adv=3.702983 lam=7.444e-05 accD=0.9062
step=372400 rec=0.005994 dis=0.106076 adv=4.536474 lam=7.448e-05 accD=0.9688
step=372600 rec=0.007409 dis=0.145725 adv=4.432893 lam=7.452e-05 accD=0.9375
step=372800 rec=0.007441 dis=0.092774 adv=4.564482 lam=7.456e-05 accD=0.9688
step=373000 rec=0.006488 dis=0.150540 adv=4.450279 lam=7.46e-05 accD=0.9375
step=373200 rec=0.007094 dis=0.120806 adv=4.411166 lam=7.464e-05 accD=0.9375
[VAL] epoch=238 val_rec=0.006381 time_min=1.2
step=373400 rec=0.009022 dis=0.222197 adv=3.245309 lam=7.468e-05 accD=0.9062
step=373600 rec=0.006755 dis=0.115627 adv=4.090714 lam=7.472e-05 accD=0.9375
step=373800 rec=0.006497 dis=0.342731 adv=3.368120 lam=7.476e-05 accD=0.8125
step=374000 rec=0.006807 dis=0.160653 adv=4.408683 lam=7.48e-05 accD=0.9688
step=374200 rec=0.005971 dis=0.104000 adv=4.137286 lam=7.484e-05 accD=1.0000
step=374400 rec=0.006740 dis=0.416937 adv=4.330583 lam=7.488e-05 accD=0.9062
step=374600 rec=0.006531 dis=0.301699 adv=4.149615 lam=7.492e-05 accD=0.8750
step=374800 rec=0.005801 dis=0.224826 adv=3.225596 lam=7.496e-05 accD=0.8750
[VAL] epoch=239 val_rec=0.006651 time_min=1.1
step=375000 rec=0.005963 dis=0.257006 adv=3.909265 lam=7.5e-05 accD=0.9062
step=375200 rec=0.006875 dis=0.374292 adv=3.924783 lam=7.504e-05 accD=0.8750
step=375400 rec=0.007299 dis=0.289310 adv=3.752661 lam=7.508e-05 accD=0.8438
step=375600 rec=0.007112 dis=0.356016 adv=4.393453 lam=7.512e-05 accD=0.8750
step=375800 rec=0.006070 dis=0.317065 adv=3.985734 lam=7.516e-05 accD=0.8438
step=376000 rec=0.006574 dis=0.155441 adv=5.047942 lam=7.52e-05 accD=0.9062
step=376200 rec=0.005399 dis=0.221530 adv=3.877967 lam=7.524e-05 accD=0.9375
step=376400 rec=0.006753 dis=0.168258 adv=4.511290 lam=7.528e-05 accD=0.9375
[VAL] epoch=240 val_rec=0.006402 time_min=1.2
step=376600 rec=0.006777 dis=0.109105 adv=4.456656 lam=7.532e-05 accD=0.9688
step=376800 rec=0.007234 dis=0.081409 adv=3.973082 lam=7.536e-05 accD=1.0000
step=377000 rec=0.006859 dis=0.155387 adv=4.075734 lam=7.54e-05 accD=0.9375
step=377200 rec=0.006457 dis=0.174045 adv=3.628138 lam=7.544e-05 accD=0.9375
step=377400 rec=0.005818 dis=0.419789 adv=3.745715 lam=7.548e-05 accD=0.7500
step=377600 rec=0.006936 dis=0.278590 adv=3.881962 lam=7.552e-05 accD=0.8750
step=377800 rec=0.006226 dis=0.263251 adv=4.277381 lam=7.556e-05 accD=0.8750
step=378000 rec=0.005788 dis=0.407157 adv=4.093013 lam=7.56e-05 accD=0.8438
[VAL] epoch=241 val_rec=0.006475 time_min=1.2
step=378200 rec=0.007769 dis=0.311782 adv=4.095314 lam=7.564e-05 accD=0.9062
step=378400 rec=0.006119 dis=0.243027 adv=4.207859 lam=7.568e-05 accD=0.9062
step=378600 rec=0.005963 dis=0.082042 adv=4.877474 lam=7.572e-05 accD=0.9688
step=378800 rec=0.006380 dis=0.406283 adv=3.686259 lam=7.576e-05 accD=0.8125
step=379000 rec=0.006151 dis=0.279204 adv=4.152542 lam=7.58e-05 accD=0.8750
step=379200 rec=0.006461 dis=0.153914 adv=4.111939 lam=7.584e-05 accD=0.9375
step=379400 rec=0.007307 dis=0.108858 adv=3.586103 lam=7.588e-05 accD=1.0000
[VAL] epoch=242 val_rec=0.006435 time_min=1.1
step=379600 rec=0.006058 dis=0.285706 adv=4.107234 lam=7.592e-05 accD=0.8750
step=379800 rec=0.006455 dis=0.210859 adv=3.603347 lam=7.596e-05 accD=0.9062
step=380000 rec=0.006767 dis=0.194700 adv=4.317503 lam=7.6e-05 accD=0.9375
step=380200 rec=0.006395 dis=0.242811 adv=3.888875 lam=7.604e-05 accD=0.8750
step=380400 rec=0.006900 dis=0.179653 adv=3.722171 lam=7.608e-05 accD=0.9375
step=380600 rec=0.006055 dis=0.214489 adv=4.548488 lam=7.612e-05 accD=0.8750
step=380800 rec=0.006747 dis=0.257832 adv=3.965905 lam=7.616e-05 accD=0.9062
step=381000 rec=0.007036 dis=0.212038 adv=4.485911 lam=7.62e-05 accD=0.9062
[VAL] epoch=243 val_rec=0.006462 time_min=1.2
step=381200 rec=0.007475 dis=0.147369 adv=4.078925 lam=7.624e-05 accD=0.9375
step=381400 rec=0.006317 dis=0.053317 adv=4.351422 lam=7.628e-05 accD=1.0000
step=381600 rec=0.005921 dis=0.333542 adv=4.283965 lam=7.632e-05 accD=0.8438
step=381800 rec=0.005804 dis=0.284594 adv=3.721010 lam=7.636e-05 accD=0.8750
step=382000 rec=0.006273 dis=0.231240 adv=4.141981 lam=7.64e-05 accD=0.9062
step=382200 rec=0.007092 dis=0.147733 adv=4.200696 lam=7.644e-05 accD=0.9688
step=382400 rec=0.006155 dis=0.211953 adv=5.024146 lam=7.648e-05 accD=0.9375
step=382600 rec=0.006419 dis=0.323953 adv=4.661019 lam=7.652e-05 accD=0.8750
[VAL] epoch=244 val_rec=0.006569 time_min=1.2
step=382800 rec=0.006511 dis=0.195890 adv=4.075141 lam=7.656e-05 accD=0.9062
step=383000 rec=0.006383 dis=0.157623 adv=4.139467 lam=7.66e-05 accD=0.9375
step=383200 rec=0.007018 dis=0.167000 adv=4.382371 lam=7.664e-05 accD=0.9375
step=383400 rec=0.007452 dis=0.367006 adv=3.773794 lam=7.668e-05 accD=0.7812
step=383600 rec=0.007029 dis=0.261006 adv=3.956542 lam=7.672e-05 accD=0.9062
step=383800 rec=0.007671 dis=0.217004 adv=3.989572 lam=7.676e-05 accD=0.9375
step=384000 rec=0.006246 dis=0.327366 adv=3.634466 lam=7.68e-05 accD=0.9062
step=384200 rec=0.006113 dis=0.442364 adv=4.164066 lam=7.684e-05 accD=0.8438
[VAL] epoch=245 val_rec=0.006435 time_min=1.2
step=384400 rec=0.006606 dis=0.158043 adv=4.126775 lam=7.688e-05 accD=0.9375
step=384600 rec=0.006555 dis=0.181959 adv=4.450434 lam=7.692e-05 accD=0.9375
step=384800 rec=0.007320 dis=0.115679 adv=4.387406 lam=7.696e-05 accD=0.9375
step=385000 rec=0.005822 dis=0.295504 adv=3.735214 lam=7.7e-05 accD=0.9062
step=385200 rec=0.006012 dis=0.286411 adv=3.926472 lam=7.704e-05 accD=0.8438
step=385400 rec=0.007045 dis=0.065747 adv=4.518091 lam=7.708e-05 accD=1.0000
step=385600 rec=0.005938 dis=0.181014 adv=4.024806 lam=7.712e-05 accD=0.9375
step=385800 rec=0.006585 dis=0.139411 adv=4.591593 lam=7.716e-05 accD=0.9375
[VAL] epoch=246 val_rec=0.006652 time_min=1.1
step=386000 rec=0.007026 dis=0.261551 adv=4.163236 lam=7.72e-05 accD=0.8750
step=386200 rec=0.006357 dis=0.088369 adv=4.559387 lam=7.724e-05 accD=1.0000
step=386400 rec=0.008047 dis=0.086410 adv=4.836705 lam=7.728e-05 accD=1.0000
step=386600 rec=0.006197 dis=0.239036 adv=4.141023 lam=7.732e-05 accD=0.8750
step=386800 rec=0.006436 dis=0.108674 adv=4.426895 lam=7.736e-05 accD=0.9688
step=387000 rec=0.005427 dis=0.105322 adv=4.139818 lam=7.74e-05 accD=0.9688
step=387200 rec=0.007412 dis=0.138993 adv=4.148127 lam=7.744e-05 accD=0.9375
[VAL] epoch=247 val_rec=0.006476 time_min=1.2
step=387400 rec=0.006299 dis=0.230341 adv=3.685152 lam=7.748e-05 accD=0.9062
step=387600 rec=0.006882 dis=0.187309 adv=2.855073 lam=7.752e-05 accD=0.9062
step=387800 rec=0.008389 dis=0.255352 adv=3.692349 lam=7.756e-05 accD=0.8750
step=388000 rec=0.006620 dis=0.172279 adv=4.607431 lam=7.76e-05 accD=0.9062
step=388200 rec=0.006431 dis=0.232758 adv=4.368806 lam=7.764e-05 accD=0.8750
step=388400 rec=0.006810 dis=0.315731 adv=3.791675 lam=7.768e-05 accD=0.8750
step=388600 rec=0.006811 dis=0.177258 adv=4.299211 lam=7.772e-05 accD=0.9375
step=388800 rec=0.006338 dis=0.177526 adv=4.346594 lam=7.776e-05 accD=0.9375
[VAL] epoch=248 val_rec=0.006548 time_min=1.1
step=389000 rec=0.006964 dis=0.301105 adv=4.476910 lam=7.78e-05 accD=0.9062
step=389200 rec=0.006830 dis=0.157498 adv=4.382525 lam=7.784e-05 accD=0.9062
step=389400 rec=0.006798 dis=0.247948 adv=3.883732 lam=7.788e-05 accD=0.8750
step=389600 rec=0.007737 dis=0.099073 adv=4.667195 lam=7.792e-05 accD=0.9688
step=389800 rec=0.006216 dis=0.120266 adv=5.309608 lam=7.796e-05 accD=0.9375
step=390000 rec=0.005931 dis=0.267796 adv=4.657339 lam=7.8e-05 accD=0.8750
step=390200 rec=0.006283 dis=0.256937 adv=3.567502 lam=7.804e-05 accD=0.8750
step=390400 rec=0.007270 dis=0.249070 adv=4.014636 lam=7.808e-05 accD=0.9062
[VAL] epoch=249 val_rec=0.006591 time_min=1.2
step=390600 rec=0.006750 dis=0.088272 adv=4.827455 lam=7.812e-05 accD=0.9688
step=390800 rec=0.006848 dis=0.268375 adv=3.994504 lam=7.816e-05 accD=0.8750
step=391000 rec=0.008615 dis=0.135851 adv=4.244115 lam=7.82e-05 accD=0.9375
step=391200 rec=0.006683 dis=0.140488 adv=4.175759 lam=7.824e-05 accD=0.9688
step=391400 rec=0.006890 dis=0.344824 adv=3.957763 lam=7.828e-05 accD=0.8438
step=391600 rec=0.006803 dis=0.297377 adv=4.399624 lam=7.832e-05 accD=0.9062
step=391800 rec=0.006349 dis=0.218140 adv=3.549772 lam=7.836e-05 accD=0.9375
step=392000 rec=0.005928 dis=0.274578 adv=4.039289 lam=7.84e-05 accD=0.8750
[VAL] epoch=250 val_rec=0.006639 time_min=1.1
step=392200 rec=0.005799 dis=0.118131 adv=4.191864 lam=7.844e-05 accD=0.9375
step=392400 rec=0.007158 dis=0.235410 adv=3.985658 lam=7.848e-05 accD=0.9062
step=392600 rec=0.006470 dis=0.367492 adv=4.191309 lam=7.852e-05 accD=0.8125
step=392800 rec=0.006947 dis=0.079626 adv=4.451895 lam=7.856e-05 accD=1.0000
step=393000 rec=0.005890 dis=0.267350 adv=3.946702 lam=7.86e-05 accD=0.8750
step=393200 rec=0.006344 dis=0.235761 adv=3.533793 lam=7.864e-05 accD=0.9062
step=393400 rec=0.006749 dis=0.210838 adv=3.281303 lam=7.868e-05 accD=0.8750
step=393600 rec=0.006920 dis=0.222394 adv=5.349252 lam=7.872e-05 accD=0.8750
[VAL] epoch=251 val_rec=0.006443 time_min=1.2
step=393800 rec=0.006682 dis=0.229363 adv=4.017267 lam=7.876e-05 accD=0.8750
step=394000 rec=0.006008 dis=0.286827 adv=4.336069 lam=7.88e-05 accD=0.8438
step=394200 rec=0.006889 dis=0.356430 adv=4.192427 lam=7.884e-05 accD=0.8125
step=394400 rec=0.006019 dis=0.218774 adv=3.718207 lam=7.888e-05 accD=0.9375
step=394600 rec=0.006181 dis=0.351533 adv=3.436646 lam=7.892e-05 accD=0.8125
step=394800 rec=0.006564 dis=0.127552 adv=4.693954 lam=7.896e-05 accD=0.9375
step=395000 rec=0.006384 dis=0.326893 adv=3.601472 lam=7.9e-05 accD=0.9062
[VAL] epoch=252 val_rec=0.006549 time_min=1.1
step=395200 rec=0.007150 dis=0.250719 adv=3.768122 lam=7.904e-05 accD=0.8438
step=395400 rec=0.006184 dis=0.389193 adv=3.854364 lam=7.908e-05 accD=0.8438
step=395600 rec=0.005856 dis=0.286851 adv=3.840344 lam=7.912e-05 accD=0.8438
step=395800 rec=0.006887 dis=0.398214 adv=3.900604 lam=7.916e-05 accD=0.8750
step=396000 rec=0.005469 dis=0.236852 adv=4.073111 lam=7.92e-05 accD=0.9375
step=396200 rec=0.006773 dis=0.259232 adv=3.792540 lam=7.924e-05 accD=0.8750
step=396400 rec=0.006105 dis=0.384409 adv=3.457623 lam=7.928e-05 accD=0.7812
step=396600 rec=0.005999 dis=0.203012 adv=3.964851 lam=7.932e-05 accD=0.9062
[VAL] epoch=253 val_rec=0.006470 time_min=1.2
step=396800 rec=0.005778 dis=0.176439 adv=3.600111 lam=7.936e-05 accD=0.9062
step=397000 rec=0.006134 dis=0.180633 adv=4.209864 lam=7.94e-05 accD=0.9375
step=397200 rec=0.006686 dis=0.383379 adv=3.035268 lam=7.944e-05 accD=0.8438
step=397400 rec=0.007152 dis=0.224833 adv=3.883973 lam=7.948e-05 accD=0.9375
step=397600 rec=0.006780 dis=0.226325 adv=4.133066 lam=7.952e-05 accD=0.9062
step=397800 rec=0.007252 dis=0.236575 adv=3.331631 lam=7.956e-05 accD=0.8750
step=398000 rec=0.006019 dis=0.172397 adv=4.508691 lam=7.96e-05 accD=0.9688
step=398200 rec=0.005734 dis=0.104144 adv=3.657978 lam=7.964e-05 accD=0.9688
[VAL] epoch=254 val_rec=0.006523 time_min=1.1
step=398400 rec=0.006580 dis=0.303583 adv=4.157316 lam=7.968e-05 accD=0.8750
step=398600 rec=0.005893 dis=0.289182 adv=4.425287 lam=7.972e-05 accD=0.9062
step=398800 rec=0.006046 dis=0.196780 adv=4.330637 lam=7.976e-05 accD=0.9375
step=399000 rec=0.006444 dis=0.239703 adv=4.139290 lam=7.98e-05 accD=0.9062
step=399200 rec=0.006046 dis=0.223623 adv=3.711305 lam=7.984e-05 accD=0.9688
step=399400 rec=0.005825 dis=0.367519 adv=3.860514 lam=7.988e-05 accD=0.8438
step=399600 rec=0.006538 dis=0.189009 adv=4.907598 lam=7.992e-05 accD=0.8750
step=399800 rec=0.005648 dis=0.219254 adv=4.028374 lam=7.996e-05 accD=0.8750
[VAL] epoch=255 val_rec=0.006791 time_min=1.2
step=400000 rec=0.006199 dis=0.179823 adv=4.133014 lam=8e-05 accD=0.9375
step=400200 rec=0.006722 dis=0.365310 adv=4.484035 lam=8.004e-05 accD=0.8125
step=400400 rec=0.006496 dis=0.200965 adv=4.442505 lam=8.008e-05 accD=0.9375
step=400600 rec=0.006199 dis=0.181970 adv=4.465322 lam=8.012e-05 accD=0.9375
step=400800 rec=0.005778 dis=0.169639 adv=3.737315 lam=8.016e-05 accD=0.9375
step=401000 rec=0.006685 dis=0.137657 adv=4.005237 lam=8.02e-05 accD=0.9375
step=401200 rec=0.006265 dis=0.171924 adv=4.064677 lam=8.024e-05 accD=0.9688
step=401400 rec=0.006964 dis=0.194719 adv=3.918791 lam=8.028e-05 accD=0.9375
[VAL] epoch=256 val_rec=0.006761 time_min=1.2
step=401600 rec=0.007801 dis=0.190151 adv=3.850184 lam=8.032e-05 accD=0.9688
step=401800 rec=0.007704 dis=0.321504 adv=3.850949 lam=8.036e-05 accD=0.8750
step=402000 rec=0.007273 dis=0.222879 adv=2.875902 lam=8.04e-05 accD=0.9375
step=402200 rec=0.006861 dis=0.173437 adv=4.483140 lam=8.044e-05 accD=0.9375
step=402400 rec=0.006277 dis=0.304399 adv=3.761767 lam=8.048e-05 accD=0.8438
step=402600 rec=0.006443 dis=0.224297 adv=4.242419 lam=8.052e-05 accD=0.9062
step=402800 rec=0.006294 dis=0.244851 adv=3.507066 lam=8.056e-05 accD=0.8750
[VAL] epoch=257 val_rec=0.006538 time_min=1.2
step=403000 rec=0.007362 dis=0.452535 adv=4.011265 lam=8.06e-05 accD=0.8438
step=403200 rec=0.006819 dis=0.163837 adv=3.237456 lam=8.064e-05 accD=0.9062
step=403400 rec=0.005957 dis=0.328146 adv=4.169543 lam=8.068e-05 accD=0.8750
step=403600 rec=0.006516 dis=0.153428 adv=4.376022 lam=8.072e-05 accD=0.9688
step=403800 rec=0.007222 dis=0.421743 adv=3.789421 lam=8.076e-05 accD=0.8438
step=404000 rec=0.006807 dis=0.200664 adv=4.090750 lam=8.08e-05 accD=0.9688
step=404200 rec=0.006872 dis=0.131004 adv=4.304377 lam=8.084e-05 accD=0.9375
step=404400 rec=0.006483 dis=0.284860 adv=3.757274 lam=8.088e-05 accD=0.8750
[VAL] epoch=258 val_rec=0.006544 time_min=1.1
step=404600 rec=0.005672 dis=0.291793 adv=4.676670 lam=8.092e-05 accD=0.8750
step=404800 rec=0.006177 dis=0.135194 adv=4.277411 lam=8.096e-05 accD=0.9688
step=405000 rec=0.005635 dis=0.243152 adv=3.655651 lam=8.1e-05 accD=0.8438
step=405200 rec=0.006319 dis=0.217679 adv=3.651589 lam=8.104e-05 accD=0.8750
step=405400 rec=0.006327 dis=0.336820 adv=4.144342 lam=8.108e-05 accD=0.8750
step=405600 rec=0.007507 dis=0.309050 adv=4.183684 lam=8.112e-05 accD=0.8125
step=405800 rec=0.006801 dis=0.236294 adv=3.764775 lam=8.116e-05 accD=0.8438
step=406000 rec=0.005117 dis=0.241235 adv=4.081304 lam=8.12e-05 accD=0.9062
[VAL] epoch=259 val_rec=0.006970 time_min=1.2
step=406200 rec=0.006564 dis=0.341358 adv=4.345424 lam=8.124e-05 accD=0.8750
step=406400 rec=0.007087 dis=0.141178 adv=4.572802 lam=8.128e-05 accD=0.9375
step=406600 rec=0.005697 dis=0.169262 adv=4.196272 lam=8.132e-05 accD=0.9062
step=406800 rec=0.006224 dis=0.427701 adv=3.582600 lam=8.136e-05 accD=0.7812
step=407000 rec=0.007072 dis=0.169343 adv=4.034568 lam=8.14e-05 accD=0.9062
step=407200 rec=0.005760 dis=0.172947 adv=4.285839 lam=8.144e-05 accD=0.9062
step=407400 rec=0.006000 dis=0.330538 adv=4.424653 lam=8.148e-05 accD=0.8750
step=407600 rec=0.006203 dis=0.120028 adv=3.841102 lam=8.152e-05 accD=0.9375
[VAL] epoch=260 val_rec=0.006512 time_min=1.2
step=407800 rec=0.007713 dis=0.314642 adv=4.086397 lam=8.156e-05 accD=0.8750
step=408000 rec=0.007033 dis=0.211141 adv=4.024975 lam=8.16e-05 accD=0.9062
step=408200 rec=0.005799 dis=0.343281 adv=3.835495 lam=8.164e-05 accD=0.9062
step=408400 rec=0.006573 dis=0.287439 adv=3.750117 lam=8.168e-05 accD=0.8750
step=408600 rec=0.006970 dis=0.296715 adv=3.798338 lam=8.172e-05 accD=0.8750
step=408800 rec=0.006458 dis=0.306342 adv=4.901540 lam=8.176e-05 accD=0.8125
step=409000 rec=0.006002 dis=0.184650 adv=3.616825 lam=8.18e-05 accD=0.9375
step=409200 rec=0.006073 dis=0.180047 adv=3.887456 lam=8.184e-05 accD=0.9062
[VAL] epoch=261 val_rec=0.006475 time_min=1.2
step=409400 rec=0.006213 dis=0.276790 adv=4.143539 lam=8.188e-05 accD=0.8750
step=409600 rec=0.006462 dis=0.223458 adv=3.783531 lam=8.192e-05 accD=0.8750
step=409800 rec=0.005407 dis=0.207505 adv=3.814852 lam=8.196e-05 accD=0.9062
step=410000 rec=0.007306 dis=0.375891 adv=4.859210 lam=8.2e-05 accD=0.8750
step=410200 rec=0.006923 dis=0.361675 adv=4.377748 lam=8.204e-05 accD=0.8750
step=410400 rec=0.006219 dis=0.184145 adv=3.751088 lam=8.208e-05 accD=0.9375
step=410600 rec=0.006303 dis=0.266879 adv=3.575935 lam=8.212e-05 accD=0.9375
step=410800 rec=0.005984 dis=0.146640 adv=4.147902 lam=8.216e-05 accD=0.9062
[VAL] epoch=262 val_rec=0.007002 time_min=1.1
step=411000 rec=0.006691 dis=0.263938 adv=3.906566 lam=8.22e-05 accD=0.9062
step=411200 rec=0.005953 dis=0.642781 adv=4.158232 lam=8.224e-05 accD=0.7812
step=411400 rec=0.006970 dis=0.170886 adv=4.209919 lam=8.228e-05 accD=0.9688
step=411600 rec=0.005750 dis=0.212446 adv=4.523854 lam=8.232e-05 accD=0.8750
step=411800 rec=0.005652 dis=0.197960 adv=4.350400 lam=8.236e-05 accD=0.9062
step=412000 rec=0.005521 dis=0.136115 adv=4.524015 lam=8.24e-05 accD=0.9375
step=412200 rec=0.006300 dis=0.455720 adv=3.436125 lam=8.244e-05 accD=0.8125
[VAL] epoch=263 val_rec=0.006507 time_min=1.2
step=412400 rec=0.006924 dis=0.159816 adv=3.739832 lam=8.248e-05 accD=0.9688
step=412600 rec=0.006229 dis=0.351254 adv=4.288139 lam=8.252e-05 accD=0.8438
step=412800 rec=0.006875 dis=0.196155 adv=3.848768 lam=8.256e-05 accD=0.9062
step=413000 rec=0.006459 dis=0.252862 adv=4.365787 lam=8.26e-05 accD=0.9062
step=413200 rec=0.006558 dis=0.337143 adv=4.319644 lam=8.264e-05 accD=0.8438
step=413400 rec=0.006849 dis=0.292225 adv=3.744978 lam=8.268e-05 accD=0.8438
step=413600 rec=0.006146 dis=0.180232 adv=3.766541 lam=8.272e-05 accD=0.9375
step=413800 rec=0.005753 dis=0.184847 adv=3.902111 lam=8.276e-05 accD=0.9062
[VAL] epoch=264 val_rec=0.006506 time_min=1.1
step=414000 rec=0.006357 dis=0.215424 adv=4.815367 lam=8.28e-05 accD=0.9062
step=414200 rec=0.006220 dis=0.321430 adv=3.616625 lam=8.284e-05 accD=0.8125
step=414400 rec=0.006846 dis=0.128147 adv=4.431323 lam=8.288e-05 accD=0.9688
step=414600 rec=0.006161 dis=0.092509 adv=4.182327 lam=8.292e-05 accD=0.9688
step=414800 rec=0.006651 dis=0.169882 adv=4.403398 lam=8.296e-05 accD=0.9688
step=415000 rec=0.005971 dis=0.312696 adv=3.457712 lam=8.3e-05 accD=0.8750
step=415200 rec=0.007634 dis=0.065260 adv=4.640134 lam=8.304e-05 accD=1.0000
step=415400 rec=0.005815 dis=0.301037 adv=2.968256 lam=8.308e-05 accD=0.9062
[VAL] epoch=265 val_rec=0.006528 time_min=1.2
step=415600 rec=0.006962 dis=0.222266 adv=3.714134 lam=8.312e-05 accD=0.9062
step=415800 rec=0.007181 dis=0.204461 adv=4.918039 lam=8.316e-05 accD=0.9062
step=416000 rec=0.006438 dis=0.204674 adv=4.142851 lam=8.32e-05 accD=0.9062
step=416200 rec=0.007073 dis=0.163649 adv=4.080103 lam=8.324e-05 accD=0.9062
step=416400 rec=0.005854 dis=0.238575 adv=4.803411 lam=8.328e-05 accD=0.9375
step=416600 rec=0.007449 dis=0.195978 adv=4.699659 lam=8.332e-05 accD=0.8750
step=416800 rec=0.007483 dis=0.490973 adv=3.154991 lam=8.336e-05 accD=0.8438
step=417000 rec=0.005595 dis=0.184478 adv=3.548352 lam=8.34e-05 accD=0.9375
[VAL] epoch=266 val_rec=0.006427 time_min=1.2
step=417200 rec=0.006626 dis=0.463158 adv=3.969664 lam=8.344e-05 accD=0.7500
step=417400 rec=0.006685 dis=0.122455 adv=3.937781 lam=8.348e-05 accD=0.9688
step=417600 rec=0.006490 dis=0.196335 adv=4.078598 lam=8.352e-05 accD=0.9062
step=417800 rec=0.005493 dis=0.155172 adv=3.960468 lam=8.356e-05 accD=0.9062
step=418000 rec=0.006503 dis=0.315982 adv=3.699426 lam=8.36e-05 accD=0.8750
step=418200 rec=0.005591 dis=0.214602 adv=3.617375 lam=8.364e-05 accD=0.8750
step=418400 rec=0.006672 dis=0.415585 adv=3.683163 lam=8.368e-05 accD=0.8750
step=418600 rec=0.006148 dis=0.358064 adv=3.872337 lam=8.372e-05 accD=0.7812
[VAL] epoch=267 val_rec=0.006542 time_min=1.1
step=418800 rec=0.006590 dis=0.220531 adv=3.881480 lam=8.376e-05 accD=0.9375
step=419000 rec=0.007697 dis=0.384282 adv=4.169507 lam=8.38e-05 accD=0.7500
step=419200 rec=0.008647 dis=0.135583 adv=3.859957 lam=8.384e-05 accD=0.9375
step=419400 rec=0.005800 dis=0.234628 adv=4.388562 lam=8.388e-05 accD=0.9062
step=419600 rec=0.005968 dis=0.168797 adv=4.165493 lam=8.392e-05 accD=0.9375
step=419800 rec=0.006036 dis=0.164474 adv=4.171044 lam=8.396e-05 accD=0.9375
step=420000 rec=0.006522 dis=0.231833 adv=4.921172 lam=8.4e-05 accD=0.9375
[VAL] epoch=268 val_rec=0.006375 time_min=1.2
step=420200 rec=0.005667 dis=0.324460 adv=3.653802 lam=8.404e-05 accD=0.8438
step=420400 rec=0.006643 dis=0.234877 adv=3.413331 lam=8.408e-05 accD=0.9062
step=420600 rec=0.006744 dis=0.330599 adv=3.479799 lam=8.412e-05 accD=0.9062
step=420800 rec=0.006965 dis=0.318758 adv=3.928236 lam=8.416e-05 accD=0.9062
step=421000 rec=0.006862 dis=0.242648 adv=3.841267 lam=8.42e-05 accD=0.8750
step=421200 rec=0.006699 dis=0.287409 adv=3.837685 lam=8.424e-05 accD=0.8750
step=421400 rec=0.006232 dis=0.261800 adv=3.955505 lam=8.428e-05 accD=0.8438
step=421600 rec=0.006982 dis=0.306511 adv=4.194942 lam=8.432e-05 accD=0.8750
[VAL] epoch=269 val_rec=0.006440 time_min=1.2
step=421800 rec=0.006670 dis=0.238612 adv=3.336808 lam=8.436e-05 accD=0.9062
step=422000 rec=0.006541 dis=0.163130 adv=4.160022 lam=8.44e-05 accD=0.9375
step=422200 rec=0.006130 dis=0.268436 adv=4.498660 lam=8.444e-05 accD=0.7812
step=422400 rec=0.006927 dis=0.318824 adv=3.388059 lam=8.448e-05 accD=0.8438
step=422600 rec=0.005825 dis=0.292208 adv=4.298570 lam=8.452e-05 accD=0.8750
step=422800 rec=0.006138 dis=0.191284 adv=4.695911 lam=8.456e-05 accD=0.9062
step=423000 rec=0.006176 dis=0.211979 adv=3.969284 lam=8.46e-05 accD=0.9062
step=423200 rec=0.006912 dis=0.152833 adv=3.837581 lam=8.464e-05 accD=0.9375
[VAL] epoch=270 val_rec=0.006401 time_min=1.2
step=423400 rec=0.005535 dis=0.129947 adv=4.868366 lam=8.468e-05 accD=0.9062
step=423600 rec=0.006451 dis=0.364491 adv=3.999844 lam=8.472e-05 accD=0.9688
step=423800 rec=0.005947 dis=0.211736 adv=3.468630 lam=8.476e-05 accD=0.9375
step=424000 rec=0.007243 dis=0.154512 adv=3.292513 lam=8.48e-05 accD=0.9375
step=424200 rec=0.006873 dis=0.376491 adv=3.635962 lam=8.484e-05 accD=0.8438
step=424400 rec=0.006524 dis=0.357893 adv=4.596778 lam=8.488e-05 accD=0.8750
step=424600 rec=0.007013 dis=0.135001 adv=3.979476 lam=8.492e-05 accD=0.9375
step=424800 rec=0.007653 dis=0.199153 adv=3.969393 lam=8.496e-05 accD=0.9688
[VAL] epoch=271 val_rec=0.006480 time_min=1.2
step=425000 rec=0.006076 dis=0.187958 adv=4.144097 lam=8.5e-05 accD=0.9375
step=425200 rec=0.005359 dis=0.348623 adv=3.932550 lam=8.504e-05 accD=0.9062
step=425400 rec=0.006257 dis=0.236036 adv=3.593389 lam=8.508e-05 accD=0.9375
step=425600 rec=0.006291 dis=0.168730 adv=3.615488 lam=8.512e-05 accD=0.9688
step=425800 rec=0.005457 dis=0.194674 adv=3.785901 lam=8.516e-05 accD=0.9375
step=426000 rec=0.006610 dis=0.244280 adv=3.827729 lam=8.52e-05 accD=0.9062
step=426200 rec=0.005323 dis=0.384329 adv=3.939271 lam=8.524e-05 accD=0.7188
step=426400 rec=0.006093 dis=0.143368 adv=4.027386 lam=8.528e-05 accD=0.9688
[VAL] epoch=272 val_rec=0.006603 time_min=1.2
step=426600 rec=0.007057 dis=0.158861 adv=4.124129 lam=8.532e-05 accD=0.9062
step=426800 rec=0.006432 dis=0.230142 adv=3.661510 lam=8.536e-05 accD=0.9062
step=427000 rec=0.006937 dis=0.218211 adv=3.960779 lam=8.54e-05 accD=0.9062
step=427200 rec=0.006482 dis=0.384827 adv=4.164903 lam=8.544e-05 accD=0.8125
step=427400 rec=0.005133 dis=0.245204 adv=4.112011 lam=8.548e-05 accD=0.9375
step=427600 rec=0.007022 dis=0.313668 adv=4.268054 lam=8.552e-05 accD=0.8438
step=427800 rec=0.006895 dis=0.172435 adv=3.966657 lam=8.556e-05 accD=0.9688
[VAL] epoch=273 val_rec=0.006554 time_min=1.1
step=428000 rec=0.007118 dis=0.342100 adv=3.730216 lam=8.56e-05 accD=0.8750
step=428200 rec=0.006535 dis=0.229186 adv=4.011799 lam=8.564e-05 accD=0.9688
step=428400 rec=0.005685 dis=0.266655 adv=4.063281 lam=8.568e-05 accD=0.8750
step=428600 rec=0.006872 dis=0.284202 adv=3.892901 lam=8.572e-05 accD=0.8438
step=428800 rec=0.006635 dis=0.109395 adv=4.477017 lam=8.576e-05 accD=1.0000
step=429000 rec=0.006031 dis=0.169634 adv=4.576700 lam=8.58e-05 accD=0.9688
step=429200 rec=0.007719 dis=0.466823 adv=3.663234 lam=8.584e-05 accD=0.7500
step=429400 rec=0.005434 dis=0.401866 adv=4.055768 lam=8.588e-05 accD=0.8438
[VAL] epoch=274 val_rec=0.006364 time_min=1.2
step=429600 rec=0.005782 dis=0.347272 adv=3.737502 lam=8.592e-05 accD=0.8125
step=429800 rec=0.005584 dis=0.128035 adv=3.967599 lam=8.596e-05 accD=0.9688
step=430000 rec=0.007799 dis=0.204095 adv=3.944559 lam=8.6e-05 accD=0.9375
step=430200 rec=0.006865 dis=0.125713 adv=4.354845 lam=8.604e-05 accD=0.9688
step=430400 rec=0.007198 dis=0.104452 adv=4.026255 lam=8.608e-05 accD=0.9688
step=430600 rec=0.006134 dis=0.221295 adv=3.771250 lam=8.612e-05 accD=0.8750
step=430800 rec=0.006871 dis=0.224802 adv=3.813303 lam=8.616e-05 accD=0.9375
step=431000 rec=0.007001 dis=0.351666 adv=3.100138 lam=8.62e-05 accD=0.8438
[VAL] epoch=275 val_rec=0.006794 time_min=1.1
step=431200 rec=0.005401 dis=0.197067 adv=4.198950 lam=8.624e-05 accD=0.9062
step=431400 rec=0.005727 dis=0.188201 adv=4.177706 lam=8.628e-05 accD=0.9688
step=431600 rec=0.007635 dis=0.141243 adv=3.683645 lam=8.632e-05 accD=0.9375
step=431800 rec=0.006737 dis=0.250748 adv=4.138818 lam=8.636e-05 accD=0.8125
step=432000 rec=0.007540 dis=0.259918 adv=3.835849 lam=8.64e-05 accD=0.9375
step=432200 rec=0.006037 dis=0.219183 adv=4.406135 lam=8.644e-05 accD=0.9062
step=432400 rec=0.006646 dis=0.217879 adv=3.884733 lam=8.648e-05 accD=0.9062
step=432600 rec=0.006897 dis=0.139845 adv=4.124059 lam=8.652e-05 accD=0.9375
[VAL] epoch=276 val_rec=0.006399 time_min=1.2
step=432800 rec=0.007260 dis=0.234235 adv=3.814201 lam=8.656e-05 accD=0.8750
step=433000 rec=0.005887 dis=0.217726 adv=4.109831 lam=8.66e-05 accD=0.8750
step=433200 rec=0.005499 dis=0.323339 adv=3.819278 lam=8.664e-05 accD=0.7812
step=433400 rec=0.006307 dis=0.225069 adv=3.255888 lam=8.668e-05 accD=0.9375
step=433600 rec=0.005840 dis=0.245584 adv=4.311146 lam=8.672e-05 accD=0.8750
step=433800 rec=0.007457 dis=0.137665 adv=4.372919 lam=8.676e-05 accD=0.9375
step=434000 rec=0.007387 dis=0.281266 adv=3.711729 lam=8.68e-05 accD=0.9375
step=434200 rec=0.006506 dis=0.100375 adv=4.861846 lam=8.684e-05 accD=0.9688
[VAL] epoch=277 val_rec=0.006387 time_min=1.1
step=434400 rec=0.007482 dis=0.212232 adv=3.764884 lam=8.688e-05 accD=0.8750
step=434600 rec=0.006015 dis=0.185979 adv=4.028748 lam=8.692e-05 accD=0.9375
step=434800 rec=0.007868 dis=0.182139 adv=3.711028 lam=8.696e-05 accD=0.8438
step=435000 rec=0.006046 dis=0.428484 adv=4.408509 lam=8.7e-05 accD=0.7812
step=435200 rec=0.005490 dis=0.192629 adv=4.413086 lam=8.704e-05 accD=0.9062
step=435400 rec=0.007370 dis=0.222418 adv=4.047141 lam=8.708e-05 accD=0.9062
step=435600 rec=0.005864 dis=0.269378 adv=3.971448 lam=8.712e-05 accD=0.8438
[VAL] epoch=278 val_rec=0.006390 time_min=1.2
step=435800 rec=0.007904 dis=0.224042 adv=3.497955 lam=8.716e-05 accD=0.9062
step=436000 rec=0.006388 dis=0.115676 adv=4.467925 lam=8.72e-05 accD=0.9688
step=436200 rec=0.006809 dis=0.208628 adv=4.433040 lam=8.724e-05 accD=0.8750
step=436400 rec=0.005234 dis=0.258058 adv=3.693486 lam=8.728e-05 accD=0.9062
step=436600 rec=0.006498 dis=0.204116 adv=3.532861 lam=8.732e-05 accD=0.9062
step=436800 rec=0.006939 dis=0.212534 adv=4.330348 lam=8.736e-05 accD=0.8750
step=437000 rec=0.006601 dis=0.248193 adv=3.885214 lam=8.74e-05 accD=0.8438
step=437200 rec=0.007033 dis=0.310336 adv=3.338632 lam=8.744e-05 accD=0.8125
[VAL] epoch=279 val_rec=0.006474 time_min=1.1
step=437400 rec=0.006432 dis=0.070734 adv=3.660518 lam=8.748e-05 accD=0.9688
step=437600 rec=0.005765 dis=0.281728 adv=3.826563 lam=8.752e-05 accD=0.8438
step=437800 rec=0.006386 dis=0.250639 adv=3.447073 lam=8.756e-05 accD=0.8750
step=438000 rec=0.006424 dis=0.234147 adv=3.985692 lam=8.76e-05 accD=0.9062
step=438200 rec=0.006999 dis=0.089561 adv=4.169403 lam=8.764e-05 accD=1.0000
step=438400 rec=0.006711 dis=0.144549 adv=4.086287 lam=8.768e-05 accD=0.9688
step=438600 rec=0.006217 dis=0.309895 adv=3.657695 lam=8.772e-05 accD=0.8750
step=438800 rec=0.007984 dis=0.072717 adv=4.162258 lam=8.776e-05 accD=1.0000
[VAL] epoch=280 val_rec=0.006313 time_min=1.2
step=439000 rec=0.006493 dis=0.165876 adv=4.377390 lam=8.78e-05 accD=0.9375
step=439200 rec=0.006582 dis=0.238284 adv=3.416271 lam=8.784e-05 accD=0.9375
step=439400 rec=0.006197 dis=0.292398 adv=3.634808 lam=8.788e-05 accD=0.8750
step=439600 rec=0.006413 dis=0.040526 adv=4.614633 lam=8.792e-05 accD=1.0000
step=439800 rec=0.006182 dis=0.314299 adv=3.611435 lam=8.796e-05 accD=0.8750
step=440000 rec=0.006370 dis=0.268305 adv=3.714673 lam=8.8e-05 accD=0.9062
step=440200 rec=0.006523 dis=0.124898 adv=3.918221 lam=8.804e-05 accD=0.9375
step=440400 rec=0.006455 dis=0.285845 adv=3.911515 lam=8.808e-05 accD=0.8750
[VAL] epoch=281 val_rec=0.006338 time_min=1.1
step=440600 rec=0.006315 dis=0.190217 adv=3.679409 lam=8.812e-05 accD=0.8438
step=440800 rec=0.006522 dis=0.309198 adv=4.219113 lam=8.816e-05 accD=0.8125
step=441000 rec=0.006439 dis=0.259105 adv=3.418887 lam=8.82e-05 accD=0.8750
step=441200 rec=0.006205 dis=0.359424 adv=3.613104 lam=8.824e-05 accD=0.8750
step=441400 rec=0.005714 dis=0.115990 adv=4.106139 lam=8.828e-05 accD=0.9688
step=441600 rec=0.006439 dis=0.273189 adv=3.872831 lam=8.832e-05 accD=0.8750
step=441800 rec=0.006483 dis=0.215474 adv=4.201019 lam=8.836e-05 accD=0.9062
step=442000 rec=0.006710 dis=0.190836 adv=3.776670 lam=8.84e-05 accD=0.8750
[VAL] epoch=282 val_rec=0.006530 time_min=1.2
step=442200 rec=0.005624 dis=0.217184 adv=3.207472 lam=8.844e-05 accD=0.9062
step=442400 rec=0.007079 dis=0.263088 adv=4.035877 lam=8.848e-05 accD=0.9062
step=442600 rec=0.006237 dis=0.196131 adv=3.901537 lam=8.852e-05 accD=0.9062
step=442800 rec=0.006433 dis=0.285805 adv=4.100952 lam=8.856e-05 accD=0.8438
step=443000 rec=0.005349 dis=0.276479 adv=3.522660 lam=8.86e-05 accD=0.8125
step=443200 rec=0.005983 dis=0.627182 adv=4.427545 lam=8.864e-05 accD=0.7188
step=443400 rec=0.006741 dis=0.170365 adv=3.822454 lam=8.868e-05 accD=0.9688
step=443600 rec=0.006072 dis=0.369061 adv=3.787687 lam=8.872e-05 accD=0.8750
[VAL] epoch=283 val_rec=0.006391 time_min=1.1
step=443800 rec=0.006554 dis=0.296349 adv=3.483890 lam=8.876e-05 accD=0.8750
step=444000 rec=0.007000 dis=0.209100 adv=4.041580 lam=8.88e-05 accD=0.9062
step=444200 rec=0.005661 dis=0.414845 adv=3.897595 lam=8.884e-05 accD=0.8125
step=444400 rec=0.005375 dis=0.216967 adv=3.401865 lam=8.888e-05 accD=0.9062
step=444600 rec=0.005707 dis=0.266893 adv=4.436669 lam=8.892e-05 accD=0.8750
step=444800 rec=0.006298 dis=0.284983 adv=4.020534 lam=8.896e-05 accD=0.8125
step=445000 rec=0.006045 dis=0.374306 adv=3.889861 lam=8.9e-05 accD=0.8438
[VAL] epoch=284 val_rec=0.006420 time_min=1.2
step=445200 rec=0.006456 dis=0.086369 adv=4.058552 lam=8.904e-05 accD=1.0000
step=445400 rec=0.006495 dis=0.148279 adv=4.217413 lam=8.908e-05 accD=0.9688
step=445600 rec=0.005918 dis=0.194138 adv=4.518279 lam=8.912e-05 accD=0.9062
step=445800 rec=0.006000 dis=0.169834 adv=4.052926 lam=8.916e-05 accD=0.8750
step=446000 rec=0.006345 dis=0.137981 adv=3.557033 lam=8.92e-05 accD=0.9375
step=446200 rec=0.006314 dis=0.123011 adv=4.635565 lam=8.924e-05 accD=0.9688
step=446400 rec=0.006298 dis=0.144098 adv=4.513408 lam=8.928e-05 accD=0.9375
step=446600 rec=0.006858 dis=0.283949 adv=3.342983 lam=8.932e-05 accD=0.8438
[VAL] epoch=285 val_rec=0.006514 time_min=1.1
step=446800 rec=0.005899 dis=0.121267 adv=3.830450 lam=8.936e-05 accD=0.9688
step=447000 rec=0.007483 dis=0.232826 adv=3.952093 lam=8.94e-05 accD=0.9062
step=447200 rec=0.006502 dis=0.266085 adv=4.097371 lam=8.944e-05 accD=0.8438
step=447400 rec=0.006721 dis=0.304063 adv=3.984601 lam=8.948e-05 accD=0.9062
step=447600 rec=0.006985 dis=0.326423 adv=3.158496 lam=8.952e-05 accD=0.8750
step=447800 rec=0.007189 dis=0.138729 adv=4.353583 lam=8.956e-05 accD=0.9375
step=448000 rec=0.006750 dis=0.257590 adv=4.226138 lam=8.96e-05 accD=0.8438
step=448200 rec=0.005815 dis=0.179532 adv=3.831037 lam=8.964e-05 accD=0.9062
[VAL] epoch=286 val_rec=0.006397 time_min=1.2
step=448400 rec=0.005474 dis=0.283463 adv=4.145327 lam=8.968e-05 accD=0.8750
step=448600 rec=0.006036 dis=0.327634 adv=3.340436 lam=8.972e-05 accD=0.8438
step=448800 rec=0.005115 dis=0.235486 adv=4.591190 lam=8.976e-05 accD=0.8750
step=449000 rec=0.006349 dis=0.309383 adv=3.573956 lam=8.98e-05 accD=0.8125
step=449200 rec=0.006007 dis=0.187645 adv=3.823025 lam=8.984e-05 accD=0.8750
step=449400 rec=0.005913 dis=0.247551 adv=3.282353 lam=8.988e-05 accD=0.9688
step=449600 rec=0.006424 dis=0.161635 adv=4.654933 lam=8.992e-05 accD=0.9062
step=449800 rec=0.007024 dis=0.191270 adv=4.548156 lam=8.996e-05 accD=0.9688
[VAL] epoch=287 val_rec=0.006415 time_min=1.1
step=450000 rec=0.007160 dis=0.297974 adv=4.105365 lam=9e-05 accD=0.8438
step=450200 rec=0.005790 dis=0.224215 adv=4.144246 lam=9.004e-05 accD=0.9375
step=450400 rec=0.006809 dis=0.281860 adv=3.839673 lam=9.008e-05 accD=0.8750
step=450600 rec=0.006978 dis=0.161450 adv=4.246831 lam=9.012e-05 accD=0.9062
step=450800 rec=0.007768 dis=0.405619 adv=3.770427 lam=9.016e-05 accD=0.8125
step=451000 rec=0.006337 dis=0.230185 adv=3.993013 lam=9.02e-05 accD=0.8750
step=451200 rec=0.006426 dis=0.205185 adv=4.011426 lam=9.024e-05 accD=0.8750
step=451400 rec=0.005235 dis=0.215632 adv=3.512627 lam=9.028e-05 accD=0.8750
[VAL] epoch=288 val_rec=0.006375 time_min=1.2
step=451600 rec=0.006765 dis=0.155842 adv=4.098350 lam=9.032e-05 accD=0.9062
step=451800 rec=0.006873 dis=0.296146 adv=3.333362 lam=9.036e-05 accD=0.8125
step=452000 rec=0.005992 dis=0.254009 adv=3.382556 lam=9.04e-05 accD=0.8750
step=452200 rec=0.005805 dis=0.294259 adv=4.269399 lam=9.044e-05 accD=0.8750
step=452400 rec=0.007162 dis=0.198709 adv=3.584844 lam=9.048e-05 accD=0.9062
step=452600 rec=0.006882 dis=0.239680 adv=3.332536 lam=9.052e-05 accD=0.8750
step=452800 rec=0.007054 dis=0.114128 adv=3.672113 lam=9.056e-05 accD=1.0000
[VAL] epoch=289 val_rec=0.006457 time_min=1.2
step=453000 rec=0.007998 dis=0.296260 adv=4.549503 lam=9.06e-05 accD=0.7500
step=453200 rec=0.007533 dis=0.157958 adv=4.378650 lam=9.064e-05 accD=0.9688
step=453400 rec=0.005882 dis=0.276285 adv=4.472161 lam=9.068e-05 accD=0.9062
step=453600 rec=0.007337 dis=0.292958 adv=4.405939 lam=9.072e-05 accD=0.8750
step=453800 rec=0.006417 dis=0.211004 adv=4.026714 lam=9.076e-05 accD=0.9062
step=454000 rec=0.006267 dis=0.151088 adv=3.421397 lam=9.08e-05 accD=0.9375
step=454200 rec=0.006384 dis=0.168959 adv=3.147263 lam=9.084e-05 accD=0.9062
step=454400 rec=0.005540 dis=0.260116 adv=3.443588 lam=9.088e-05 accD=0.8438
[VAL] epoch=290 val_rec=0.006489 time_min=1.2
step=454600 rec=0.006906 dis=0.066853 adv=4.228035 lam=9.092e-05 accD=1.0000
step=454800 rec=0.006258 dis=0.237642 adv=3.835806 lam=9.096e-05 accD=0.9062
step=455000 rec=0.007609 dis=0.290653 adv=3.711506 lam=9.1e-05 accD=0.9062
step=455200 rec=0.005998 dis=0.318940 adv=3.785851 lam=9.104e-05 accD=0.8125
step=455400 rec=0.006637 dis=0.260459 adv=4.272173 lam=9.108e-05 accD=0.8750
step=455600 rec=0.006501 dis=0.184181 adv=4.324528 lam=9.112e-05 accD=0.8750
step=455800 rec=0.006947 dis=0.302313 adv=3.804763 lam=9.116e-05 accD=0.8125
step=456000 rec=0.005520 dis=0.228147 adv=3.810576 lam=9.12e-05 accD=0.8750
[VAL] epoch=291 val_rec=0.006436 time_min=1.2
step=456200 rec=0.005919 dis=0.416301 adv=3.307549 lam=9.124e-05 accD=0.8125
step=456400 rec=0.006695 dis=0.285142 adv=3.567579 lam=9.128e-05 accD=0.8750
step=456600 rec=0.007582 dis=0.732048 adv=3.259807 lam=9.132e-05 accD=0.6562
step=456800 rec=0.007018 dis=0.300956 adv=3.513975 lam=9.136e-05 accD=0.8750
step=457000 rec=0.006572 dis=0.250549 adv=3.768397 lam=9.14e-05 accD=0.9062
step=457200 rec=0.005212 dis=0.398448 adv=3.450420 lam=9.144e-05 accD=0.7812
step=457400 rec=0.005885 dis=0.163158 adv=3.024459 lam=9.148e-05 accD=0.9375
step=457600 rec=0.007311 dis=0.122310 adv=4.349994 lam=9.152e-05 accD=0.9062
[VAL] epoch=292 val_rec=0.006396 time_min=1.2
step=457800 rec=0.006039 dis=0.235415 adv=4.564977 lam=9.156e-05 accD=0.9375
step=458000 rec=0.006979 dis=0.274954 adv=3.700751 lam=9.16e-05 accD=0.8438
step=458200 rec=0.006307 dis=0.196290 adv=4.701632 lam=9.164e-05 accD=0.9375
step=458400 rec=0.006425 dis=0.183188 adv=3.640346 lam=9.168e-05 accD=0.8750
step=458600 rec=0.005743 dis=0.292028 adv=3.728845 lam=9.172e-05 accD=0.8750
step=458800 rec=0.005566 dis=0.198140 adv=4.332748 lam=9.176e-05 accD=0.9375
step=459000 rec=0.006693 dis=0.172635 adv=4.345874 lam=9.18e-05 accD=0.9375
step=459200 rec=0.007066 dis=0.335151 adv=4.023320 lam=9.184e-05 accD=0.9375
[VAL] epoch=293 val_rec=0.006488 time_min=1.2
step=459400 rec=0.006520 dis=0.409241 adv=3.227893 lam=9.188e-05 accD=0.8438
step=459600 rec=0.006431 dis=0.167169 adv=4.022479 lam=9.192e-05 accD=0.9688
step=459800 rec=0.006305 dis=0.258204 adv=4.133397 lam=9.196e-05 accD=0.9375
step=460000 rec=0.006230 dis=0.232261 adv=3.160801 lam=9.2e-05 accD=0.9062
step=460200 rec=0.006468 dis=0.186704 adv=3.909453 lam=9.204e-05 accD=0.9375
step=460400 rec=0.006189 dis=0.309746 adv=3.621808 lam=9.208e-05 accD=0.8438
step=460600 rec=0.005729 dis=0.614045 adv=3.164935 lam=9.212e-05 accD=0.7188
[VAL] epoch=294 val_rec=0.006688 time_min=1.1
step=460800 rec=0.005650 dis=0.183679 adv=4.599213 lam=9.216e-05 accD=0.9062
step=461000 rec=0.006191 dis=0.189962 adv=4.192235 lam=9.22e-05 accD=0.9062
step=461200 rec=0.006625 dis=0.129252 adv=3.835175 lam=9.224e-05 accD=0.9688
step=461400 rec=0.005331 dis=0.182145 adv=3.977123 lam=9.228e-05 accD=0.9062
step=461600 rec=0.005967 dis=0.230697 adv=4.320546 lam=9.232e-05 accD=0.9062
step=461800 rec=0.006065 dis=0.260768 adv=4.189148 lam=9.236e-05 accD=0.8438
step=462000 rec=0.006007 dis=0.208963 adv=3.535140 lam=9.24e-05 accD=0.9062
step=462200 rec=0.007297 dis=0.161339 adv=4.603415 lam=9.244e-05 accD=0.9375
[VAL] epoch=295 val_rec=0.006545 time_min=1.2
step=462400 rec=0.005930 dis=0.311364 adv=3.187241 lam=9.248e-05 accD=0.8750
step=462600 rec=0.007353 dis=0.169685 adv=4.123922 lam=9.252e-05 accD=0.9688
step=462800 rec=0.006847 dis=0.212681 adv=3.275572 lam=9.256e-05 accD=0.9062
step=463000 rec=0.006567 dis=0.195505 adv=4.442523 lam=9.26e-05 accD=0.9062
step=463200 rec=0.005910 dis=0.267558 adv=4.090175 lam=9.264e-05 accD=0.9375
step=463400 rec=0.006630 dis=0.475765 adv=3.651756 lam=9.268e-05 accD=0.8125
step=463600 rec=0.005673 dis=0.324910 adv=3.294126 lam=9.272e-05 accD=0.8125
step=463800 rec=0.007876 dis=0.243686 adv=3.678957 lam=9.276e-05 accD=0.9062
[VAL] epoch=296 val_rec=0.006503 time_min=1.1
step=464000 rec=0.006432 dis=0.087924 adv=4.274236 lam=9.28e-05 accD=1.0000
step=464200 rec=0.005176 dis=0.196534 adv=3.678692 lam=9.284e-05 accD=0.9375
step=464400 rec=0.007168 dis=0.214869 adv=4.267711 lam=9.288e-05 accD=0.8750
step=464600 rec=0.005995 dis=0.195353 adv=3.680223 lam=9.292e-05 accD=0.9375
step=464800 rec=0.007687 dis=0.386233 adv=3.396338 lam=9.296e-05 accD=0.8125
step=465000 rec=0.007233 dis=0.231076 adv=3.743371 lam=9.3e-05 accD=0.8750
step=465200 rec=0.005944 dis=0.133290 adv=4.332341 lam=9.304e-05 accD=0.9688
step=465400 rec=0.006704 dis=0.367956 adv=3.349196 lam=9.308e-05 accD=0.9062
[VAL] epoch=297 val_rec=0.006288 time_min=1.2
step=465600 rec=0.006168 dis=0.400443 adv=3.691664 lam=9.312e-05 accD=0.8125
step=465800 rec=0.005643 dis=0.150533 adv=3.265862 lam=9.316e-05 accD=0.9375
step=466000 rec=0.006125 dis=0.445895 adv=3.611691 lam=9.32e-05 accD=0.8125
step=466200 rec=0.006512 dis=0.265286 adv=3.299185 lam=9.324e-05 accD=0.8750
step=466400 rec=0.006305 dis=0.336434 adv=3.737425 lam=9.328e-05 accD=0.8125
step=466600 rec=0.006174 dis=0.205599 adv=3.444491 lam=9.332e-05 accD=0.9062
step=466800 rec=0.005477 dis=0.229344 adv=3.743358 lam=9.336e-05 accD=0.9062
step=467000 rec=0.006298 dis=0.471775 adv=4.147656 lam=9.34e-05 accD=0.9062
[VAL] epoch=298 val_rec=0.006420 time_min=1.1
step=467200 rec=0.006559 dis=0.232735 adv=3.137922 lam=9.344e-05 accD=0.9375
step=467400 rec=0.005667 dis=0.436323 adv=3.665513 lam=9.348e-05 accD=0.7812
step=467600 rec=0.005606 dis=0.204184 adv=3.332790 lam=9.352e-05 accD=0.9375
step=467800 rec=0.005637 dis=0.187940 adv=4.056691 lam=9.356e-05 accD=0.9062
step=468000 rec=0.006081 dis=0.258692 adv=3.702367 lam=9.36e-05 accD=0.8125
step=468200 rec=0.006467 dis=0.312971 adv=3.778396 lam=9.364e-05 accD=0.7812
step=468400 rec=0.005143 dis=0.238759 adv=3.325494 lam=9.368e-05 accD=0.9375
[VAL] epoch=299 val_rec=0.006348 time_min=1.2
step=468600 rec=0.006707 dis=0.169383 adv=4.520252 lam=9.372e-05 accD=0.9375
step=468800 rec=0.005912 dis=0.371909 adv=3.555854 lam=9.376e-05 accD=0.8125
step=469000 rec=0.006610 dis=0.330070 adv=3.158081 lam=9.38e-05 accD=0.8438
step=469200 rec=0.006501 dis=0.452245 adv=4.567606 lam=9.384e-05 accD=0.8438
step=469400 rec=0.007381 dis=0.268962 adv=4.504588 lam=9.388e-05 accD=0.8750
step=469600 rec=0.006376 dis=0.107762 adv=4.150944 lam=9.392e-05 accD=1.0000
step=469800 rec=0.007101 dis=0.368732 adv=4.022228 lam=9.396e-05 accD=0.8750
step=470000 rec=0.005388 dis=0.214344 adv=4.028894 lam=9.4e-05 accD=0.9062
[VAL] epoch=300 val_rec=0.006571 time_min=1.1
step=470200 rec=0.005837 dis=0.224005 adv=4.119885 lam=9.404e-05 accD=0.9375
step=470400 rec=0.006326 dis=0.104127 adv=4.119802 lam=9.408e-05 accD=1.0000
step=470600 rec=0.006452 dis=0.344359 adv=3.630665 lam=9.412e-05 accD=0.9062
step=470800 rec=0.006423 dis=0.194377 adv=3.901199 lam=9.416e-05 accD=0.9375
step=471000 rec=0.005927 dis=0.190604 adv=3.620857 lam=9.42e-05 accD=0.9688
step=471200 rec=0.007431 dis=0.207934 adv=3.774711 lam=9.424e-05 accD=0.9375
step=471400 rec=0.006734 dis=0.187916 adv=4.137194 lam=9.428e-05 accD=0.9062
step=471600 rec=0.006457 dis=0.272246 adv=3.173292 lam=9.432e-05 accD=0.8750
[VAL] epoch=301 val_rec=0.006341 time_min=1.2
step=471800 rec=0.005689 dis=0.227094 adv=4.357925 lam=9.436e-05 accD=0.9062
step=472000 rec=0.006860 dis=0.122911 adv=3.853934 lam=9.44e-05 accD=0.9688
step=472200 rec=0.006469 dis=0.284815 adv=4.020581 lam=9.444e-05 accD=0.9062
step=472400 rec=0.006123 dis=0.271382 adv=4.156337 lam=9.448e-05 accD=0.8750
step=472600 rec=0.006553 dis=0.278456 adv=3.754484 lam=9.452e-05 accD=0.8750
step=472800 rec=0.007132 dis=0.338145 adv=3.791384 lam=9.456e-05 accD=0.8438
step=473000 rec=0.005791 dis=0.428975 adv=4.153567 lam=9.46e-05 accD=0.9062
step=473200 rec=0.007275 dis=0.214557 adv=4.173889 lam=9.464e-05 accD=0.9688
[VAL] epoch=302 val_rec=0.006301 time_min=1.2
step=473400 rec=0.006157 dis=0.140314 adv=3.437856 lam=9.468e-05 accD=0.9375
step=473600 rec=0.006736 dis=0.235657 adv=3.791965 lam=9.472e-05 accD=0.9062
step=473800 rec=0.006203 dis=0.095822 adv=4.936417 lam=9.476e-05 accD=0.9688
step=474000 rec=0.006131 dis=0.232571 adv=4.020553 lam=9.48e-05 accD=0.8750
step=474200 rec=0.006362 dis=0.182170 adv=3.157205 lam=9.484e-05 accD=0.9688
step=474400 rec=0.006102 dis=0.332528 adv=3.038646 lam=9.488e-05 accD=0.8750
step=474600 rec=0.008119 dis=0.258499 adv=4.249598 lam=9.492e-05 accD=0.9062
step=474800 rec=0.005863 dis=0.187663 adv=3.810875 lam=9.496e-05 accD=0.9688
[VAL] epoch=303 val_rec=0.006801 time_min=1.2
step=475000 rec=0.005426 dis=0.245334 adv=3.600645 lam=9.5e-05 accD=0.9062
step=475200 rec=0.005902 dis=0.324866 adv=3.632294 lam=9.504e-05 accD=0.8438
step=475400 rec=0.006948 dis=0.327613 adv=3.398812 lam=9.508e-05 accD=0.8750
step=475600 rec=0.005333 dis=0.166530 adv=4.080563 lam=9.512e-05 accD=0.9375
step=475800 rec=0.006637 dis=0.165054 adv=4.474898 lam=9.516e-05 accD=0.9375
step=476000 rec=0.008130 dis=0.154606 adv=3.707579 lam=9.52e-05 accD=0.9375
step=476200 rec=0.006047 dis=0.270817 adv=4.023972 lam=9.524e-05 accD=0.9062
step=476400 rec=0.006341 dis=0.127469 adv=3.700897 lam=9.528e-05 accD=0.9688
[VAL] epoch=304 val_rec=0.006397 time_min=1.2
step=476600 rec=0.006984 dis=0.326790 adv=3.721780 lam=9.532e-05 accD=0.9375
step=476800 rec=0.006769 dis=0.142267 adv=3.841823 lam=9.536e-05 accD=0.9688
step=477000 rec=0.006056 dis=0.295503 adv=3.228024 lam=9.54e-05 accD=0.8750
step=477200 rec=0.007459 dis=0.259957 adv=3.664847 lam=9.544e-05 accD=0.8750
step=477400 rec=0.006929 dis=0.319594 adv=3.771142 lam=9.548e-05 accD=0.9062
step=477600 rec=0.006262 dis=0.386848 adv=3.370143 lam=9.552e-05 accD=0.8438
step=477800 rec=0.006207 dis=0.398659 adv=3.232234 lam=9.556e-05 accD=0.7812
[VAL] epoch=305 val_rec=0.006353 time_min=1.2
step=478000 rec=0.005805 dis=0.194108 adv=3.978229 lam=9.56e-05 accD=0.9375
step=478200 rec=0.005913 dis=0.259645 adv=3.774857 lam=9.564e-05 accD=0.8438
step=478400 rec=0.006476 dis=0.329739 adv=4.287191 lam=9.568e-05 accD=0.7812
step=478600 rec=0.007283 dis=0.220705 adv=3.493764 lam=9.572e-05 accD=0.9062
step=478800 rec=0.006162 dis=0.102379 adv=3.658887 lam=9.576e-05 accD=0.9375
step=479000 rec=0.006885 dis=0.231609 adv=3.423154 lam=9.58e-05 accD=0.8750
step=479200 rec=0.006035 dis=0.204755 adv=3.504807 lam=9.584e-05 accD=0.9062
step=479400 rec=0.006222 dis=0.150524 adv=4.153707 lam=9.588e-05 accD=0.9375
[VAL] epoch=306 val_rec=0.006327 time_min=1.1
step=479600 rec=0.005169 dis=0.300242 adv=4.105759 lam=9.592e-05 accD=0.8438
step=479800 rec=0.006382 dis=0.225601 adv=3.774755 lam=9.596e-05 accD=0.8750
step=480000 rec=0.007025 dis=0.180428 adv=3.722900 lam=9.6e-05 accD=0.9375
step=480200 rec=0.006474 dis=0.218364 adv=4.125372 lam=9.604e-05 accD=0.9375
step=480400 rec=0.006262 dis=0.292256 adv=3.810545 lam=9.608e-05 accD=0.8750
step=480600 rec=0.006725 dis=0.289422 adv=4.083805 lam=9.612e-05 accD=0.9062
step=480800 rec=0.007476 dis=0.186911 adv=4.024718 lam=9.616e-05 accD=0.9375
step=481000 rec=0.005957 dis=0.344906 adv=3.884748 lam=9.62e-05 accD=0.8125
[VAL] epoch=307 val_rec=0.006551 time_min=1.2
step=481200 rec=0.006194 dis=0.203555 adv=4.350379 lam=9.624e-05 accD=0.8750
step=481400 rec=0.006075 dis=0.225555 adv=4.116401 lam=9.628e-05 accD=0.8438
step=481600 rec=0.006325 dis=0.221258 adv=4.318011 lam=9.632e-05 accD=0.8750
step=481800 rec=0.007674 dis=0.273273 adv=4.221083 lam=9.636e-05 accD=0.8125
step=482000 rec=0.005953 dis=0.231224 adv=3.615232 lam=9.64e-05 accD=0.9375
step=482200 rec=0.006732 dis=0.364953 adv=4.552338 lam=9.644e-05 accD=0.8125
step=482400 rec=0.006792 dis=0.148525 adv=3.728882 lam=9.648e-05 accD=0.9688
step=482600 rec=0.006551 dis=0.303959 adv=4.256116 lam=9.652e-05 accD=0.9062
[VAL] epoch=308 val_rec=0.007238 time_min=1.1
step=482800 rec=0.005915 dis=0.249475 adv=3.958208 lam=9.656e-05 accD=0.9062
step=483000 rec=0.006917 dis=0.187361 adv=3.873765 lam=9.66e-05 accD=0.9375
step=483200 rec=0.005608 dis=0.214551 adv=3.996468 lam=9.664e-05 accD=0.8750
step=483400 rec=0.006435 dis=0.238127 adv=3.426733 lam=9.668e-05 accD=0.8750
step=483600 rec=0.005697 dis=0.305144 adv=3.999781 lam=9.672e-05 accD=0.8125
step=483800 rec=0.007424 dis=0.175687 adv=3.813706 lam=9.676e-05 accD=0.8750
step=484000 rec=0.006226 dis=0.234102 adv=4.028733 lam=9.68e-05 accD=0.9375
step=484200 rec=0.006530 dis=0.246070 adv=3.443871 lam=9.684e-05 accD=0.9062
[VAL] epoch=309 val_rec=0.006504 time_min=1.2
step=484400 rec=0.006593 dis=0.121453 adv=3.318053 lam=9.688e-05 accD=1.0000
step=484600 rec=0.005819 dis=0.164983 adv=4.066419 lam=9.692e-05 accD=0.9375
step=484800 rec=0.007042 dis=0.164086 adv=4.340030 lam=9.696e-05 accD=0.9062
step=485000 rec=0.006999 dis=0.137279 adv=4.285434 lam=9.7e-05 accD=0.9375
step=485200 rec=0.005482 dis=0.360140 adv=3.201564 lam=9.704e-05 accD=0.8438
step=485400 rec=0.006314 dis=0.168940 adv=3.881800 lam=9.708e-05 accD=0.9375
step=485600 rec=0.006034 dis=0.209477 adv=3.425158 lam=9.712e-05 accD=0.9375
[VAL] epoch=310 val_rec=0.006337 time_min=1.1
step=485800 rec=0.005829 dis=0.396748 adv=3.540828 lam=9.716e-05 accD=0.8438
step=486000 rec=0.006753 dis=0.288287 adv=3.552422 lam=9.72e-05 accD=0.9375
step=486200 rec=0.006504 dis=0.347958 adv=3.596979 lam=9.724e-05 accD=0.8125
step=486400 rec=0.005418 dis=0.293725 adv=3.519823 lam=9.728e-05 accD=0.8125
step=486600 rec=0.007029 dis=0.223739 adv=3.773896 lam=9.732e-05 accD=0.9375
step=486800 rec=0.006375 dis=0.278135 adv=3.614435 lam=9.736e-05 accD=0.7812
step=487000 rec=0.007745 dis=0.242726 adv=3.135461 lam=9.74e-05 accD=0.9062
step=487200 rec=0.005970 dis=0.322245 adv=3.519273 lam=9.744e-05 accD=0.7812
[VAL] epoch=311 val_rec=0.006261 time_min=1.2
step=487400 rec=0.005886 dis=0.407361 adv=3.356096 lam=9.748e-05 accD=0.8750
step=487600 rec=0.006395 dis=0.213762 adv=4.491874 lam=9.752e-05 accD=0.9375
step=487800 rec=0.005973 dis=0.269152 adv=3.347542 lam=9.756e-05 accD=0.9062
step=488000 rec=0.005180 dis=0.193611 adv=3.519046 lam=9.76e-05 accD=0.9062
step=488200 rec=0.005556 dis=0.216620 adv=3.942219 lam=9.764e-05 accD=0.8750
step=488400 rec=0.006343 dis=0.288987 adv=3.908059 lam=9.768e-05 accD=0.8750
step=488600 rec=0.006525 dis=0.255921 adv=4.136503 lam=9.772e-05 accD=0.9062
step=488800 rec=0.006193 dis=0.167118 adv=3.679756 lam=9.776e-05 accD=0.9062
[VAL] epoch=312 val_rec=0.006356 time_min=1.2
step=489000 rec=0.006269 dis=0.305986 adv=4.034848 lam=9.78e-05 accD=0.8438
step=489200 rec=0.005034 dis=0.505815 adv=3.560722 lam=9.784e-05 accD=0.7188
step=489400 rec=0.005251 dis=0.221271 adv=3.867397 lam=9.788e-05 accD=0.9062
step=489600 rec=0.006133 dis=0.298770 adv=3.287347 lam=9.792e-05 accD=0.8125
step=489800 rec=0.006204 dis=0.196571 adv=3.389139 lam=9.796e-05 accD=0.9062
step=490000 rec=0.006231 dis=0.237381 adv=3.762074 lam=9.8e-05 accD=0.9375
step=490200 rec=0.006169 dis=0.181353 adv=3.228649 lam=9.804e-05 accD=0.9062
step=490400 rec=0.007141 dis=0.316873 adv=3.856860 lam=9.808e-05 accD=0.8438
[VAL] epoch=313 val_rec=0.006512 time_min=1.2
step=490600 rec=0.006575 dis=0.316340 adv=3.426686 lam=9.812e-05 accD=0.9062
step=490800 rec=0.007032 dis=0.207865 adv=3.844581 lam=9.816e-05 accD=0.9375
step=491000 rec=0.006302 dis=0.263567 adv=3.095186 lam=9.82e-05 accD=0.8750
step=491200 rec=0.005549 dis=0.460646 adv=3.142439 lam=9.824e-05 accD=0.8125
step=491400 rec=0.006273 dis=0.391077 adv=4.390225 lam=9.828e-05 accD=0.7812
step=491600 rec=0.006709 dis=0.276860 adv=4.018535 lam=9.832e-05 accD=0.8438
step=491800 rec=0.006641 dis=0.380472 adv=3.496612 lam=9.836e-05 accD=0.8125
step=492000 rec=0.006054 dis=0.102147 adv=3.657297 lam=9.84e-05 accD=0.9688
[VAL] epoch=314 val_rec=0.006350 time_min=1.2
step=492200 rec=0.006051 dis=0.223243 adv=3.728854 lam=9.844e-05 accD=0.9062
step=492400 rec=0.006804 dis=0.276014 adv=3.529887 lam=9.848e-05 accD=0.8438
step=492600 rec=0.005472 dis=0.230270 adv=3.464891 lam=9.852e-05 accD=0.8125
step=492800 rec=0.006091 dis=0.220828 adv=4.202317 lam=9.856e-05 accD=0.8750
step=493000 rec=0.006708 dis=0.319453 adv=4.279481 lam=9.86e-05 accD=0.8750
step=493200 rec=0.006082 dis=0.106426 adv=4.246708 lam=9.864e-05 accD=1.0000
step=493400 rec=0.006552 dis=0.117413 adv=4.480786 lam=9.868e-05 accD=0.9688
[VAL] epoch=315 val_rec=0.006526 time_min=1.1
step=493600 rec=0.006790 dis=0.178803 adv=3.975491 lam=9.872e-05 accD=0.9688
step=493800 rec=0.006516 dis=0.131168 adv=4.406229 lam=9.876e-05 accD=0.9375
step=494000 rec=0.006523 dis=0.210212 adv=3.738625 lam=9.88e-05 accD=0.9375
step=494200 rec=0.006180 dis=0.128744 adv=3.733227 lam=9.884e-05 accD=0.9688
step=494400 rec=0.008178 dis=0.244734 adv=3.582327 lam=9.888e-05 accD=0.8750
step=494600 rec=0.005183 dis=0.408139 adv=3.585733 lam=9.892e-05 accD=0.7812
step=494800 rec=0.007028 dis=0.301332 adv=4.076765 lam=9.896e-05 accD=0.8750
step=495000 rec=0.006013 dis=0.176684 adv=3.967811 lam=9.9e-05 accD=0.9062
[VAL] epoch=316 val_rec=0.006404 time_min=1.2
step=495200 rec=0.005468 dis=0.249037 adv=3.623900 lam=9.904e-05 accD=0.8750
step=495400 rec=0.006962 dis=0.182494 adv=4.356683 lam=9.908e-05 accD=0.8750
step=495600 rec=0.006224 dis=0.237630 adv=3.734926 lam=9.912e-05 accD=0.8750
step=495800 rec=0.006063 dis=0.324284 adv=3.314657 lam=9.916e-05 accD=0.8438
step=496000 rec=0.005827 dis=0.305971 adv=3.498635 lam=9.92e-05 accD=0.8438
step=496200 rec=0.006959 dis=0.238685 adv=3.281395 lam=9.924e-05 accD=0.9062
step=496400 rec=0.007306 dis=0.283457 adv=4.063404 lam=9.928e-05 accD=0.8750
step=496600 rec=0.005848 dis=0.178478 adv=4.321775 lam=9.932e-05 accD=0.9375
[VAL] epoch=317 val_rec=0.006347 time_min=1.1
step=496800 rec=0.006079 dis=0.695915 adv=3.316651 lam=9.936e-05 accD=0.6875
step=497000 rec=0.005907 dis=0.323655 adv=4.037760 lam=9.94e-05 accD=0.8125
step=497200 rec=0.007679 dis=0.074045 adv=4.579279 lam=9.944e-05 accD=0.9688
step=497400 rec=0.005569 dis=0.354741 adv=3.901553 lam=9.948e-05 accD=0.8750
step=497600 rec=0.007591 dis=0.449756 adv=3.590152 lam=9.952e-05 accD=0.8438
step=497800 rec=0.005553 dis=0.210941 adv=4.045910 lam=9.956e-05 accD=0.9375
step=498000 rec=0.005682 dis=0.229562 adv=3.278890 lam=9.96e-05 accD=0.9062
step=498200 rec=0.005497 dis=0.383385 adv=3.366298 lam=9.964e-05 accD=0.7812
[VAL] epoch=318 val_rec=0.006402 time_min=1.2
step=498400 rec=0.005341 dis=0.282782 adv=2.829912 lam=9.968e-05 accD=0.8125
step=498600 rec=0.007555 dis=0.338192 adv=3.761154 lam=9.972e-05 accD=0.9375
step=498800 rec=0.005754 dis=0.249641 adv=3.457873 lam=9.976e-05 accD=0.9375
step=499000 rec=0.006048 dis=0.306937 adv=3.487639 lam=9.98e-05 accD=0.8750
step=499200 rec=0.007071 dis=0.242184 adv=3.585628 lam=9.984e-05 accD=0.8750
step=499400 rec=0.006221 dis=0.232540 adv=3.815737 lam=9.988e-05 accD=0.8438
step=499600 rec=0.005738 dis=0.099889 adv=4.567103 lam=9.992e-05 accD=0.9688
step=499800 rec=0.006439 dis=0.260813 adv=3.970532 lam=9.996e-05 accD=0.9062
[VAL] epoch=319 val_rec=0.006385 time_min=1.1
step=500000 rec=0.005854 dis=0.179133 adv=3.781265 lam=0.0001 accD=0.9062
step=500200 rec=0.006178 dis=0.237615 adv=3.937684 lam=0.0001 accD=0.9062
step=500400 rec=0.007152 dis=0.450108 adv=3.109778 lam=0.0001 accD=0.7812
step=500600 rec=0.005996 dis=0.252780 adv=4.290665 lam=0.0001 accD=0.8125
step=500800 rec=0.007003 dis=0.155889 adv=3.708348 lam=0.0001 accD=0.9688
step=501000 rec=0.006350 dis=0.394851 adv=2.999080 lam=0.0001 accD=0.8750
step=501200 rec=0.005983 dis=0.283148 adv=3.446391 lam=0.0001 accD=0.9062
step=501400 rec=0.007840 dis=0.613263 adv=2.997721 lam=0.0001 accD=0.7812
[VAL] epoch=320 val_rec=0.006339 time_min=1.2
step=501600 rec=0.006216 dis=0.168176 adv=3.741355 lam=0.0001 accD=0.8750
step=501800 rec=0.006524 dis=0.348382 adv=2.800333 lam=0.0001 accD=0.9062
step=502000 rec=0.006709 dis=0.268982 adv=3.865446 lam=0.0001 accD=0.9375
step=502200 rec=0.005762 dis=0.398749 adv=4.024285 lam=0.0001 accD=0.8750
step=502400 rec=0.006174 dis=0.222324 adv=3.273518 lam=0.0001 accD=0.9062
step=502600 rec=0.006415 dis=0.266201 adv=4.150688 lam=0.0001 accD=0.8750
step=502800 rec=0.006183 dis=0.142537 adv=4.026455 lam=0.0001 accD=0.9688
[VAL] epoch=321 val_rec=0.006278 time_min=1.1
step=503000 rec=0.006151 dis=0.361794 adv=3.926790 lam=0.0001 accD=0.8125
step=503200 rec=0.006285 dis=0.361002 adv=4.017795 lam=0.0001 accD=0.9062
step=503400 rec=0.006330 dis=0.376241 adv=3.087585 lam=0.0001 accD=0.8750
step=503600 rec=0.005675 dis=0.198432 adv=3.343977 lam=0.0001 accD=0.8750
step=503800 rec=0.006794 dis=0.295044 adv=3.647270 lam=0.0001 accD=0.8438
step=504000 rec=0.005571 dis=0.380319 adv=3.383399 lam=0.0001 accD=0.9062
step=504200 rec=0.006836 dis=0.296447 adv=4.006756 lam=0.0001 accD=0.9375
step=504400 rec=0.006593 dis=0.357688 adv=4.551510 lam=0.0001 accD=0.8438
[VAL] epoch=322 val_rec=0.006283 time_min=1.2
step=504600 rec=0.006277 dis=0.110436 adv=3.892897 lam=0.0001 accD=0.9688
step=504800 rec=0.006610 dis=0.342592 adv=3.746620 lam=0.0001 accD=0.8438
step=505000 rec=0.006738 dis=0.117590 adv=3.974499 lam=0.0001 accD=0.9688
step=505200 rec=0.006303 dis=0.231677 adv=3.585332 lam=0.0001 accD=0.9375
step=505400 rec=0.005681 dis=0.244367 adv=3.512075 lam=0.0001 accD=0.8750
step=505600 rec=0.006437 dis=0.348378 adv=4.142837 lam=0.0001 accD=0.8750
step=505800 rec=0.006781 dis=0.289984 adv=3.858406 lam=0.0001 accD=0.9062
step=506000 rec=0.005036 dis=0.403330 adv=3.531491 lam=0.0001 accD=0.7812
[VAL] epoch=323 val_rec=0.006293 time_min=1.1
step=506200 rec=0.006177 dis=0.079029 adv=4.176273 lam=0.0001 accD=0.9688
step=506400 rec=0.006214 dis=0.078088 adv=4.319173 lam=0.0001 accD=0.9688
step=506600 rec=0.005499 dis=0.398342 adv=3.109941 lam=0.0001 accD=0.7812
step=506800 rec=0.007033 dis=0.181048 adv=3.254923 lam=0.0001 accD=0.9062
step=507000 rec=0.007226 dis=0.370490 adv=3.859750 lam=0.0001 accD=0.7812
step=507200 rec=0.006941 dis=0.196806 adv=4.344576 lam=0.0001 accD=0.9375
step=507400 rec=0.005038 dis=0.186018 adv=4.170003 lam=0.0001 accD=0.8750
step=507600 rec=0.005966 dis=0.314914 adv=3.352986 lam=0.0001 accD=0.8750
[VAL] epoch=324 val_rec=0.006623 time_min=1.2
step=507800 rec=0.006000 dis=0.276843 adv=4.586734 lam=0.0001 accD=0.8438
step=508000 rec=0.005087 dis=0.240117 adv=3.450590 lam=0.0001 accD=0.8438
step=508200 rec=0.006515 dis=0.332023 adv=3.383187 lam=0.0001 accD=0.8750
step=508400 rec=0.007507 dis=0.452605 adv=3.342477 lam=0.0001 accD=0.8438
step=508600 rec=0.006743 dis=0.217633 adv=3.459217 lam=0.0001 accD=0.9375
step=508800 rec=0.005831 dis=0.237751 adv=4.121148 lam=0.0001 accD=0.9062
step=509000 rec=0.006055 dis=0.403026 adv=3.326923 lam=0.0001 accD=0.8125
step=509200 rec=0.005434 dis=0.268646 adv=3.820240 lam=0.0001 accD=0.8750
[VAL] epoch=325 val_rec=0.006335 time_min=1.2
step=509400 rec=0.006019 dis=0.561954 adv=3.229779 lam=0.0001 accD=0.7812
step=509600 rec=0.006637 dis=0.333347 adv=3.570866 lam=0.0001 accD=0.8750
step=509800 rec=0.006372 dis=0.219242 adv=3.990458 lam=0.0001 accD=0.9062
step=510000 rec=0.006207 dis=0.250258 adv=3.187491 lam=0.0001 accD=0.8438
step=510200 rec=0.006423 dis=0.201117 adv=3.929574 lam=0.0001 accD=0.9062
step=510400 rec=0.007302 dis=0.230870 adv=3.332806 lam=0.0001 accD=0.9375
step=510600 rec=0.005834 dis=0.077554 adv=3.933323 lam=0.0001 accD=1.0000
[VAL] epoch=326 val_rec=0.006532 time_min=1.2
step=510800 rec=0.005945 dis=0.153973 adv=4.039428 lam=0.0001 accD=0.9375
step=511000 rec=0.006475 dis=0.128752 adv=3.372101 lam=0.0001 accD=0.9688
step=511200 rec=0.006064 dis=0.076585 adv=4.257648 lam=0.0001 accD=0.9688
step=511400 rec=0.005955 dis=0.156340 adv=3.560634 lam=0.0001 accD=0.9375
step=511600 rec=0.006782 dis=0.326346 adv=3.319754 lam=0.0001 accD=0.8750
step=511800 rec=0.006082 dis=0.202281 adv=4.009769 lam=0.0001 accD=0.9375
step=512000 rec=0.005501 dis=0.094042 adv=4.044961 lam=0.0001 accD=0.9688
step=512200 rec=0.005458 dis=0.218366 adv=3.582194 lam=0.0001 accD=0.8750
[VAL] epoch=327 val_rec=0.006262 time_min=1.2
step=512400 rec=0.007098 dis=0.358494 adv=3.782740 lam=0.0001 accD=0.8750
step=512600 rec=0.005577 dis=0.106567 adv=4.006130 lam=0.0001 accD=0.9688
step=512800 rec=0.007380 dis=0.301712 adv=3.453337 lam=0.0001 accD=0.9375
step=513000 rec=0.006602 dis=0.320338 adv=3.446838 lam=0.0001 accD=0.8750
step=513200 rec=0.007533 dis=0.391162 adv=3.203687 lam=0.0001 accD=0.7812
step=513400 rec=0.005749 dis=0.232056 adv=4.399162 lam=0.0001 accD=0.9062
step=513600 rec=0.007138 dis=0.250073 adv=3.741423 lam=0.0001 accD=0.8750
step=513800 rec=0.005380 dis=0.297002 adv=3.444209 lam=0.0001 accD=0.8750
[VAL] epoch=328 val_rec=0.006358 time_min=1.2
step=514000 rec=0.005675 dis=0.406346 adv=4.065118 lam=0.0001 accD=0.7500
step=514200 rec=0.006663 dis=0.321460 adv=4.438637 lam=0.0001 accD=0.8438
step=514400 rec=0.006425 dis=0.093970 adv=3.946571 lam=0.0001 accD=1.0000
step=514600 rec=0.005603 dis=0.324961 adv=3.212284 lam=0.0001 accD=0.8438
step=514800 rec=0.005976 dis=0.150399 adv=4.652342 lam=0.0001 accD=0.9062
step=515000 rec=0.006223 dis=0.338718 adv=3.527514 lam=0.0001 accD=0.8750
step=515200 rec=0.006003 dis=0.214327 adv=3.390229 lam=0.0001 accD=0.8750
step=515400 rec=0.007823 dis=0.257031 adv=3.866311 lam=0.0001 accD=0.8438
[VAL] epoch=329 val_rec=0.006442 time_min=1.1
step=515600 rec=0.005790 dis=0.159590 adv=4.293326 lam=0.0001 accD=0.9688
step=515800 rec=0.006421 dis=0.326200 adv=3.573828 lam=0.0001 accD=0.7500
step=516000 rec=0.006391 dis=0.218677 adv=4.347346 lam=0.0001 accD=0.9062
step=516200 rec=0.006536 dis=0.218779 adv=3.601579 lam=0.0001 accD=0.9375
step=516400 rec=0.006307 dis=0.195717 adv=4.355880 lam=0.0001 accD=0.9375
step=516600 rec=0.006245 dis=0.164893 adv=4.197006 lam=0.0001 accD=0.9062
step=516800 rec=0.005651 dis=0.172916 adv=3.781655 lam=0.0001 accD=0.9062
step=517000 rec=0.006951 dis=0.242408 adv=3.252001 lam=0.0001 accD=0.9375
[VAL] epoch=330 val_rec=0.006252 time_min=1.2
step=517200 rec=0.007202 dis=0.102709 adv=3.295870 lam=0.0001 accD=0.9688
step=517400 rec=0.005360 dis=0.117124 adv=3.964200 lam=0.0001 accD=1.0000
step=517600 rec=0.007239 dis=0.399415 adv=3.813494 lam=0.0001 accD=0.8438
step=517800 rec=0.006680 dis=0.358645 adv=3.997407 lam=0.0001 accD=0.7812
step=518000 rec=0.006288 dis=0.225411 adv=3.776546 lam=0.0001 accD=0.9062
step=518200 rec=0.006656 dis=0.361547 adv=3.734451 lam=0.0001 accD=0.8438
step=518400 rec=0.005067 dis=0.294734 adv=4.045423 lam=0.0001 accD=0.8438
[VAL] epoch=331 val_rec=0.006275 time_min=1.1
step=518600 rec=0.006963 dis=0.147451 adv=4.184457 lam=0.0001 accD=0.9375
step=518800 rec=0.005861 dis=0.111768 adv=4.412197 lam=0.0001 accD=0.9688
step=519000 rec=0.006651 dis=0.173848 adv=4.271631 lam=0.0001 accD=0.9375
step=519200 rec=0.005968 dis=0.220176 adv=4.334529 lam=0.0001 accD=0.8750
step=519400 rec=0.007149 dis=0.175240 adv=3.463928 lam=0.0001 accD=0.9375
step=519600 rec=0.006425 dis=0.252232 adv=3.728100 lam=0.0001 accD=0.9062
step=519800 rec=0.006674 dis=0.101984 adv=4.212667 lam=0.0001 accD=0.9688
step=520000 rec=0.006302 dis=0.190483 adv=3.556731 lam=0.0001 accD=0.9375
[VAL] epoch=332 val_rec=0.006246 time_min=1.2
step=520200 rec=0.006144 dis=0.167821 adv=3.991300 lam=0.0001 accD=0.9375
step=520400 rec=0.006184 dis=0.168418 adv=3.605114 lam=0.0001 accD=0.9375
step=520600 rec=0.006243 dis=0.215141 adv=4.150344 lam=0.0001 accD=0.9375
step=520800 rec=0.005895 dis=0.166234 adv=3.893269 lam=0.0001 accD=0.9375
step=521000 rec=0.006194 dis=0.671715 adv=2.803150 lam=0.0001 accD=0.6875
step=521200 rec=0.005764 dis=0.119446 adv=4.433021 lam=0.0001 accD=0.9375
step=521400 rec=0.006201 dis=0.179569 adv=4.719632 lam=0.0001 accD=0.9062
step=521600 rec=0.005655 dis=0.164509 adv=3.257768 lam=0.0001 accD=0.9688
[VAL] epoch=333 val_rec=0.006285 time_min=1.2
step=521800 rec=0.005837 dis=0.269434 adv=3.333904 lam=0.0001 accD=0.8750
step=522000 rec=0.006869 dis=0.198489 adv=3.577098 lam=0.0001 accD=0.9062
step=522200 rec=0.005660 dis=0.135960 adv=4.247761 lam=0.0001 accD=0.9688
step=522400 rec=0.007357 dis=0.217463 adv=4.158601 lam=0.0001 accD=0.9062
step=522600 rec=0.005788 dis=0.293065 adv=3.558007 lam=0.0001 accD=0.9062
step=522800 rec=0.006434 dis=0.066218 adv=4.409680 lam=0.0001 accD=1.0000
step=523000 rec=0.006990 dis=0.276540 adv=3.532315 lam=0.0001 accD=0.8438
step=523200 rec=0.006505 dis=0.291828 adv=4.108792 lam=0.0001 accD=0.9062
[VAL] epoch=334 val_rec=0.006304 time_min=1.2
step=523400 rec=0.006741 dis=0.358304 adv=3.628866 lam=0.0001 accD=0.8125
step=523600 rec=0.006249 dis=0.263749 adv=3.752923 lam=0.0001 accD=0.8750
step=523800 rec=0.006144 dis=0.333526 adv=3.426504 lam=0.0001 accD=0.8125
step=524000 rec=0.006209 dis=0.204035 adv=4.135720 lam=0.0001 accD=0.8438
step=524200 rec=0.005379 dis=0.200957 adv=4.600285 lam=0.0001 accD=0.9688
step=524400 rec=0.006008 dis=0.204276 adv=3.610129 lam=0.0001 accD=0.9688
step=524600 rec=0.006552 dis=0.255337 adv=3.714545 lam=0.0001 accD=0.8750
step=524800 rec=0.005481 dis=0.144213 adv=4.032888 lam=0.0001 accD=0.9375
[VAL] epoch=335 val_rec=0.006354 time_min=1.1
step=525000 rec=0.005970 dis=0.311051 adv=3.291693 lam=0.0001 accD=0.8750
step=525200 rec=0.005541 dis=0.104445 adv=5.170283 lam=0.0001 accD=0.9375
step=525400 rec=0.005589 dis=0.226504 adv=3.738769 lam=0.0001 accD=0.9375
step=525600 rec=0.007175 dis=0.117297 adv=4.460575 lam=0.0001 accD=0.9375
step=525800 rec=0.006281 dis=0.070518 adv=4.342420 lam=0.0001 accD=0.9688
step=526000 rec=0.005264 dis=0.465718 adv=3.820342 lam=0.0001 accD=0.7812
step=526200 rec=0.005468 dis=0.296941 adv=3.564274 lam=0.0001 accD=0.8125
[VAL] epoch=336 val_rec=0.006361 time_min=1.2
step=526400 rec=0.005992 dis=0.164131 adv=4.222627 lam=0.0001 accD=0.8750
step=526600 rec=0.005386 dis=0.257619 adv=3.280361 lam=0.0001 accD=0.8750
step=526800 rec=0.006073 dis=0.332420 adv=3.336484 lam=0.0001 accD=0.9062
step=527000 rec=0.005973 dis=0.288266 adv=3.938231 lam=0.0001 accD=0.8125
step=527200 rec=0.007601 dis=0.274401 adv=3.792078 lam=0.0001 accD=0.8438
step=527400 rec=0.006684 dis=0.250829 adv=3.808111 lam=0.0001 accD=0.9062
step=527600 rec=0.005810 dis=0.154723 adv=4.014830 lam=0.0001 accD=0.9062
step=527800 rec=0.005398 dis=0.237856 adv=3.840645 lam=0.0001 accD=0.9062
[VAL] epoch=337 val_rec=0.006281 time_min=1.1
step=528000 rec=0.006160 dis=0.183616 adv=3.821098 lam=0.0001 accD=0.9375
step=528200 rec=0.005865 dis=0.137179 adv=3.758472 lam=0.0001 accD=1.0000
step=528400 rec=0.006394 dis=0.349585 adv=3.962549 lam=0.0001 accD=0.8750
step=528600 rec=0.005322 dis=0.254800 adv=4.250499 lam=0.0001 accD=0.8438
step=528800 rec=0.006794 dis=0.142450 adv=4.302899 lam=0.0001 accD=0.9375
step=529000 rec=0.005854 dis=0.339461 adv=2.972371 lam=0.0001 accD=0.9375
step=529200 rec=0.006330 dis=0.466389 adv=3.603283 lam=0.0001 accD=0.8438
step=529400 rec=0.006148 dis=0.259498 adv=3.650286 lam=0.0001 accD=0.8750
[VAL] epoch=338 val_rec=0.006294 time_min=1.2
step=529600 rec=0.006307 dis=0.184823 adv=3.499728 lam=0.0001 accD=0.9688
step=529800 rec=0.005986 dis=0.376296 adv=3.237821 lam=0.0001 accD=0.8125
step=530000 rec=0.006664 dis=0.449996 adv=3.584822 lam=0.0001 accD=0.8125
step=530200 rec=0.006315 dis=0.300888 adv=3.978868 lam=0.0001 accD=0.9375
step=530400 rec=0.006637 dis=0.212411 adv=3.674480 lam=0.0001 accD=0.9375
step=530600 rec=0.006648 dis=0.202751 adv=3.785466 lam=0.0001 accD=0.9062
step=530800 rec=0.006367 dis=0.215500 adv=4.306437 lam=0.0001 accD=0.8750
step=531000 rec=0.006621 dis=0.242443 adv=3.746716 lam=0.0001 accD=0.9375
[VAL] epoch=339 val_rec=0.006626 time_min=1.2
step=531200 rec=0.008008 dis=0.195030 adv=3.286823 lam=0.0001 accD=0.9688
step=531400 rec=0.006324 dis=0.259116 adv=3.565019 lam=0.0001 accD=0.9375
step=531600 rec=0.007409 dis=0.168367 adv=4.841241 lam=0.0001 accD=0.9375
step=531800 rec=0.006758 dis=0.237688 adv=3.224832 lam=0.0001 accD=0.8438
step=532000 rec=0.006148 dis=0.380617 adv=3.842711 lam=0.0001 accD=0.8125
step=532200 rec=0.006994 dis=0.279835 adv=3.848787 lam=0.0001 accD=0.9375
step=532400 rec=0.006385 dis=0.153657 adv=4.373958 lam=0.0001 accD=0.9062
step=532600 rec=0.005655 dis=0.453163 adv=3.625446 lam=0.0001 accD=0.8125
[VAL] epoch=340 val_rec=0.006496 time_min=1.1
step=532800 rec=0.005749 dis=0.374751 adv=2.947803 lam=0.0001 accD=0.8750
step=533000 rec=0.006884 dis=0.382533 adv=3.439294 lam=0.0001 accD=0.8750
step=533200 rec=0.007639 dis=0.287078 adv=3.734953 lam=0.0001 accD=0.8750
step=533400 rec=0.005255 dis=0.272832 adv=3.743922 lam=0.0001 accD=0.9062
step=533600 rec=0.005876 dis=0.126406 adv=4.104172 lam=0.0001 accD=0.9688
step=533800 rec=0.007043 dis=0.271430 adv=3.401659 lam=0.0001 accD=0.8750
step=534000 rec=0.006358 dis=0.261647 adv=3.565545 lam=0.0001 accD=0.9062
step=534200 rec=0.006386 dis=0.282902 adv=3.878269 lam=0.0001 accD=0.9375
[VAL] epoch=341 val_rec=0.006830 time_min=1.2
step=534400 rec=0.006584 dis=0.195472 adv=4.343369 lam=0.0001 accD=0.9688
step=534600 rec=0.006873 dis=0.277600 adv=3.973022 lam=0.0001 accD=0.8125
step=534800 rec=0.006668 dis=0.264238 adv=4.197409 lam=0.0001 accD=0.8750
step=535000 rec=0.007810 dis=0.109692 adv=4.054382 lam=0.0001 accD=0.9688
step=535200 rec=0.005470 dis=0.114581 adv=3.372010 lam=0.0001 accD=1.0000
step=535400 rec=0.006507 dis=0.425729 adv=3.521640 lam=0.0001 accD=0.8438
step=535600 rec=0.005704 dis=0.160841 adv=3.410146 lam=0.0001 accD=0.9688
[VAL] epoch=342 val_rec=0.006294 time_min=1.1
step=535800 rec=0.006536 dis=0.434001 adv=2.864670 lam=0.0001 accD=0.8125
step=536000 rec=0.005331 dis=0.204196 adv=3.992027 lam=0.0001 accD=0.9062
step=536200 rec=0.005706 dis=0.097988 adv=3.794978 lam=0.0001 accD=0.9688
step=536400 rec=0.006152 dis=0.337801 adv=3.572837 lam=0.0001 accD=0.9062
step=536600 rec=0.007097 dis=0.312775 adv=3.702401 lam=0.0001 accD=0.8438
step=536800 rec=0.006053 dis=0.353247 adv=3.290083 lam=0.0001 accD=0.8750
step=537000 rec=0.007130 dis=0.253145 adv=3.798939 lam=0.0001 accD=0.9062
step=537200 rec=0.005806 dis=0.199102 adv=3.677833 lam=0.0001 accD=0.8750
[VAL] epoch=343 val_rec=0.006205 time_min=1.2
step=537400 rec=0.005841 dis=0.411484 adv=3.150926 lam=0.0001 accD=0.8125
step=537600 rec=0.005339 dis=0.444655 adv=3.413159 lam=0.0001 accD=0.8125
step=537800 rec=0.007644 dis=0.283600 adv=4.283998 lam=0.0001 accD=0.9375
step=538000 rec=0.006501 dis=0.238701 adv=4.217174 lam=0.0001 accD=0.8750
step=538200 rec=0.007476 dis=0.236960 adv=3.857851 lam=0.0001 accD=0.9375
step=538400 rec=0.006486 dis=0.259219 adv=3.550640 lam=0.0001 accD=0.9375
step=538600 rec=0.006092 dis=0.392632 adv=3.780785 lam=0.0001 accD=0.8438
step=538800 rec=0.005419 dis=0.363335 adv=4.220276 lam=0.0001 accD=0.9062
[VAL] epoch=344 val_rec=0.006204 time_min=1.2
step=539000 rec=0.005558 dis=0.130908 adv=4.340747 lam=0.0001 accD=0.9375
step=539200 rec=0.007096 dis=0.528804 adv=3.236964 lam=0.0001 accD=0.8125
step=539400 rec=0.005467 dis=0.298828 adv=3.473861 lam=0.0001 accD=0.8750
step=539600 rec=0.006095 dis=0.121766 adv=3.979918 lam=0.0001 accD=0.9688
step=539800 rec=0.006084 dis=0.110728 adv=4.028505 lam=0.0001 accD=0.9375
step=540000 rec=0.006028 dis=0.190989 adv=4.013731 lam=0.0001 accD=0.9375
step=540200 rec=0.007888 dis=0.113796 adv=3.551459 lam=0.0001 accD=0.9375
step=540400 rec=0.004700 dis=0.251008 adv=3.865553 lam=0.0001 accD=0.9062
[VAL] epoch=345 val_rec=0.006580 time_min=1.2
step=540600 rec=0.005664 dis=0.623327 adv=3.979659 lam=0.0001 accD=0.7500
step=540800 rec=0.005752 dis=0.261329 adv=3.818118 lam=0.0001 accD=0.8438
step=541000 rec=0.006201 dis=0.277008 adv=4.214604 lam=0.0001 accD=0.9062
step=541200 rec=0.005297 dis=0.134153 adv=4.357482 lam=0.0001 accD=0.9375
step=541400 rec=0.006662 dis=0.429638 adv=3.547631 lam=0.0001 accD=0.8750
step=541600 rec=0.006468 dis=0.231418 adv=3.686879 lam=0.0001 accD=0.8750
step=541800 rec=0.007711 dis=0.280615 adv=4.508818 lam=0.0001 accD=0.8750
step=542000 rec=0.006397 dis=0.479533 adv=2.932133 lam=0.0001 accD=0.8125
[VAL] epoch=346 val_rec=0.006295 time_min=1.2
step=542200 rec=0.005726 dis=0.373925 adv=4.110668 lam=0.0001 accD=0.8750
step=542400 rec=0.005917 dis=0.174571 adv=4.050915 lam=0.0001 accD=0.9062
step=542600 rec=0.005861 dis=0.181954 adv=3.898038 lam=0.0001 accD=0.9375
step=542800 rec=0.006146 dis=0.088553 adv=4.651916 lam=0.0001 accD=0.9688
step=543000 rec=0.006258 dis=0.344063 adv=3.936133 lam=0.0001 accD=0.8750
step=543200 rec=0.006100 dis=0.294132 adv=3.103628 lam=0.0001 accD=0.8750
step=543400 rec=0.007207 dis=0.219261 adv=4.116443 lam=0.0001 accD=0.9062
[VAL] epoch=347 val_rec=0.006381 time_min=1.2
step=543600 rec=0.006301 dis=0.191862 adv=4.058061 lam=0.0001 accD=0.9375
step=543800 rec=0.006130 dis=0.386495 adv=3.267675 lam=0.0001 accD=0.8438
step=544000 rec=0.005787 dis=0.210101 adv=3.724372 lam=0.0001 accD=0.9688
step=544200 rec=0.006706 dis=0.269656 adv=4.001121 lam=0.0001 accD=0.8438
step=544400 rec=0.006127 dis=0.308233 adv=4.183615 lam=0.0001 accD=0.9062
step=544600 rec=0.006227 dis=0.070700 adv=3.953787 lam=0.0001 accD=1.0000
step=544800 rec=0.005495 dis=0.198331 adv=3.906151 lam=0.0001 accD=0.9375
step=545000 rec=0.005564 dis=0.314168 adv=3.948870 lam=0.0001 accD=0.8750
[VAL] epoch=348 val_rec=0.006200 time_min=1.1
step=545200 rec=0.005760 dis=0.298053 adv=3.312018 lam=0.0001 accD=0.8750
step=545400 rec=0.005268 dis=0.194157 adv=3.569270 lam=0.0001 accD=0.9375
step=545600 rec=0.005591 dis=0.223605 adv=4.021673 lam=0.0001 accD=0.9062
step=545800 rec=0.005911 dis=0.430802 adv=4.121392 lam=0.0001 accD=0.8438
step=546000 rec=0.006753 dis=0.227414 adv=3.731750 lam=0.0001 accD=0.9062
step=546200 rec=0.006294 dis=0.183141 adv=3.796781 lam=0.0001 accD=0.8750
step=546400 rec=0.006634 dis=0.190453 adv=3.814393 lam=0.0001 accD=0.9688
step=546600 rec=0.005740 dis=0.087192 adv=3.567492 lam=0.0001 accD=0.9688
[VAL] epoch=349 val_rec=0.006292 time_min=1.2
step=546800 rec=0.005134 dis=0.391905 adv=3.179407 lam=0.0001 accD=0.8438
step=547000 rec=0.005909 dis=0.183473 adv=4.207607 lam=0.0001 accD=0.9062
step=547200 rec=0.006226 dis=0.127848 adv=4.139015 lam=0.0001 accD=0.9688
step=547400 rec=0.006357 dis=0.188324 adv=4.153313 lam=0.0001 accD=0.9062
step=547600 rec=0.006280 dis=0.083379 adv=4.009637 lam=0.0001 accD=0.9688
step=547800 rec=0.005632 dis=0.147902 adv=3.703351 lam=0.0001 accD=1.0000
step=548000 rec=0.006754 dis=0.183213 adv=3.609395 lam=0.0001 accD=0.9062
step=548200 rec=0.006217 dis=0.194241 adv=3.785367 lam=0.0001 accD=0.9062
[VAL] epoch=350 val_rec=0.006245 time_min=1.1
step=548400 rec=0.005678 dis=0.352458 adv=4.387352 lam=0.0001 accD=0.7812
step=548600 rec=0.006409 dis=0.154147 adv=4.544341 lam=0.0001 accD=0.9375
step=548800 rec=0.006288 dis=0.352396 adv=3.253661 lam=0.0001 accD=0.8125
step=549000 rec=0.008022 dis=0.405036 adv=3.581967 lam=0.0001 accD=0.8750
step=549200 rec=0.007211 dis=0.285556 adv=3.904135 lam=0.0001 accD=0.8750
step=549400 rec=0.006562 dis=0.320562 adv=3.569495 lam=0.0001 accD=0.9062
step=549600 rec=0.006165 dis=0.230164 adv=3.541361 lam=0.0001 accD=0.8750
step=549800 rec=0.005349 dis=0.407621 adv=3.214789 lam=0.0001 accD=0.8438
[VAL] epoch=351 val_rec=0.006407 time_min=1.2
step=550000 rec=0.006104 dis=0.175577 adv=3.994080 lam=0.0001 accD=0.9062
step=550200 rec=0.005402 dis=0.254999 adv=3.940017 lam=0.0001 accD=0.9062
step=550400 rec=0.006935 dis=0.348577 adv=3.988581 lam=0.0001 accD=0.8750
step=550600 rec=0.005731 dis=0.219922 adv=3.570940 lam=0.0001 accD=0.9062
step=550800 rec=0.006599 dis=0.277356 adv=3.765341 lam=0.0001 accD=0.9062
step=551000 rec=0.006920 dis=0.253099 adv=3.951751 lam=0.0001 accD=0.8750
step=551200 rec=0.006194 dis=0.188697 adv=3.304102 lam=0.0001 accD=0.9375
[VAL] epoch=352 val_rec=0.006172 time_min=1.2
step=551400 rec=0.006957 dis=0.290971 adv=4.291329 lam=0.0001 accD=0.8750
step=551600 rec=0.006143 dis=0.239563 adv=3.961885 lam=0.0001 accD=0.8438
step=551800 rec=0.007021 dis=0.139430 adv=3.911317 lam=0.0001 accD=0.9688
step=552000 rec=0.006579 dis=0.577179 adv=3.925126 lam=0.0001 accD=0.8125
step=552200 rec=0.006618 dis=0.228813 adv=3.361906 lam=0.0001 accD=0.8750
step=552400 rec=0.006939 dis=0.271904 adv=3.944895 lam=0.0001 accD=0.8438
step=552600 rec=0.006704 dis=0.309254 adv=3.242517 lam=0.0001 accD=0.9062
step=552800 rec=0.006385 dis=0.268539 adv=3.369086 lam=0.0001 accD=0.8750
[VAL] epoch=353 val_rec=0.006334 time_min=1.2
step=553000 rec=0.006569 dis=0.071042 adv=4.726520 lam=0.0001 accD=1.0000
step=553200 rec=0.005742 dis=0.284192 adv=3.284597 lam=0.0001 accD=0.9688
step=553400 rec=0.006367 dis=0.186100 adv=3.459416 lam=0.0001 accD=0.9375
step=553600 rec=0.005586 dis=0.310565 adv=4.083662 lam=0.0001 accD=0.8750
step=553800 rec=0.006655 dis=0.190155 adv=3.874861 lam=0.0001 accD=0.9375
step=554000 rec=0.006234 dis=0.306329 adv=3.412271 lam=0.0001 accD=0.8750
step=554200 rec=0.006699 dis=0.156646 adv=3.961655 lam=0.0001 accD=0.9688
step=554400 rec=0.006148 dis=0.179996 adv=4.091486 lam=0.0001 accD=0.9688
[VAL] epoch=354 val_rec=0.006187 time_min=1.2
step=554600 rec=0.005317 dis=0.194711 adv=4.605966 lam=0.0001 accD=0.9062
step=554800 rec=0.008268 dis=0.237360 adv=3.709930 lam=0.0001 accD=0.8750
step=555000 rec=0.005493 dis=0.236577 adv=3.812416 lam=0.0001 accD=0.8750
step=555200 rec=0.006179 dis=0.274905 adv=3.599129 lam=0.0001 accD=0.9062
step=555400 rec=0.006142 dis=0.222903 adv=4.181206 lam=0.0001 accD=0.8438
step=555600 rec=0.006557 dis=0.146143 adv=4.051549 lam=0.0001 accD=0.9375
step=555800 rec=0.006392 dis=0.237064 adv=3.542387 lam=0.0001 accD=0.9062
step=556000 rec=0.006786 dis=0.286279 adv=4.081473 lam=0.0001 accD=0.8750
[VAL] epoch=355 val_rec=0.006305 time_min=1.2
step=556200 rec=0.005295 dis=0.127498 adv=3.947833 lam=0.0001 accD=1.0000
step=556400 rec=0.005198 dis=0.272728 adv=4.065451 lam=0.0001 accD=0.9062
step=556600 rec=0.006566 dis=0.296622 adv=3.702691 lam=0.0001 accD=0.8125
step=556800 rec=0.006611 dis=0.407389 adv=3.814960 lam=0.0001 accD=0.8438
step=557000 rec=0.007054 dis=0.256817 adv=3.368550 lam=0.0001 accD=0.9062
step=557200 rec=0.005774 dis=0.303492 adv=3.860116 lam=0.0001 accD=0.8438
step=557400 rec=0.005988 dis=0.394349 adv=3.364850 lam=0.0001 accD=0.8438
step=557600 rec=0.006118 dis=0.212502 adv=3.730308 lam=0.0001 accD=0.8750
[VAL] epoch=356 val_rec=0.006229 time_min=1.1
step=557800 rec=0.006217 dis=0.198191 adv=3.235522 lam=0.0001 accD=0.9062
step=558000 rec=0.005277 dis=0.258164 adv=4.311269 lam=0.0001 accD=0.8750
step=558200 rec=0.005892 dis=0.243004 adv=4.404818 lam=0.0001 accD=0.9062
step=558400 rec=0.007237 dis=0.204194 adv=3.783257 lam=0.0001 accD=0.9375
step=558600 rec=0.005920 dis=0.264599 adv=3.536539 lam=0.0001 accD=0.9062
step=558800 rec=0.006159 dis=0.324486 adv=4.126109 lam=0.0001 accD=0.8125
step=559000 rec=0.006723 dis=0.274977 adv=3.690512 lam=0.0001 accD=0.9062
[VAL] epoch=357 val_rec=0.006239 time_min=1.2
step=559200 rec=0.005784 dis=0.435358 adv=2.991244 lam=0.0001 accD=0.8750
step=559400 rec=0.006599 dis=0.258678 adv=3.958083 lam=0.0001 accD=0.8750
step=559600 rec=0.005314 dis=0.123303 adv=3.213599 lam=0.0001 accD=1.0000
step=559800 rec=0.005732 dis=0.272879 adv=4.534088 lam=0.0001 accD=0.9062
step=560000 rec=0.006254 dis=0.319817 adv=3.854231 lam=0.0001 accD=0.8750
step=560200 rec=0.005938 dis=0.193949 adv=4.456966 lam=0.0001 accD=0.9062
step=560400 rec=0.005476 dis=0.127845 adv=3.432313 lam=0.0001 accD=0.9375
step=560600 rec=0.005964 dis=0.132085 adv=3.803186 lam=0.0001 accD=1.0000
[VAL] epoch=358 val_rec=0.006503 time_min=1.1
step=560800 rec=0.005909 dis=0.315588 adv=3.730962 lam=0.0001 accD=0.8438
step=561000 rec=0.006822 dis=0.234758 adv=3.837121 lam=0.0001 accD=0.8750
step=561200 rec=0.005420 dis=0.419628 adv=3.950716 lam=0.0001 accD=0.7812
step=561400 rec=0.006291 dis=0.346687 adv=3.373904 lam=0.0001 accD=0.8438
step=561600 rec=0.006087 dis=0.353105 adv=3.708277 lam=0.0001 accD=0.8125
step=561800 rec=0.006074 dis=0.074658 adv=4.585864 lam=0.0001 accD=0.9688
step=562000 rec=0.005874 dis=0.285381 adv=3.256981 lam=0.0001 accD=0.8750
step=562200 rec=0.005429 dis=0.190802 adv=3.775963 lam=0.0001 accD=0.9375
[VAL] epoch=359 val_rec=0.006195 time_min=1.2
step=562400 rec=0.006282 dis=0.238157 adv=3.873116 lam=0.0001 accD=0.8125
step=562600 rec=0.005261 dis=0.131498 adv=4.264748 lam=0.0001 accD=0.9688
step=562800 rec=0.005851 dis=0.186179 adv=4.165189 lam=0.0001 accD=0.9062
step=563000 rec=0.006669 dis=0.266112 adv=3.503984 lam=0.0001 accD=0.8750
step=563200 rec=0.006181 dis=0.260317 adv=3.672611 lam=0.0001 accD=0.9375
step=563400 rec=0.006336 dis=0.353088 adv=3.513075 lam=0.0001 accD=0.8438
step=563600 rec=0.005901 dis=0.142634 adv=4.462385 lam=0.0001 accD=0.9375
step=563800 rec=0.006516 dis=0.260313 adv=4.037019 lam=0.0001 accD=0.8750
[VAL] epoch=360 val_rec=0.006401 time_min=1.1
step=564000 rec=0.006388 dis=0.138784 adv=3.412466 lam=0.0001 accD=0.9375
step=564200 rec=0.005788 dis=0.214443 adv=3.974048 lam=0.0001 accD=0.9062
step=564400 rec=0.006639 dis=0.371608 adv=3.307353 lam=0.0001 accD=0.8750
step=564600 rec=0.005247 dis=0.362604 adv=4.161803 lam=0.0001 accD=0.8438
step=564800 rec=0.005904 dis=0.123055 adv=4.975442 lam=0.0001 accD=0.9375
step=565000 rec=0.005293 dis=0.198406 adv=4.241915 lam=0.0001 accD=0.9062
step=565200 rec=0.005791 dis=0.203123 adv=4.040023 lam=0.0001 accD=0.9688
step=565400 rec=0.006566 dis=0.206243 adv=4.141640 lam=0.0001 accD=0.8438
[VAL] epoch=361 val_rec=0.006420 time_min=1.2
step=565600 rec=0.005407 dis=0.290601 adv=3.550248 lam=0.0001 accD=0.8750
step=565800 rec=0.007494 dis=0.272496 adv=3.538270 lam=0.0001 accD=0.8750
step=566000 rec=0.007059 dis=0.218950 adv=3.876390 lam=0.0001 accD=0.8750
step=566200 rec=0.006156 dis=0.091139 adv=4.230011 lam=0.0001 accD=1.0000
step=566400 rec=0.005993 dis=0.421093 adv=3.776576 lam=0.0001 accD=0.8438
step=566600 rec=0.006106 dis=0.435966 adv=3.075567 lam=0.0001 accD=0.7812
step=566800 rec=0.006313 dis=0.171862 adv=4.296883 lam=0.0001 accD=0.9375
step=567000 rec=0.006242 dis=0.173549 adv=4.452655 lam=0.0001 accD=0.9375
[VAL] epoch=362 val_rec=0.006312 time_min=1.2
step=567200 rec=0.005787 dis=0.451980 adv=3.338774 lam=0.0001 accD=0.8125
step=567400 rec=0.006205 dis=0.254840 adv=3.134693 lam=0.0001 accD=0.9062
step=567600 rec=0.005801 dis=0.253863 adv=4.064316 lam=0.0001 accD=0.8750
step=567800 rec=0.006236 dis=0.412817 adv=4.309875 lam=0.0001 accD=0.8438
step=568000 rec=0.006579 dis=0.345093 adv=3.588485 lam=0.0001 accD=0.8750
step=568200 rec=0.006226 dis=0.198443 adv=3.657092 lam=0.0001 accD=0.8750
step=568400 rec=0.006989 dis=0.240902 adv=4.364773 lam=0.0001 accD=0.8438
[VAL] epoch=363 val_rec=0.006423 time_min=1.1
step=568600 rec=0.005954 dis=0.169908 adv=4.058417 lam=0.0001 accD=0.9688
step=568800 rec=0.006225 dis=0.244568 adv=3.604129 lam=0.0001 accD=0.9062
step=569000 rec=0.005990 dis=0.283555 adv=4.429877 lam=0.0001 accD=0.8750
step=569200 rec=0.006194 dis=0.234094 adv=3.607335 lam=0.0001 accD=0.8438
step=569400 rec=0.006934 dis=0.272439 adv=3.783776 lam=0.0001 accD=0.9062
step=569600 rec=0.005805 dis=0.267526 adv=3.608586 lam=0.0001 accD=0.9062
step=569800 rec=0.005939 dis=0.285211 adv=3.333146 lam=0.0001 accD=0.8750
step=570000 rec=0.006062 dis=0.202665 adv=4.394671 lam=0.0001 accD=0.8750
[VAL] epoch=364 val_rec=0.006277 time_min=1.2
step=570200 rec=0.006462 dis=0.379317 adv=3.371606 lam=0.0001 accD=0.7812
step=570400 rec=0.005908 dis=0.255500 adv=3.298994 lam=0.0001 accD=0.9062
step=570600 rec=0.006443 dis=0.210023 adv=3.761439 lam=0.0001 accD=0.9062
step=570800 rec=0.005315 dis=0.286210 adv=4.495534 lam=0.0001 accD=0.8750
step=571000 rec=0.006935 dis=0.175467 adv=4.136413 lam=0.0001 accD=0.9375
step=571200 rec=0.006519 dis=0.205980 adv=3.980494 lam=0.0001 accD=0.8750
step=571400 rec=0.006091 dis=0.250094 adv=3.423584 lam=0.0001 accD=0.9062
step=571600 rec=0.005739 dis=0.164192 adv=3.918247 lam=0.0001 accD=0.9688
[VAL] epoch=365 val_rec=0.006171 time_min=1.1
step=571800 rec=0.006852 dis=0.197996 adv=3.901433 lam=0.0001 accD=0.9062
step=572000 rec=0.007908 dis=0.284386 adv=3.066018 lam=0.0001 accD=0.8750
step=572200 rec=0.005660 dis=0.299680 adv=3.759624 lam=0.0001 accD=0.8438
step=572400 rec=0.006044 dis=0.255096 adv=3.430470 lam=0.0001 accD=0.8750
step=572600 rec=0.006778 dis=0.369696 adv=3.329349 lam=0.0001 accD=0.8438
step=572800 rec=0.007146 dis=0.223530 adv=3.749326 lam=0.0001 accD=0.9375
step=573000 rec=0.006025 dis=0.242447 adv=3.939340 lam=0.0001 accD=0.9062
step=573200 rec=0.005438 dis=0.128877 adv=3.815660 lam=0.0001 accD=0.9688
[VAL] epoch=366 val_rec=0.006181 time_min=1.2
step=573400 rec=0.006276 dis=0.506230 adv=3.871414 lam=0.0001 accD=0.7812
step=573600 rec=0.006551 dis=0.156260 adv=3.619821 lam=0.0001 accD=0.9375
step=573800 rec=0.008327 dis=0.190194 adv=4.082024 lam=0.0001 accD=0.9062
step=574000 rec=0.005912 dis=0.272396 adv=3.872439 lam=0.0001 accD=0.9062
step=574200 rec=0.006143 dis=0.255185 adv=3.942062 lam=0.0001 accD=0.8750
step=574400 rec=0.005770 dis=0.178000 adv=3.308584 lam=0.0001 accD=0.9062
step=574600 rec=0.006664 dis=0.293559 adv=3.398060 lam=0.0001 accD=0.8750
step=574800 rec=0.006268 dis=0.252852 adv=3.502083 lam=0.0001 accD=0.9375
[VAL] epoch=367 val_rec=0.006236 time_min=1.1
step=575000 rec=0.006427 dis=0.293411 adv=4.074889 lam=0.0001 accD=0.8438
step=575200 rec=0.006338 dis=0.175812 adv=4.222373 lam=0.0001 accD=0.9375
step=575400 rec=0.006327 dis=0.097255 adv=4.002518 lam=0.0001 accD=1.0000
step=575600 rec=0.005713 dis=0.314686 adv=4.285808 lam=0.0001 accD=0.8750
step=575800 rec=0.005977 dis=0.478242 adv=3.348383 lam=0.0001 accD=0.7812
step=576000 rec=0.006075 dis=0.195564 adv=3.697768 lam=0.0001 accD=0.9062
step=576200 rec=0.005963 dis=0.184712 adv=4.144416 lam=0.0001 accD=0.9062
[VAL] epoch=368 val_rec=0.006300 time_min=1.2
step=576400 rec=0.006154 dis=0.361664 adv=3.088420 lam=0.0001 accD=0.8125
step=576600 rec=0.006055 dis=0.284614 adv=4.147306 lam=0.0001 accD=0.8750
step=576800 rec=0.006882 dis=0.279259 adv=4.138803 lam=0.0001 accD=0.8750
step=577000 rec=0.005646 dis=0.239457 adv=4.297892 lam=0.0001 accD=0.8438
step=577200 rec=0.006318 dis=0.290923 adv=3.545135 lam=0.0001 accD=0.9062
step=577400 rec=0.007165 dis=0.175865 adv=3.858202 lam=0.0001 accD=0.9375
step=577600 rec=0.005917 dis=0.080475 adv=3.692250 lam=0.0001 accD=1.0000
step=577800 rec=0.006567 dis=0.222107 adv=3.391523 lam=0.0001 accD=0.9375
[VAL] epoch=369 val_rec=0.006321 time_min=1.2
step=578000 rec=0.006663 dis=0.161394 adv=4.228046 lam=0.0001 accD=0.9375
step=578200 rec=0.005864 dis=0.312512 adv=3.647966 lam=0.0001 accD=0.9062
step=578400 rec=0.006178 dis=0.382441 adv=3.842891 lam=0.0001 accD=0.8438
step=578600 rec=0.006413 dis=0.257105 adv=3.544610 lam=0.0001 accD=0.8750
step=578800 rec=0.007090 dis=0.329312 adv=3.726217 lam=0.0001 accD=0.8125
step=579000 rec=0.006540 dis=0.379863 adv=3.816204 lam=0.0001 accD=0.8125
step=579200 rec=0.005729 dis=0.381830 adv=3.888544 lam=0.0001 accD=0.8750
step=579400 rec=0.006462 dis=0.392240 adv=3.681304 lam=0.0001 accD=0.8438
[VAL] epoch=370 val_rec=0.006215 time_min=1.2
step=579600 rec=0.005672 dis=0.204057 adv=3.799742 lam=0.0001 accD=0.9375
step=579800 rec=0.007056 dis=0.222446 adv=3.502134 lam=0.0001 accD=0.8438
step=580000 rec=0.005483 dis=0.045193 adv=4.949687 lam=0.0001 accD=1.0000
step=580200 rec=0.006621 dis=0.250878 adv=3.384345 lam=0.0001 accD=0.8750
step=580400 rec=0.005860 dis=0.252617 adv=2.926644 lam=0.0001 accD=0.9062
step=580600 rec=0.005662 dis=0.413541 adv=3.762895 lam=0.0001 accD=0.8438
step=580800 rec=0.006364 dis=0.224230 adv=3.174623 lam=0.0001 accD=0.9375
step=581000 rec=0.005968 dis=0.194551 adv=3.875605 lam=0.0001 accD=0.9375
[VAL] epoch=371 val_rec=0.006291 time_min=1.1
step=581200 rec=0.006438 dis=0.242943 adv=3.872448 lam=0.0001 accD=0.9062
step=581400 rec=0.006292 dis=0.128456 adv=3.645944 lam=0.0001 accD=0.9688
step=581600 rec=0.006160 dis=0.215595 adv=3.926190 lam=0.0001 accD=0.8750
step=581800 rec=0.006103 dis=0.317395 adv=3.804818 lam=0.0001 accD=0.7812
step=582000 rec=0.006444 dis=0.254361 adv=4.267440 lam=0.0001 accD=0.9062
step=582200 rec=0.005610 dis=0.242140 adv=4.138295 lam=0.0001 accD=0.9062
step=582400 rec=0.006103 dis=0.296330 adv=3.896756 lam=0.0001 accD=0.8438
step=582600 rec=0.006310 dis=0.186583 adv=3.515927 lam=0.0001 accD=0.9062
[VAL] epoch=372 val_rec=0.006242 time_min=1.2
step=582800 rec=0.005767 dis=0.489371 adv=3.792931 lam=0.0001 accD=0.8125
step=583000 rec=0.005673 dis=0.083220 adv=4.775400 lam=0.0001 accD=0.9688
step=583200 rec=0.005927 dis=0.277090 adv=3.509942 lam=0.0001 accD=0.9375
step=583400 rec=0.006318 dis=0.226662 adv=4.672763 lam=0.0001 accD=0.9062
step=583600 rec=0.006022 dis=0.317573 adv=3.881633 lam=0.0001 accD=0.9062
step=583800 rec=0.007538 dis=0.155852 adv=3.944542 lam=0.0001 accD=0.8750
step=584000 rec=0.006048 dis=0.198658 adv=4.272899 lam=0.0001 accD=0.9375
[VAL] epoch=373 val_rec=0.006163 time_min=1.2
step=584200 rec=0.006051 dis=0.318496 adv=3.364021 lam=0.0001 accD=0.9062
step=584400 rec=0.005442 dis=0.224943 adv=3.885328 lam=0.0001 accD=0.9375
step=584600 rec=0.006227 dis=0.240804 adv=4.185084 lam=0.0001 accD=0.8750
step=584800 rec=0.005370 dis=0.112091 adv=4.101206 lam=0.0001 accD=0.9688
step=585000 rec=0.006321 dis=0.538455 adv=3.684491 lam=0.0001 accD=0.7500
step=585200 rec=0.004973 dis=0.280340 adv=3.376304 lam=0.0001 accD=0.9062
step=585400 rec=0.006447 dis=0.295436 adv=4.625233 lam=0.0001 accD=0.8438
step=585600 rec=0.007345 dis=0.478038 adv=3.333888 lam=0.0001 accD=0.7500
[VAL] epoch=374 val_rec=0.006214 time_min=1.2
step=585800 rec=0.006110 dis=0.247647 adv=4.158597 lam=0.0001 accD=0.8750
step=586000 rec=0.006387 dis=0.272734 adv=3.716041 lam=0.0001 accD=0.8750
step=586200 rec=0.006705 dis=0.161366 adv=4.371244 lam=0.0001 accD=0.9062
step=586400 rec=0.005414 dis=0.237024 adv=2.939585 lam=0.0001 accD=0.9062
step=586600 rec=0.006306 dis=0.358320 adv=3.319802 lam=0.0001 accD=0.7500
step=586800 rec=0.006142 dis=0.214649 adv=4.915286 lam=0.0001 accD=0.9375
step=587000 rec=0.006413 dis=0.347544 adv=3.806832 lam=0.0001 accD=0.8438
step=587200 rec=0.005395 dis=0.447319 adv=2.919112 lam=0.0001 accD=0.8438
[VAL] epoch=375 val_rec=0.006316 time_min=1.2
step=587400 rec=0.004538 dis=0.299555 adv=3.734076 lam=0.0001 accD=0.8750
step=587600 rec=0.006337 dis=0.251312 adv=4.119212 lam=0.0001 accD=0.8438
step=587800 rec=0.005713 dis=0.175314 adv=3.994623 lam=0.0001 accD=0.9062
step=588000 rec=0.005985 dis=0.170358 adv=3.590190 lam=0.0001 accD=0.9375
step=588200 rec=0.005922 dis=0.429577 adv=4.011353 lam=0.0001 accD=0.8438
step=588400 rec=0.006245 dis=0.330746 adv=3.832990 lam=0.0001 accD=0.8750
step=588600 rec=0.007790 dis=0.358346 adv=3.499996 lam=0.0001 accD=0.8125
step=588800 rec=0.006003 dis=0.187577 adv=3.599537 lam=0.0001 accD=0.9375
[VAL] epoch=376 val_rec=0.006297 time_min=1.2
step=589000 rec=0.007270 dis=0.186993 adv=3.928081 lam=0.0001 accD=0.9062
step=589200 rec=0.005734 dis=0.272211 adv=4.428715 lam=0.0001 accD=0.8750
step=589400 rec=0.005883 dis=0.186973 adv=3.546182 lam=0.0001 accD=0.9375
step=589600 rec=0.006208 dis=0.168186 adv=4.018800 lam=0.0001 accD=0.9375
step=589800 rec=0.005619 dis=0.196942 adv=4.404367 lam=0.0001 accD=0.9375
step=590000 rec=0.006982 dis=0.323389 adv=3.407103 lam=0.0001 accD=0.8125
step=590200 rec=0.007438 dis=0.228258 adv=4.048182 lam=0.0001 accD=0.9375
step=590400 rec=0.006510 dis=0.215643 adv=3.628011 lam=0.0001 accD=0.8750
[VAL] epoch=377 val_rec=0.006351 time_min=1.1
step=590600 rec=0.006609 dis=0.146808 adv=3.897813 lam=0.0001 accD=0.9375
step=590800 rec=0.006010 dis=0.295956 adv=3.917312 lam=0.0001 accD=0.9062
step=591000 rec=0.005261 dis=0.204196 adv=3.602706 lam=0.0001 accD=0.9062
step=591200 rec=0.006083 dis=0.192198 adv=3.559953 lam=0.0001 accD=0.9375
step=591400 rec=0.006182 dis=0.069937 adv=3.856236 lam=0.0001 accD=1.0000
step=591600 rec=0.006072 dis=0.255634 adv=3.601206 lam=0.0001 accD=0.9062
step=591800 rec=0.005790 dis=0.137386 adv=3.691408 lam=0.0001 accD=0.9062
[VAL] epoch=378 val_rec=0.006226 time_min=1.2
step=592000 rec=0.005708 dis=0.101577 adv=3.566723 lam=0.0001 accD=0.9688
step=592200 rec=0.005785 dis=0.274396 adv=4.123940 lam=0.0001 accD=0.8438
step=592400 rec=0.005454 dis=0.367391 adv=3.796888 lam=0.0001 accD=0.8125
step=592600 rec=0.006783 dis=0.163188 adv=4.235552 lam=0.0001 accD=0.9375
step=592800 rec=0.006375 dis=0.330819 adv=3.850284 lam=0.0001 accD=0.7812
step=593000 rec=0.006034 dis=0.115243 adv=3.627171 lam=0.0001 accD=0.9688
step=593200 rec=0.005597 dis=0.273613 adv=3.844676 lam=0.0001 accD=0.8750
step=593400 rec=0.005624 dis=0.232973 adv=4.402438 lam=0.0001 accD=0.8750
[VAL] epoch=379 val_rec=0.006211 time_min=1.1
step=593600 rec=0.006223 dis=0.404294 adv=3.618928 lam=0.0001 accD=0.8438
step=593800 rec=0.005949 dis=0.216975 adv=3.867354 lam=0.0001 accD=0.8438
step=594000 rec=0.006604 dis=0.202621 adv=4.062602 lam=0.0001 accD=0.9375
step=594200 rec=0.006746 dis=0.348037 adv=3.906449 lam=0.0001 accD=0.9062
step=594400 rec=0.006129 dis=0.280829 adv=3.135018 lam=0.0001 accD=0.9375
step=594600 rec=0.006021 dis=0.162778 adv=3.276147 lam=0.0001 accD=0.9375
step=594800 rec=0.005644 dis=0.172526 adv=4.206266 lam=0.0001 accD=0.9062
step=595000 rec=0.006059 dis=0.215276 adv=3.962407 lam=0.0001 accD=0.8750
[VAL] epoch=380 val_rec=0.006117 time_min=1.2
step=595200 rec=0.006163 dis=0.285348 adv=3.914565 lam=0.0001 accD=0.8750
step=595400 rec=0.005503 dis=0.214107 adv=3.478853 lam=0.0001 accD=0.9688
step=595600 rec=0.004882 dis=0.170953 adv=4.136073 lam=0.0001 accD=0.9688
step=595800 rec=0.007789 dis=0.193436 adv=4.473541 lam=0.0001 accD=0.9375
step=596000 rec=0.006131 dis=0.340826 adv=3.543480 lam=0.0001 accD=0.9062
step=596200 rec=0.006495 dis=0.122862 adv=4.066762 lam=0.0001 accD=0.9375
step=596400 rec=0.006264 dis=0.188686 adv=3.185920 lam=0.0001 accD=0.9062
step=596600 rec=0.006349 dis=0.258961 adv=3.663977 lam=0.0001 accD=0.8438
[VAL] epoch=381 val_rec=0.006122 time_min=1.1
step=596800 rec=0.006235 dis=0.344138 adv=3.424549 lam=0.0001 accD=0.8750
step=597000 rec=0.007137 dis=0.070794 adv=4.471876 lam=0.0001 accD=0.9688
step=597200 rec=0.006273 dis=0.161175 adv=3.969518 lam=0.0001 accD=0.9688
step=597400 rec=0.007670 dis=0.288674 adv=3.301593 lam=0.0001 accD=0.8125
step=597600 rec=0.006039 dis=0.226032 adv=3.932135 lam=0.0001 accD=0.9375
step=597800 rec=0.006926 dis=0.204877 adv=3.695450 lam=0.0001 accD=0.9062
step=598000 rec=0.006803 dis=0.212044 adv=4.299429 lam=0.0001 accD=0.9062
step=598200 rec=0.005500 dis=0.318131 adv=3.682160 lam=0.0001 accD=0.9375
[VAL] epoch=382 val_rec=0.006160 time_min=1.2
step=598400 rec=0.005979 dis=0.223935 adv=3.570763 lam=0.0001 accD=0.9375
step=598600 rec=0.005644 dis=0.148942 adv=3.694462 lam=0.0001 accD=0.9688
step=598800 rec=0.005646 dis=0.326344 adv=3.699837 lam=0.0001 accD=0.7188
step=599000 rec=0.006577 dis=0.522075 adv=4.145349 lam=0.0001 accD=0.8125
step=599200 rec=0.005472 dis=0.602645 adv=3.425786 lam=0.0001 accD=0.7812
step=599400 rec=0.005317 dis=0.334837 adv=3.740724 lam=0.0001 accD=0.9062
step=599600 rec=0.005432 dis=0.286095 adv=3.579155 lam=0.0001 accD=0.8750
step=599800 rec=0.006805 dis=0.350439 adv=3.201498 lam=0.0001 accD=0.8750
[VAL] epoch=383 val_rec=0.006258 time_min=1.1
step=600000 rec=0.005508 dis=0.405716 adv=3.307527 lam=0.0001 accD=0.7812
step=600200 rec=0.005603 dis=0.277899 adv=4.039124 lam=0.0001 accD=0.9062
step=600400 rec=0.008570 dis=0.132119 adv=4.199207 lam=0.0001 accD=0.9688
step=600600 rec=0.006360 dis=0.215340 adv=3.770934 lam=0.0001 accD=0.9062
step=600800 rec=0.006303 dis=0.259323 adv=3.760274 lam=0.0001 accD=0.9062
step=601000 rec=0.005400 dis=0.196033 adv=4.360515 lam=0.0001 accD=0.9375
step=601200 rec=0.006489 dis=0.124455 adv=4.684365 lam=0.0001 accD=0.9375
[VAL] epoch=384 val_rec=0.006163 time_min=1.2
step=601400 rec=0.006952 dis=0.385375 adv=3.646507 lam=0.0001 accD=0.7812
step=601600 rec=0.005765 dis=0.228182 adv=3.596277 lam=0.0001 accD=0.9375
step=601800 rec=0.005632 dis=0.321829 adv=3.661576 lam=0.0001 accD=0.8438
step=602000 rec=0.005811 dis=0.223152 adv=3.497031 lam=0.0001 accD=0.9062
step=602200 rec=0.005836 dis=0.061708 adv=3.960138 lam=0.0001 accD=0.9688
step=602400 rec=0.006322 dis=0.303119 adv=3.564847 lam=0.0001 accD=0.8125
step=602600 rec=0.006780 dis=0.156389 adv=4.089771 lam=0.0001 accD=0.9375
step=602800 rec=0.005957 dis=0.181901 adv=4.055988 lam=0.0001 accD=0.9375
[VAL] epoch=385 val_rec=0.006241 time_min=1.2
step=603000 rec=0.006421 dis=0.252596 adv=3.765290 lam=0.0001 accD=0.8438
step=603200 rec=0.005008 dis=0.172531 adv=3.543264 lam=0.0001 accD=0.9375
step=603400 rec=0.004939 dis=0.481166 adv=4.304491 lam=0.0001 accD=0.8438
step=603600 rec=0.006578 dis=0.258198 adv=3.721396 lam=0.0001 accD=0.8438
step=603800 rec=0.006125 dis=0.323488 adv=3.990875 lam=0.0001 accD=0.8438
step=604000 rec=0.007059 dis=0.227110 adv=3.532640 lam=0.0001 accD=0.8438
step=604200 rec=0.007114 dis=0.271799 adv=3.796696 lam=0.0001 accD=0.8438
step=604400 rec=0.005367 dis=0.162621 adv=4.320703 lam=0.0001 accD=0.9375
[VAL] epoch=386 val_rec=0.006164 time_min=1.2
step=604600 rec=0.006519 dis=0.211935 adv=4.011123 lam=0.0001 accD=0.9062
step=604800 rec=0.005654 dis=0.159152 adv=4.029394 lam=0.0001 accD=0.9688
step=605000 rec=0.007137 dis=0.316990 adv=3.568640 lam=0.0001 accD=0.8438
step=605200 rec=0.006168 dis=0.307962 adv=3.942011 lam=0.0001 accD=0.8125
step=605400 rec=0.006576 dis=0.334033 adv=3.365542 lam=0.0001 accD=0.8125
step=605600 rec=0.006657 dis=0.315565 adv=3.625971 lam=0.0001 accD=0.8750
step=605800 rec=0.006342 dis=0.312265 adv=3.862326 lam=0.0001 accD=0.9062
step=606000 rec=0.005381 dis=0.219447 adv=3.580003 lam=0.0001 accD=0.8750
[VAL] epoch=387 val_rec=0.006186 time_min=1.2
step=606200 rec=0.006812 dis=0.150687 adv=4.174419 lam=0.0001 accD=0.9375
step=606400 rec=0.006462 dis=0.233914 adv=3.836821 lam=0.0001 accD=0.8438
step=606600 rec=0.005645 dis=0.217531 adv=4.263026 lam=0.0001 accD=0.9375
step=606800 rec=0.007118 dis=0.245445 adv=3.546659 lam=0.0001 accD=0.8750
step=607000 rec=0.007573 dis=0.261911 adv=2.795677 lam=0.0001 accD=0.8750
step=607200 rec=0.007151 dis=0.458617 adv=4.152497 lam=0.0001 accD=0.8125
step=607400 rec=0.005305 dis=0.212118 adv=3.717145 lam=0.0001 accD=0.8750
step=607600 rec=0.005984 dis=0.192548 adv=3.974491 lam=0.0001 accD=0.9062
[VAL] epoch=388 val_rec=0.006300 time_min=1.1
step=607800 rec=0.006238 dis=0.291427 adv=3.325383 lam=0.0001 accD=0.8438
step=608000 rec=0.005948 dis=0.178795 adv=4.227608 lam=0.0001 accD=0.9688
step=608200 rec=0.006939 dis=0.099709 adv=3.939324 lam=0.0001 accD=0.9688
step=608400 rec=0.005691 dis=0.137958 adv=3.966269 lam=0.0001 accD=0.9688
step=608600 rec=0.005463 dis=0.331895 adv=3.836533 lam=0.0001 accD=0.9062
step=608800 rec=0.005456 dis=0.277419 adv=3.152978 lam=0.0001 accD=0.9062
step=609000 rec=0.006631 dis=0.322281 adv=3.808454 lam=0.0001 accD=0.8438
[VAL] epoch=389 val_rec=0.006146 time_min=1.2
step=609200 rec=0.005564 dis=0.273747 adv=3.843539 lam=0.0001 accD=0.8750
step=609400 rec=0.005765 dis=0.247550 adv=4.658224 lam=0.0001 accD=0.9062
step=609600 rec=0.006784 dis=0.261376 adv=4.074922 lam=0.0001 accD=0.9062
step=609800 rec=0.005748 dis=0.216312 adv=3.248309 lam=0.0001 accD=0.9688
step=610000 rec=0.006272 dis=0.285653 adv=3.554028 lam=0.0001 accD=0.9062
step=610200 rec=0.006491 dis=0.307222 adv=3.291736 lam=0.0001 accD=0.8750
step=610400 rec=0.005830 dis=0.392456 adv=3.645772 lam=0.0001 accD=0.9062
step=610600 rec=0.006645 dis=0.080471 adv=4.078438 lam=0.0001 accD=1.0000
[VAL] epoch=390 val_rec=0.006130 time_min=1.1
step=610800 rec=0.006052 dis=0.272214 adv=3.622792 lam=0.0001 accD=0.9062
step=611000 rec=0.005803 dis=0.059766 adv=4.132766 lam=0.0001 accD=1.0000
step=611200 rec=0.006293 dis=0.127166 adv=3.865619 lam=0.0001 accD=0.9062
step=611400 rec=0.006577 dis=0.147301 adv=3.670268 lam=0.0001 accD=0.9688
step=611600 rec=0.006737 dis=0.279181 adv=3.218915 lam=0.0001 accD=0.8438
step=611800 rec=0.005841 dis=0.279627 adv=3.911244 lam=0.0001 accD=0.8438
step=612000 rec=0.006031 dis=0.143646 adv=4.138097 lam=0.0001 accD=0.9688
step=612200 rec=0.005863 dis=0.239497 adv=4.047688 lam=0.0001 accD=0.9375
[VAL] epoch=391 val_rec=0.006235 time_min=1.2
step=612400 rec=0.006959 dis=0.444841 adv=4.153201 lam=0.0001 accD=0.7812
step=612600 rec=0.005894 dis=0.341624 adv=3.543282 lam=0.0001 accD=0.8125
step=612800 rec=0.006983 dis=0.174125 adv=3.550586 lam=0.0001 accD=0.9375
step=613000 rec=0.005943 dis=0.245985 adv=3.886894 lam=0.0001 accD=0.8750
step=613200 rec=0.005890 dis=0.206425 adv=3.805641 lam=0.0001 accD=0.9375
step=613400 rec=0.006054 dis=0.240446 adv=4.356602 lam=0.0001 accD=0.9375
step=613600 rec=0.006073 dis=0.183170 adv=3.867483 lam=0.0001 accD=0.9062
step=613800 rec=0.005615 dis=0.141701 adv=4.100607 lam=0.0001 accD=0.9688
[VAL] epoch=392 val_rec=0.006138 time_min=1.1
step=614000 rec=0.005846 dis=0.148185 adv=4.466091 lam=0.0001 accD=0.9375
step=614200 rec=0.005862 dis=0.217142 adv=3.579638 lam=0.0001 accD=0.9062
step=614400 rec=0.005953 dis=0.205325 adv=3.264794 lam=0.0001 accD=0.9375
step=614600 rec=0.006578 dis=0.379439 adv=3.627512 lam=0.0001 accD=0.8750
step=614800 rec=0.005436 dis=0.341134 adv=3.054593 lam=0.0001 accD=0.8750
step=615000 rec=0.005387 dis=0.242215 adv=3.644434 lam=0.0001 accD=0.8750
step=615200 rec=0.006204 dis=0.268225 adv=3.842298 lam=0.0001 accD=0.8750
step=615400 rec=0.005239 dis=0.316287 adv=3.673372 lam=0.0001 accD=0.8750
[VAL] epoch=393 val_rec=0.006447 time_min=1.2
step=615600 rec=0.005699 dis=0.216680 adv=4.016886 lam=0.0001 accD=0.9062
step=615800 rec=0.005890 dis=0.221052 adv=3.982860 lam=0.0001 accD=0.9062
step=616000 rec=0.005941 dis=0.212176 adv=4.230155 lam=0.0001 accD=0.9062
step=616200 rec=0.005664 dis=0.264069 adv=3.455255 lam=0.0001 accD=0.8438
step=616400 rec=0.005657 dis=0.211450 adv=4.112586 lam=0.0001 accD=0.9062
step=616600 rec=0.005896 dis=0.119982 adv=3.975303 lam=0.0001 accD=1.0000
step=616800 rec=0.007280 dis=0.221893 adv=3.462697 lam=0.0001 accD=0.9375
[VAL] epoch=394 val_rec=0.006143 time_min=1.1
step=617000 rec=0.005891 dis=0.338400 adv=4.250909 lam=0.0001 accD=0.8438
step=617200 rec=0.006736 dis=0.249226 adv=4.293556 lam=0.0001 accD=0.9375
step=617400 rec=0.005998 dis=0.289281 adv=3.838416 lam=0.0001 accD=0.9062
step=617600 rec=0.005597 dis=0.446062 adv=4.472012 lam=0.0001 accD=0.7812
step=617800 rec=0.005751 dis=0.166886 adv=4.017776 lam=0.0001 accD=0.9375
step=618000 rec=0.006149 dis=0.243614 adv=4.159909 lam=0.0001 accD=0.8438
step=618200 rec=0.005432 dis=0.123910 adv=3.960167 lam=0.0001 accD=0.9375
step=618400 rec=0.005590 dis=0.190649 adv=3.796732 lam=0.0001 accD=0.9062
[VAL] epoch=395 val_rec=0.006276 time_min=1.2
step=618600 rec=0.005494 dis=0.169520 adv=4.350272 lam=0.0001 accD=0.9062
step=618800 rec=0.006335 dis=0.408012 adv=3.483064 lam=0.0001 accD=0.8438
step=619000 rec=0.006190 dis=0.151446 adv=4.060967 lam=0.0001 accD=0.9375
step=619200 rec=0.005668 dis=0.230365 adv=3.847154 lam=0.0001 accD=0.8750
step=619400 rec=0.006253 dis=0.497556 adv=3.471652 lam=0.0001 accD=0.7500
step=619600 rec=0.005442 dis=0.258420 adv=3.398749 lam=0.0001 accD=0.9062
step=619800 rec=0.005651 dis=0.304789 adv=3.090263 lam=0.0001 accD=0.8125
step=620000 rec=0.005617 dis=0.348930 adv=3.100511 lam=0.0001 accD=0.8438
[VAL] epoch=396 val_rec=0.006111 time_min=1.2
step=620200 rec=0.006292 dis=0.142119 adv=4.847137 lam=0.0001 accD=0.9375
step=620400 rec=0.006901 dis=0.220645 adv=3.550010 lam=0.0001 accD=0.9062
step=620600 rec=0.006097 dis=0.172576 adv=4.066778 lam=0.0001 accD=0.9062
step=620800 rec=0.006099 dis=0.298573 adv=3.945330 lam=0.0001 accD=0.8438
step=621000 rec=0.005989 dis=0.154023 adv=4.275684 lam=0.0001 accD=0.9062
step=621200 rec=0.005979 dis=0.195458 adv=4.113118 lam=0.0001 accD=0.9062
step=621400 rec=0.006944 dis=0.250289 adv=4.305678 lam=0.0001 accD=0.9062
step=621600 rec=0.007278 dis=0.206343 adv=3.957052 lam=0.0001 accD=0.9375
[VAL] epoch=397 val_rec=0.006076 time_min=1.2
step=621800 rec=0.006117 dis=0.202081 adv=3.617603 lam=0.0001 accD=0.9062
step=622000 rec=0.005946 dis=0.378536 adv=2.984360 lam=0.0001 accD=0.8750
step=622200 rec=0.005225 dis=0.254670 adv=4.144342 lam=0.0001 accD=0.8750
step=622400 rec=0.005979 dis=0.258461 adv=3.219832 lam=0.0001 accD=0.8750
step=622600 rec=0.005520 dis=0.310184 adv=3.164007 lam=0.0001 accD=0.8750
step=622800 rec=0.006266 dis=0.247551 adv=4.504621 lam=0.0001 accD=0.9375
step=623000 rec=0.007309 dis=0.269013 adv=3.712780 lam=0.0001 accD=0.8438
step=623200 rec=0.005797 dis=0.503361 adv=3.411419 lam=0.0001 accD=0.8438
[VAL] epoch=398 val_rec=0.006202 time_min=1.2
step=623400 rec=0.005426 dis=0.223628 adv=3.787784 lam=0.0001 accD=0.9375
step=623600 rec=0.005324 dis=0.205854 adv=3.578192 lam=0.0001 accD=0.9375
step=623800 rec=0.005685 dis=0.312336 adv=3.349809 lam=0.0001 accD=0.8125
step=624000 rec=0.005521 dis=0.166729 adv=3.638952 lam=0.0001 accD=0.9375
step=624200 rec=0.007720 dis=0.289377 adv=3.151013 lam=0.0001 accD=0.8750
step=624400 rec=0.005209 dis=0.400628 adv=3.827173 lam=0.0001 accD=0.8438
step=624600 rec=0.006180 dis=0.180527 adv=3.891991 lam=0.0001 accD=0.9375
[VAL] epoch=399 val_rec=0.006102 time_min=1.2
step=624800 rec=0.006214 dis=0.211402 adv=4.138677 lam=0.0001 accD=0.9375
step=625000 rec=0.004908 dis=0.233666 adv=3.695266 lam=0.0001 accD=0.9062
step=625200 rec=0.006257 dis=0.351841 adv=3.773368 lam=0.0001 accD=0.8438
step=625400 rec=0.005864 dis=0.303718 adv=3.329545 lam=0.0001 accD=0.9375
step=625600 rec=0.005272 dis=0.311533 adv=3.643692 lam=0.0001 accD=0.8125
step=625800 rec=0.006450 dis=0.291089 adv=4.445516 lam=0.0001 accD=0.8750
step=626000 rec=0.006524 dis=0.087078 adv=4.344161 lam=0.0001 accD=1.0000
step=626200 rec=0.005043 dis=0.248170 adv=3.502633 lam=0.0001 accD=0.9062
[VAL] epoch=400 val_rec=0.006171 time_min=1.1
step=626400 rec=0.006045 dis=0.299717 adv=4.027635 lam=0.0001 accD=0.8750
step=626600 rec=0.006673 dis=0.184052 adv=3.961363 lam=0.0001 accD=0.9062
step=626800 rec=0.006051 dis=0.402730 adv=4.363053 lam=0.0001 accD=0.9062
step=627000 rec=0.006530 dis=0.334786 adv=3.846033 lam=0.0001 accD=0.9062
step=627200 rec=0.006347 dis=0.212298 adv=4.513526 lam=0.0001 accD=0.8750
step=627400 rec=0.006322 dis=0.341865 adv=3.696658 lam=0.0001 accD=0.8750
step=627600 rec=0.006900 dis=0.196314 adv=4.063038 lam=0.0001 accD=0.9062
step=627800 rec=0.006005 dis=0.233421 adv=3.768503 lam=0.0001 accD=0.8750
[VAL] epoch=401 val_rec=0.006151 time_min=1.2
step=628000 rec=0.006643 dis=0.246008 adv=4.040378 lam=0.0001 accD=0.9062
step=628200 rec=0.005791 dis=0.300520 adv=3.167211 lam=0.0001 accD=0.8438
step=628400 rec=0.006107 dis=0.291918 adv=3.389016 lam=0.0001 accD=0.8750
step=628600 rec=0.006338 dis=0.201540 adv=3.296575 lam=0.0001 accD=0.9062
step=628800 rec=0.005588 dis=0.128063 adv=3.904953 lam=0.0001 accD=0.9688
step=629000 rec=0.006144 dis=0.105040 adv=4.101346 lam=0.0001 accD=0.9688
step=629200 rec=0.005947 dis=0.191751 adv=4.409293 lam=0.0001 accD=0.9375
step=629400 rec=0.006760 dis=0.318553 adv=4.456793 lam=0.0001 accD=0.8438
[VAL] epoch=402 val_rec=0.006084 time_min=1.2
step=629600 rec=0.005329 dis=0.253318 adv=3.987527 lam=0.0001 accD=0.8750
step=629800 rec=0.005492 dis=0.498290 adv=3.259485 lam=0.0001 accD=0.7500
step=630000 rec=0.005735 dis=0.170384 adv=3.987728 lam=0.0001 accD=0.9062
step=630200 rec=0.006108 dis=0.294496 adv=4.465045 lam=0.0001 accD=0.8750
step=630400 rec=0.007175 dis=0.272405 adv=3.134712 lam=0.0001 accD=0.8438
step=630600 rec=0.007234 dis=0.226907 adv=4.816368 lam=0.0001 accD=0.8750
step=630800 rec=0.006545 dis=0.098087 adv=3.927057 lam=0.0001 accD=1.0000
step=631000 rec=0.006155 dis=0.447090 adv=3.471512 lam=0.0001 accD=0.8750
[VAL] epoch=403 val_rec=0.006269 time_min=1.2
step=631200 rec=0.005487 dis=0.246918 adv=3.085677 lam=0.0001 accD=0.8750
step=631400 rec=0.005755 dis=0.115959 adv=5.048090 lam=0.0001 accD=0.9688
step=631600 rec=0.006001 dis=0.340651 adv=2.997890 lam=0.0001 accD=0.8438
step=631800 rec=0.007263 dis=0.195534 adv=3.773405 lam=0.0001 accD=0.9375
step=632000 rec=0.005595 dis=0.121982 adv=4.524954 lam=0.0001 accD=0.9375
step=632200 rec=0.006175 dis=0.289896 adv=3.788083 lam=0.0001 accD=0.8125
step=632400 rec=0.005825 dis=0.190957 adv=4.434255 lam=0.0001 accD=0.9062
step=632600 rec=0.006263 dis=0.274713 adv=3.826806 lam=0.0001 accD=0.8750
[VAL] epoch=404 val_rec=0.006189 time_min=1.1
step=632800 rec=0.006818 dis=0.175899 adv=4.252207 lam=0.0001 accD=0.8438
step=633000 rec=0.006359 dis=0.187133 adv=4.372814 lam=0.0001 accD=0.9062
step=633200 rec=0.006040 dis=0.257700 adv=4.044076 lam=0.0001 accD=0.8750
step=633400 rec=0.006002 dis=0.146159 adv=4.074647 lam=0.0001 accD=0.9375
step=633600 rec=0.005675 dis=0.176456 adv=3.435996 lam=0.0001 accD=0.9375
step=633800 rec=0.006535 dis=0.205453 adv=3.486526 lam=0.0001 accD=0.9062
step=634000 rec=0.006294 dis=0.169006 adv=4.156854 lam=0.0001 accD=0.9062
[VAL] epoch=405 val_rec=0.006084 time_min=1.2
step=634200 rec=0.005734 dis=0.262428 adv=3.146323 lam=0.0001 accD=0.8750
step=634400 rec=0.005143 dis=0.221830 adv=3.780873 lam=0.0001 accD=0.8750
step=634600 rec=0.005979 dis=0.374300 adv=3.369997 lam=0.0001 accD=0.8750
step=634800 rec=0.006249 dis=0.313343 adv=3.728161 lam=0.0001 accD=0.8750
step=635000 rec=0.005601 dis=0.210684 adv=3.150022 lam=0.0001 accD=0.8750
step=635200 rec=0.006545 dis=0.098333 adv=3.837612 lam=0.0001 accD=0.9688
step=635400 rec=0.006388 dis=0.211401 adv=3.360697 lam=0.0001 accD=0.9375
step=635600 rec=0.006091 dis=0.197364 adv=3.884661 lam=0.0001 accD=0.8438
[VAL] epoch=406 val_rec=0.006083 time_min=1.1
step=635800 rec=0.005554 dis=0.336258 adv=3.937109 lam=0.0001 accD=0.8438
step=636000 rec=0.006419 dis=0.216351 adv=4.027294 lam=0.0001 accD=0.8750
step=636200 rec=0.005038 dis=0.122671 adv=4.458026 lam=0.0001 accD=0.9688
step=636400 rec=0.006402 dis=0.372961 adv=4.113435 lam=0.0001 accD=0.8438
step=636600 rec=0.005491 dis=0.288062 adv=4.061358 lam=0.0001 accD=0.9062
step=636800 rec=0.005500 dis=0.338332 adv=3.881098 lam=0.0001 accD=0.8125
step=637000 rec=0.005710 dis=0.464442 adv=3.626114 lam=0.0001 accD=0.8438
step=637200 rec=0.005408 dis=0.305881 adv=3.953296 lam=0.0001 accD=0.9062
[VAL] epoch=407 val_rec=0.006102 time_min=1.2
step=637400 rec=0.005067 dis=0.270146 adv=4.101417 lam=0.0001 accD=0.8438
step=637600 rec=0.005299 dis=0.355443 adv=3.543609 lam=0.0001 accD=0.8438
step=637800 rec=0.008135 dis=0.570821 adv=3.478860 lam=0.0001 accD=0.6875
step=638000 rec=0.006998 dis=0.100962 adv=4.384149 lam=0.0001 accD=1.0000
step=638200 rec=0.005531 dis=0.219206 adv=3.668556 lam=0.0001 accD=0.9375
step=638400 rec=0.005854 dis=0.390104 adv=3.695880 lam=0.0001 accD=0.8438
step=638600 rec=0.006720 dis=0.258412 adv=4.160662 lam=0.0001 accD=0.9375
step=638800 rec=0.007011 dis=0.353618 adv=3.382638 lam=0.0001 accD=0.9062
[VAL] epoch=408 val_rec=0.006107 time_min=1.1
step=639000 rec=0.006395 dis=0.205801 adv=4.303880 lam=0.0001 accD=0.9375
step=639200 rec=0.007286 dis=0.196135 adv=3.355454 lam=0.0001 accD=0.9375
step=639400 rec=0.006465 dis=0.225723 adv=3.719076 lam=0.0001 accD=0.9062
step=639600 rec=0.005885 dis=0.251599 adv=4.290514 lam=0.0001 accD=0.8750
step=639800 rec=0.006253 dis=0.371322 adv=3.564969 lam=0.0001 accD=0.7812
step=640000 rec=0.005493 dis=0.391861 adv=3.544915 lam=0.0001 accD=0.8438
step=640200 rec=0.005758 dis=0.220506 adv=4.158181 lam=0.0001 accD=0.9375
step=640400 rec=0.005698 dis=0.295563 adv=3.032383 lam=0.0001 accD=0.8438
[VAL] epoch=409 val_rec=0.006043 time_min=1.2
step=640600 rec=0.005385 dis=0.107096 adv=4.210023 lam=0.0001 accD=0.9688
step=640800 rec=0.004924 dis=0.160145 adv=4.409821 lam=0.0001 accD=0.9062
step=641000 rec=0.005973 dis=0.302524 adv=3.352622 lam=0.0001 accD=0.8750
step=641200 rec=0.006862 dis=0.337712 adv=3.903815 lam=0.0001 accD=0.8125
step=641400 rec=0.006376 dis=0.095996 adv=3.981993 lam=0.0001 accD=0.9688
step=641600 rec=0.006287 dis=0.398931 adv=2.858789 lam=0.0001 accD=0.7812
step=641800 rec=0.007210 dis=0.217899 adv=4.221286 lam=0.0001 accD=0.8750
[VAL] epoch=410 val_rec=0.006134 time_min=1.1
step=642000 rec=0.005674 dis=0.274506 adv=3.920966 lam=0.0001 accD=0.8438
step=642200 rec=0.006887 dis=0.213916 adv=3.680234 lam=0.0001 accD=0.9062
step=642400 rec=0.006107 dis=0.118312 adv=4.196722 lam=0.0001 accD=0.9688
step=642600 rec=0.006046 dis=0.191077 adv=4.616467 lam=0.0001 accD=0.9062
step=642800 rec=0.007741 dis=0.196496 adv=3.923780 lam=0.0001 accD=0.8750
step=643000 rec=0.007275 dis=0.128356 adv=3.831027 lam=0.0001 accD=0.9375
step=643200 rec=0.006188 dis=0.229761 adv=4.086357 lam=0.0001 accD=0.8750
step=643400 rec=0.005942 dis=0.215944 adv=3.462103 lam=0.0001 accD=0.9375
[VAL] epoch=411 val_rec=0.006180 time_min=1.2
step=643600 rec=0.005631 dis=0.349828 adv=3.725242 lam=0.0001 accD=0.8750
step=643800 rec=0.005127 dis=0.206819 adv=3.902662 lam=0.0001 accD=0.9062
step=644000 rec=0.006054 dis=0.372479 adv=3.296525 lam=0.0001 accD=0.8125
step=644200 rec=0.005708 dis=0.270359 adv=3.689674 lam=0.0001 accD=0.9375
step=644400 rec=0.006151 dis=0.274677 adv=3.636839 lam=0.0001 accD=0.8438
step=644600 rec=0.005642 dis=0.138024 adv=4.001301 lam=0.0001 accD=0.9375
step=644800 rec=0.006108 dis=0.371914 adv=3.771945 lam=0.0001 accD=0.9062
step=645000 rec=0.005202 dis=0.226170 adv=3.442832 lam=0.0001 accD=0.9062
[VAL] epoch=412 val_rec=0.006349 time_min=1.2
step=645200 rec=0.005766 dis=0.296756 adv=3.240696 lam=0.0001 accD=0.8750
step=645400 rec=0.005727 dis=0.356859 adv=3.564279 lam=0.0001 accD=0.8750
step=645600 rec=0.005252 dis=0.272305 adv=3.501586 lam=0.0001 accD=0.8438
step=645800 rec=0.006236 dis=0.188802 adv=4.155575 lam=0.0001 accD=0.9375
step=646000 rec=0.006458 dis=0.386568 adv=3.893021 lam=0.0001 accD=0.8125
step=646200 rec=0.007024 dis=0.214782 adv=3.543043 lam=0.0001 accD=0.9062
step=646400 rec=0.006565 dis=0.351556 adv=3.896080 lam=0.0001 accD=0.9375
step=646600 rec=0.006022 dis=0.166395 adv=4.474185 lam=0.0001 accD=0.9062
[VAL] epoch=413 val_rec=0.006578 time_min=1.1
step=646800 rec=0.005549 dis=0.336366 adv=3.805835 lam=0.0001 accD=0.8125
step=647000 rec=0.005436 dis=0.294584 adv=3.944743 lam=0.0001 accD=0.8750
step=647200 rec=0.005019 dis=0.374171 adv=4.013686 lam=0.0001 accD=0.8438
step=647400 rec=0.005797 dis=0.387156 adv=3.625283 lam=0.0001 accD=0.8750
step=647600 rec=0.006443 dis=0.238403 adv=3.307571 lam=0.0001 accD=0.9062
step=647800 rec=0.006120 dis=0.324348 adv=3.883334 lam=0.0001 accD=0.8750
step=648000 rec=0.005772 dis=0.282027 adv=3.544516 lam=0.0001 accD=0.8750
step=648200 rec=0.006346 dis=0.449407 adv=3.544709 lam=0.0001 accD=0.7500
[VAL] epoch=414 val_rec=0.006209 time_min=1.2
step=648400 rec=0.005911 dis=0.140775 adv=4.717940 lam=0.0001 accD=0.9375
step=648600 rec=0.005826 dis=0.366506 adv=3.591957 lam=0.0001 accD=0.7812
step=648800 rec=0.006076 dis=0.147636 adv=4.435352 lam=0.0001 accD=0.9375
step=649000 rec=0.006432 dis=0.237554 adv=4.485647 lam=0.0001 accD=0.9062
step=649200 rec=0.005651 dis=0.163067 adv=4.373558 lam=0.0001 accD=0.9062
step=649400 rec=0.005980 dis=0.092408 adv=3.883384 lam=0.0001 accD=1.0000
step=649600 rec=0.006072 dis=0.127148 adv=3.824363 lam=0.0001 accD=0.9375
[VAL] epoch=415 val_rec=0.006088 time_min=1.1
step=649800 rec=0.006572 dis=0.217602 adv=3.272431 lam=0.0001 accD=0.9062
step=650000 rec=0.006267 dis=0.203104 adv=3.863350 lam=0.0001 accD=0.9062
step=650200 rec=0.006035 dis=0.232022 adv=3.522844 lam=0.0001 accD=0.9062
step=650400 rec=0.005282 dis=0.311946 adv=3.830075 lam=0.0001 accD=0.8438
step=650600 rec=0.006036 dis=0.377010 adv=3.621572 lam=0.0001 accD=0.8125
step=650800 rec=0.006932 dis=0.216364 adv=3.875139 lam=0.0001 accD=0.9062
step=651000 rec=0.006222 dis=0.169113 adv=4.674339 lam=0.0001 accD=0.9688
step=651200 rec=0.005342 dis=0.162252 adv=4.158312 lam=0.0001 accD=0.9375
[VAL] epoch=416 val_rec=0.006109 time_min=1.2
step=651400 rec=0.006724 dis=0.096985 adv=4.223826 lam=0.0001 accD=0.9688
step=651600 rec=0.007093 dis=0.259215 adv=3.298481 lam=0.0001 accD=0.8750
step=651800 rec=0.005335 dis=0.419746 adv=3.552851 lam=0.0001 accD=0.7812
step=652000 rec=0.006857 dis=0.079204 adv=4.657264 lam=0.0001 accD=0.9688
step=652200 rec=0.007740 dis=0.230434 adv=3.521616 lam=0.0001 accD=0.9375
step=652400 rec=0.007086 dis=0.287291 adv=3.310720 lam=0.0001 accD=0.8750
step=652600 rec=0.006001 dis=0.157208 adv=3.317844 lam=0.0001 accD=0.9688
step=652800 rec=0.006357 dis=0.269276 adv=3.170053 lam=0.0001 accD=0.8750
[VAL] epoch=417 val_rec=0.006046 time_min=1.1
step=653000 rec=0.005381 dis=0.146109 adv=4.401227 lam=0.0001 accD=0.9062
step=653200 rec=0.006539 dis=0.087003 adv=4.355201 lam=0.0001 accD=0.9688
step=653400 rec=0.005323 dis=0.233398 adv=3.620384 lam=0.0001 accD=0.9375
step=653600 rec=0.005987 dis=0.115508 adv=3.751939 lam=0.0001 accD=0.9688
step=653800 rec=0.005794 dis=0.267252 adv=4.680140 lam=0.0001 accD=0.8438
step=654000 rec=0.006706 dis=0.259659 adv=4.113704 lam=0.0001 accD=0.8750
step=654200 rec=0.006301 dis=0.184047 adv=4.094897 lam=0.0001 accD=0.9375
step=654400 rec=0.006375 dis=0.162250 adv=4.060721 lam=0.0001 accD=0.9062
[VAL] epoch=418 val_rec=0.006188 time_min=1.2
step=654600 rec=0.007501 dis=0.138705 adv=4.038009 lam=0.0001 accD=0.9375
step=654800 rec=0.005720 dis=0.112679 adv=4.448656 lam=0.0001 accD=0.9375
step=655000 rec=0.005737 dis=0.361155 adv=4.044486 lam=0.0001 accD=0.8438
step=655200 rec=0.005580 dis=0.340618 adv=3.891397 lam=0.0001 accD=0.8438
step=655400 rec=0.006105 dis=0.347009 adv=4.028180 lam=0.0001 accD=0.8125
step=655600 rec=0.006611 dis=0.281087 adv=3.672304 lam=0.0001 accD=0.8750
step=655800 rec=0.004788 dis=0.290410 adv=4.834700 lam=0.0001 accD=0.9062
step=656000 rec=0.007990 dis=0.265024 adv=3.434590 lam=0.0001 accD=0.9375
[VAL] epoch=419 val_rec=0.006053 time_min=1.2
step=656200 rec=0.005654 dis=0.215139 adv=4.425875 lam=0.0001 accD=0.9375
step=656400 rec=0.005639 dis=0.197567 adv=3.684483 lam=0.0001 accD=0.9062
step=656600 rec=0.006268 dis=0.164450 adv=3.220021 lam=0.0001 accD=0.9688
step=656800 rec=0.005780 dis=0.124802 adv=3.602864 lam=0.0001 accD=0.9688
step=657000 rec=0.005780 dis=0.139628 adv=4.167929 lam=0.0001 accD=0.9375
step=657200 rec=0.005897 dis=0.190754 adv=4.047781 lam=0.0001 accD=0.9062
step=657400 rec=0.006620 dis=0.390139 adv=3.906456 lam=0.0001 accD=0.8125
step=657600 rec=0.006083 dis=0.204488 adv=3.638711 lam=0.0001 accD=0.8750
[VAL] epoch=420 val_rec=0.006397 time_min=1.2
step=657800 rec=0.005857 dis=0.340922 adv=3.787326 lam=0.0001 accD=0.8438
step=658000 rec=0.005927 dis=0.201806 adv=4.246548 lam=0.0001 accD=0.9062
step=658200 rec=0.006806 dis=0.145684 adv=3.913419 lam=0.0001 accD=0.9688
step=658400 rec=0.006213 dis=0.447457 adv=4.394957 lam=0.0001 accD=0.8438
step=658600 rec=0.006534 dis=0.281394 adv=3.493978 lam=0.0001 accD=0.9062
step=658800 rec=0.006452 dis=0.248483 adv=4.145231 lam=0.0001 accD=0.8438
step=659000 rec=0.006687 dis=0.136486 adv=4.258581 lam=0.0001 accD=0.9688
[VAL] epoch=421 val_rec=0.006106 time_min=1.1
step=659200 rec=0.006673 dis=0.275754 adv=3.469715 lam=0.0001 accD=0.8750
step=659400 rec=0.006287 dis=0.436672 adv=4.259892 lam=0.0001 accD=0.8125
step=659600 rec=0.005782 dis=0.125773 adv=3.740126 lam=0.0001 accD=0.9688
step=659800 rec=0.006225 dis=0.130902 adv=3.407783 lam=0.0001 accD=0.9688
step=660000 rec=0.005861 dis=0.276250 adv=2.724972 lam=0.0001 accD=0.9062
step=660200 rec=0.006983 dis=0.327819 adv=3.946729 lam=0.0001 accD=0.8750
step=660400 rec=0.005363 dis=0.392822 adv=3.565122 lam=0.0001 accD=0.8438
step=660600 rec=0.006513 dis=0.175446 adv=3.683530 lam=0.0001 accD=0.8750
[VAL] epoch=422 val_rec=0.006279 time_min=1.2
step=660800 rec=0.005720 dis=0.294336 adv=3.641581 lam=0.0001 accD=0.8438
step=661000 rec=0.006276 dis=0.155664 adv=4.116083 lam=0.0001 accD=0.9062
step=661200 rec=0.005889 dis=0.153789 adv=3.660875 lam=0.0001 accD=0.9375
step=661400 rec=0.006102 dis=0.169189 adv=3.984854 lam=0.0001 accD=0.9375
step=661600 rec=0.006036 dis=0.098756 adv=3.998317 lam=0.0001 accD=0.9688
step=661800 rec=0.007194 dis=0.325688 adv=3.770553 lam=0.0001 accD=0.8125
step=662000 rec=0.005663 dis=0.398463 adv=3.453314 lam=0.0001 accD=0.8125
step=662200 rec=0.006643 dis=0.176836 adv=4.182206 lam=0.0001 accD=0.9375
[VAL] epoch=423 val_rec=0.006191 time_min=1.2
step=662400 rec=0.005614 dis=0.199365 adv=3.716708 lam=0.0001 accD=0.9375
step=662600 rec=0.005862 dis=0.242377 adv=4.066982 lam=0.0001 accD=0.9375
step=662800 rec=0.006289 dis=0.359023 adv=3.049555 lam=0.0001 accD=0.8125
step=663000 rec=0.004846 dis=0.165508 adv=3.951247 lam=0.0001 accD=0.9375
step=663200 rec=0.006220 dis=0.221526 adv=4.338532 lam=0.0001 accD=0.8750
step=663400 rec=0.007010 dis=0.165020 adv=3.808519 lam=0.0001 accD=0.9688
step=663600 rec=0.005911 dis=0.185700 adv=4.280946 lam=0.0001 accD=0.9375
step=663800 rec=0.006415 dis=0.320931 adv=4.288152 lam=0.0001 accD=0.8750
[VAL] epoch=424 val_rec=0.006167 time_min=1.2
step=664000 rec=0.005595 dis=0.035707 adv=4.772731 lam=0.0001 accD=1.0000
step=664200 rec=0.006097 dis=0.490366 adv=3.091337 lam=0.0001 accD=0.7812
step=664400 rec=0.006851 dis=0.307921 adv=3.746628 lam=0.0001 accD=0.8438
step=664600 rec=0.007149 dis=0.259377 adv=3.895593 lam=0.0001 accD=0.8750
step=664800 rec=0.006135 dis=0.310189 adv=4.026667 lam=0.0001 accD=0.8750
step=665000 rec=0.006117 dis=0.255704 adv=3.274107 lam=0.0001 accD=0.8438
step=665200 rec=0.004827 dis=0.183883 adv=3.945008 lam=0.0001 accD=0.9375
step=665400 rec=0.005660 dis=0.238820 adv=4.284619 lam=0.0001 accD=0.8750
[VAL] epoch=425 val_rec=0.006240 time_min=1.1
step=665600 rec=0.006592 dis=0.135816 adv=4.270656 lam=0.0001 accD=0.9375
step=665800 rec=0.005599 dis=0.467952 adv=2.946564 lam=0.0001 accD=0.7812
step=666000 rec=0.006366 dis=0.236273 adv=3.688458 lam=0.0001 accD=0.9062
step=666200 rec=0.005651 dis=0.076175 adv=4.671478 lam=0.0001 accD=0.9688
step=666400 rec=0.005882 dis=0.353408 adv=3.526005 lam=0.0001 accD=0.8125
step=666600 rec=0.005613 dis=0.309546 adv=3.119014 lam=0.0001 accD=0.8125
step=666800 rec=0.006528 dis=0.090294 adv=4.102102 lam=0.0001 accD=0.9688
[VAL] epoch=426 val_rec=0.006123 time_min=1.2
step=667000 rec=0.006668 dis=0.291221 adv=3.055785 lam=0.0001 accD=0.8750
step=667200 rec=0.005592 dis=0.133796 adv=3.290173 lam=0.0001 accD=0.9375
step=667400 rec=0.005749 dis=0.153567 adv=3.865801 lam=0.0001 accD=0.9062
step=667600 rec=0.005246 dis=0.393614 adv=3.385084 lam=0.0001 accD=0.8125
step=667800 rec=0.005326 dis=0.375252 adv=3.477283 lam=0.0001 accD=0.8438
step=668000 rec=0.005839 dis=0.215544 adv=3.875817 lam=0.0001 accD=0.9375
step=668200 rec=0.006283 dis=0.408060 adv=3.842247 lam=0.0001 accD=0.7812
step=668400 rec=0.006055 dis=0.185248 adv=3.499045 lam=0.0001 accD=0.9375
[VAL] epoch=427 val_rec=0.006180 time_min=1.1
step=668600 rec=0.005517 dis=0.216201 adv=3.453825 lam=0.0001 accD=0.9375
step=668800 rec=0.005556 dis=0.274995 adv=3.560843 lam=0.0001 accD=0.9062
step=669000 rec=0.006012 dis=0.216856 adv=3.381896 lam=0.0001 accD=0.9375
step=669200 rec=0.006217 dis=0.422531 adv=3.689449 lam=0.0001 accD=0.8750
step=669400 rec=0.006656 dis=0.211040 adv=3.750367 lam=0.0001 accD=0.9375
step=669600 rec=0.005691 dis=0.261485 adv=3.671517 lam=0.0001 accD=0.8438
step=669800 rec=0.005597 dis=0.135750 adv=3.144552 lam=0.0001 accD=0.9688
step=670000 rec=0.006600 dis=0.193059 adv=3.420846 lam=0.0001 accD=0.9688
[VAL] epoch=428 val_rec=0.006009 time_min=1.2
step=670200 rec=0.005726 dis=0.208964 adv=3.898757 lam=0.0001 accD=0.9062
step=670400 rec=0.006884 dis=0.233096 adv=4.593679 lam=0.0001 accD=0.9062
step=670600 rec=0.005494 dis=0.635324 adv=3.722355 lam=0.0001 accD=0.8750
step=670800 rec=0.005919 dis=0.220949 adv=3.612494 lam=0.0001 accD=0.9688
step=671000 rec=0.006483 dis=0.214833 adv=4.090654 lam=0.0001 accD=0.9062
step=671200 rec=0.006489 dis=0.422255 adv=3.627658 lam=0.0001 accD=0.7188
step=671400 rec=0.006028 dis=0.156970 adv=3.997487 lam=0.0001 accD=0.9062
step=671600 rec=0.005909 dis=0.206703 adv=4.212104 lam=0.0001 accD=0.9062
[VAL] epoch=429 val_rec=0.006238 time_min=1.2
step=671800 rec=0.006106 dis=0.161330 adv=3.379061 lam=0.0001 accD=0.9688
step=672000 rec=0.005987 dis=0.342965 adv=4.090868 lam=0.0001 accD=0.8750
step=672200 rec=0.005519 dis=0.091098 adv=4.890743 lam=0.0001 accD=0.9688
step=672400 rec=0.006375 dis=0.284740 adv=4.409868 lam=0.0001 accD=0.8750
step=672600 rec=0.006028 dis=0.314188 adv=3.212004 lam=0.0001 accD=0.8125
step=672800 rec=0.005932 dis=0.441205 adv=3.366138 lam=0.0001 accD=0.8125
step=673000 rec=0.005855 dis=0.324196 adv=3.553319 lam=0.0001 accD=0.8125
step=673200 rec=0.005417 dis=0.163984 adv=4.110992 lam=0.0001 accD=0.9688
[VAL] epoch=430 val_rec=0.006058 time_min=1.2
step=673400 rec=0.006961 dis=0.165396 adv=3.078641 lam=0.0001 accD=0.9375
step=673600 rec=0.007003 dis=0.189433 adv=3.713980 lam=0.0001 accD=0.8750
step=673800 rec=0.006335 dis=0.376875 adv=3.726470 lam=0.0001 accD=0.8750
step=674000 rec=0.005708 dis=0.285842 adv=4.195971 lam=0.0001 accD=0.9062
step=674200 rec=0.006105 dis=0.209108 adv=3.967192 lam=0.0001 accD=0.9375
step=674400 rec=0.005745 dis=0.305133 adv=3.852862 lam=0.0001 accD=0.8438
step=674600 rec=0.006995 dis=0.301105 adv=3.861813 lam=0.0001 accD=0.8125
[VAL] epoch=431 val_rec=0.006120 time_min=1.1
step=674800 rec=0.006377 dis=0.134103 adv=3.446284 lam=0.0001 accD=0.9688
step=675000 rec=0.006335 dis=0.275423 adv=4.212574 lam=0.0001 accD=0.8750
step=675200 rec=0.005839 dis=0.262074 adv=3.201210 lam=0.0001 accD=0.9062
step=675400 rec=0.005882 dis=0.244352 adv=3.405768 lam=0.0001 accD=0.8750
step=675600 rec=0.006715 dis=0.169538 adv=3.389748 lam=0.0001 accD=0.9375
step=675800 rec=0.005723 dis=0.233844 adv=4.173716 lam=0.0001 accD=0.8750
step=676000 rec=0.005154 dis=0.420836 adv=3.753792 lam=0.0001 accD=0.7812
step=676200 rec=0.006770 dis=0.466395 adv=3.457440 lam=0.0001 accD=0.7812
[VAL] epoch=432 val_rec=0.006025 time_min=1.2
step=676400 rec=0.006079 dis=0.182083 adv=4.084482 lam=0.0001 accD=0.9375
step=676600 rec=0.006249 dis=0.144592 adv=3.072379 lam=0.0001 accD=0.9375
step=676800 rec=0.005103 dis=0.183055 adv=3.901521 lam=0.0001 accD=0.9375
step=677000 rec=0.007440 dis=0.140482 adv=3.704873 lam=0.0001 accD=1.0000
step=677200 rec=0.006916 dis=0.225272 adv=3.724519 lam=0.0001 accD=0.8438
step=677400 rec=0.005862 dis=0.275471 adv=3.723449 lam=0.0001 accD=0.9375
step=677600 rec=0.006015 dis=0.346606 adv=3.492568 lam=0.0001 accD=0.8750
step=677800 rec=0.005595 dis=0.400322 adv=3.593223 lam=0.0001 accD=0.8125
[VAL] epoch=433 val_rec=0.005970 time_min=1.1
step=678000 rec=0.005417 dis=0.193756 adv=4.126894 lam=0.0001 accD=0.9062
step=678200 rec=0.005557 dis=0.323042 adv=3.600976 lam=0.0001 accD=0.9375
step=678400 rec=0.006622 dis=0.307307 adv=3.413116 lam=0.0001 accD=0.8438
step=678600 rec=0.005410 dis=0.275707 adv=2.991358 lam=0.0001 accD=0.8438
step=678800 rec=0.005856 dis=0.336977 adv=3.994932 lam=0.0001 accD=0.8438
step=679000 rec=0.006937 dis=0.312660 adv=3.721927 lam=0.0001 accD=0.8750
step=679200 rec=0.005328 dis=0.121445 adv=3.566566 lam=0.0001 accD=0.9375
step=679400 rec=0.005515 dis=0.143846 adv=4.197307 lam=0.0001 accD=0.9688
[VAL] epoch=434 val_rec=0.006108 time_min=1.2
step=679600 rec=0.005799 dis=0.087305 adv=3.889824 lam=0.0001 accD=1.0000
step=679800 rec=0.006456 dis=0.356080 adv=3.439018 lam=0.0001 accD=0.8125
step=680000 rec=0.006884 dis=0.155986 adv=3.978659 lam=0.0001 accD=0.9375
step=680200 rec=0.004776 dis=0.355671 adv=3.604530 lam=0.0001 accD=0.9062
step=680400 rec=0.006544 dis=0.162303 adv=3.475862 lam=0.0001 accD=0.9375
step=680600 rec=0.006226 dis=0.303124 adv=3.821850 lam=0.0001 accD=0.9062
step=680800 rec=0.006362 dis=0.292333 adv=4.191566 lam=0.0001 accD=0.9062
step=681000 rec=0.005498 dis=0.176180 adv=3.839154 lam=0.0001 accD=0.9688
[VAL] epoch=435 val_rec=0.006074 time_min=1.2
step=681200 rec=0.006868 dis=0.215435 adv=4.099450 lam=0.0001 accD=0.8438
step=681400 rec=0.006012 dis=0.273257 adv=4.342525 lam=0.0001 accD=0.9062
step=681600 rec=0.005763 dis=0.181602 adv=4.120056 lam=0.0001 accD=0.9375
step=681800 rec=0.006547 dis=0.231859 adv=3.669705 lam=0.0001 accD=0.9062
step=682000 rec=0.006814 dis=0.238448 adv=3.871351 lam=0.0001 accD=0.9062
step=682200 rec=0.006623 dis=0.222548 adv=4.106194 lam=0.0001 accD=0.9062
step=682400 rec=0.006121 dis=0.208583 adv=3.265692 lam=0.0001 accD=0.9062
[VAL] epoch=436 val_rec=0.006181 time_min=1.1
step=682600 rec=0.006096 dis=0.300302 adv=3.936571 lam=0.0001 accD=0.9375
step=682800 rec=0.005747 dis=0.257090 adv=3.328658 lam=0.0001 accD=0.9062
step=683000 rec=0.006421 dis=0.214221 adv=3.245150 lam=0.0001 accD=0.8438
step=683200 rec=0.006176 dis=0.399693 adv=3.690893 lam=0.0001 accD=0.8125
step=683400 rec=0.006304 dis=0.252227 adv=3.747863 lam=0.0001 accD=0.8438
step=683600 rec=0.005299 dis=0.111551 adv=4.104251 lam=0.0001 accD=0.9688
step=683800 rec=0.005626 dis=0.344725 adv=3.372674 lam=0.0001 accD=0.8438
step=684000 rec=0.005629 dis=0.185884 adv=3.262117 lam=0.0001 accD=0.9062
[VAL] epoch=437 val_rec=0.006124 time_min=1.2
step=684200 rec=0.006323 dis=0.229892 adv=2.675082 lam=0.0001 accD=0.9688
step=684400 rec=0.006237 dis=0.236817 adv=4.007028 lam=0.0001 accD=0.9062
step=684600 rec=0.005689 dis=0.163171 adv=4.202269 lam=0.0001 accD=0.9062
step=684800 rec=0.006089 dis=0.235479 adv=3.904281 lam=0.0001 accD=0.8750
step=685000 rec=0.006584 dis=0.170991 adv=3.826179 lam=0.0001 accD=0.9375
step=685200 rec=0.005812 dis=0.230287 adv=3.400029 lam=0.0001 accD=0.9375
step=685400 rec=0.006479 dis=0.260928 adv=4.541715 lam=0.0001 accD=0.8750
step=685600 rec=0.005002 dis=0.299486 adv=3.756056 lam=0.0001 accD=0.8125
[VAL] epoch=438 val_rec=0.006103 time_min=1.1
step=685800 rec=0.005777 dis=0.279097 adv=3.912772 lam=0.0001 accD=0.8438
step=686000 rec=0.007848 dis=0.325963 adv=3.856120 lam=0.0001 accD=0.8438
step=686200 rec=0.005237 dis=0.276020 adv=3.760287 lam=0.0001 accD=0.8438
step=686400 rec=0.005443 dis=0.199476 adv=3.850426 lam=0.0001 accD=0.9375
step=686600 rec=0.006111 dis=0.264859 adv=4.458373 lam=0.0001 accD=0.9062
step=686800 rec=0.005631 dis=0.286188 adv=3.890226 lam=0.0001 accD=0.8750
step=687000 rec=0.005518 dis=0.357531 adv=3.707557 lam=0.0001 accD=0.7812
step=687200 rec=0.006626 dis=0.257226 adv=3.309087 lam=0.0001 accD=0.9062
[VAL] epoch=439 val_rec=0.006049 time_min=1.2
step=687400 rec=0.006144 dis=0.255484 adv=3.751399 lam=0.0001 accD=0.9062
step=687600 rec=0.006005 dis=0.303605 adv=4.211750 lam=0.0001 accD=0.9062
step=687800 rec=0.005619 dis=0.161604 adv=3.761395 lam=0.0001 accD=0.9062
step=688000 rec=0.006398 dis=0.139333 adv=3.843539 lam=0.0001 accD=0.9688
step=688200 rec=0.005423 dis=0.293219 adv=3.784240 lam=0.0001 accD=0.8750
step=688400 rec=0.005569 dis=0.247935 adv=3.720862 lam=0.0001 accD=0.8750
step=688600 rec=0.005216 dis=0.291659 adv=3.668133 lam=0.0001 accD=0.8750
step=688800 rec=0.005651 dis=0.285490 adv=3.590287 lam=0.0001 accD=0.9062
[VAL] epoch=440 val_rec=0.006175 time_min=1.1
step=689000 rec=0.007056 dis=0.189130 adv=4.170050 lam=0.0001 accD=0.9062
step=689200 rec=0.006182 dis=0.316225 adv=3.666650 lam=0.0001 accD=0.9062
step=689400 rec=0.006108 dis=0.133671 adv=3.933600 lam=0.0001 accD=0.9375
step=689600 rec=0.005432 dis=0.436266 adv=3.624177 lam=0.0001 accD=0.8438
step=689800 rec=0.005984 dis=0.107282 adv=4.326612 lam=0.0001 accD=0.9688
step=690000 rec=0.006471 dis=0.161394 adv=4.283501 lam=0.0001 accD=0.9375
step=690200 rec=0.005136 dis=0.198542 adv=4.110588 lam=0.0001 accD=0.9688
step=690400 rec=0.006466 dis=0.288327 adv=3.995766 lam=0.0001 accD=0.8750
[VAL] epoch=441 val_rec=0.006044 time_min=1.2
step=690600 rec=0.005718 dis=0.189618 adv=3.909697 lam=0.0001 accD=0.9375
step=690800 rec=0.006061 dis=0.237092 adv=4.115703 lam=0.0001 accD=0.9375
step=691000 rec=0.006253 dis=0.379480 adv=3.438754 lam=0.0001 accD=0.8125
step=691200 rec=0.005048 dis=0.213554 adv=4.101832 lam=0.0001 accD=0.9062
step=691400 rec=0.006204 dis=0.268364 adv=4.222877 lam=0.0001 accD=0.8750
step=691600 rec=0.005067 dis=0.167576 adv=3.879506 lam=0.0001 accD=0.9375
step=691800 rec=0.007296 dis=0.208616 adv=4.464875 lam=0.0001 accD=0.9375
[VAL] epoch=442 val_rec=0.006071 time_min=1.1
step=692000 rec=0.005907 dis=0.145359 adv=4.311642 lam=0.0001 accD=0.9375
step=692200 rec=0.006224 dis=0.294002 adv=3.603569 lam=0.0001 accD=0.9062
step=692400 rec=0.006437 dis=0.271436 adv=3.851997 lam=0.0001 accD=0.8438
step=692600 rec=0.005447 dis=0.213717 adv=4.194007 lam=0.0001 accD=0.9062
step=692800 rec=0.005324 dis=0.179036 adv=3.519059 lam=0.0001 accD=0.9375
step=693000 rec=0.007215 dis=0.344159 adv=3.467959 lam=0.0001 accD=0.8438
step=693200 rec=0.005538 dis=0.347860 adv=4.169607 lam=0.0001 accD=0.8438
step=693400 rec=0.006622 dis=0.218854 adv=4.287690 lam=0.0001 accD=0.9062
[VAL] epoch=443 val_rec=0.005988 time_min=1.2
step=693600 rec=0.007009 dis=0.189242 adv=3.753981 lam=0.0001 accD=0.9062
step=693800 rec=0.005112 dis=0.105497 adv=4.704069 lam=0.0001 accD=0.9688
step=694000 rec=0.005742 dis=0.230408 adv=3.671313 lam=0.0001 accD=0.9062
step=694200 rec=0.006346 dis=0.177446 adv=4.082118 lam=0.0001 accD=0.9688
step=694400 rec=0.006431 dis=0.280193 adv=3.757557 lam=0.0001 accD=0.8750
step=694600 rec=0.006848 dis=0.185504 adv=3.632665 lam=0.0001 accD=0.9375
step=694800 rec=0.006523 dis=0.366086 adv=3.755793 lam=0.0001 accD=0.8125
step=695000 rec=0.006405 dis=0.171357 adv=3.721375 lam=0.0001 accD=0.9375
[VAL] epoch=444 val_rec=0.006075 time_min=1.1
step=695200 rec=0.006274 dis=0.163708 adv=4.284132 lam=0.0001 accD=0.9688
step=695400 rec=0.005451 dis=0.119871 adv=3.860197 lam=0.0001 accD=0.9375
step=695600 rec=0.006386 dis=0.250090 adv=3.705257 lam=0.0001 accD=0.9375
step=695800 rec=0.006816 dis=0.227508 adv=3.304306 lam=0.0001 accD=0.8750
step=696000 rec=0.006028 dis=0.134979 adv=3.581596 lam=0.0001 accD=0.9688
step=696200 rec=0.006963 dis=0.172340 adv=3.939528 lam=0.0001 accD=0.9062
step=696400 rec=0.006494 dis=0.322945 adv=3.610052 lam=0.0001 accD=0.8750
step=696600 rec=0.005920 dis=0.290421 adv=4.033762 lam=0.0001 accD=0.9062
[VAL] epoch=445 val_rec=0.006330 time_min=1.2
step=696800 rec=0.005904 dis=0.171020 adv=3.650226 lam=0.0001 accD=0.9688
step=697000 rec=0.006689 dis=0.096855 adv=3.838282 lam=0.0001 accD=1.0000
step=697200 rec=0.005796 dis=0.225519 adv=3.835274 lam=0.0001 accD=0.9062
step=697400 rec=0.005769 dis=0.495657 adv=2.855473 lam=0.0001 accD=0.7812
step=697600 rec=0.006474 dis=0.270817 adv=3.504734 lam=0.0001 accD=0.8750
step=697800 rec=0.005333 dis=0.230639 adv=4.126426 lam=0.0001 accD=0.8750
step=698000 rec=0.006589 dis=0.261170 adv=3.360239 lam=0.0001 accD=0.8438
step=698200 rec=0.005442 dis=0.160110 adv=3.339576 lam=0.0001 accD=0.9688
[VAL] epoch=446 val_rec=0.006030 time_min=1.1
step=698400 rec=0.005539 dis=0.177994 adv=3.487271 lam=0.0001 accD=0.9062
step=698600 rec=0.006427 dis=0.290931 adv=3.634438 lam=0.0001 accD=0.9062
step=698800 rec=0.006641 dis=0.127541 adv=4.462407 lam=0.0001 accD=1.0000
step=699000 rec=0.007551 dis=0.207614 adv=3.501239 lam=0.0001 accD=0.8750
step=699200 rec=0.005987 dis=0.470896 adv=3.946808 lam=0.0001 accD=0.7500
step=699400 rec=0.006217 dis=0.112257 adv=3.544515 lam=0.0001 accD=0.9688
step=699600 rec=0.005428 dis=0.320453 adv=3.524312 lam=0.0001 accD=0.8750
[VAL] epoch=447 val_rec=0.006015 time_min=1.2
step=699800 rec=0.005779 dis=0.242542 adv=3.614619 lam=0.0001 accD=0.9375
step=700000 rec=0.005853 dis=0.156278 adv=4.359760 lam=0.0001 accD=0.9062
step=700200 rec=0.005469 dis=0.383445 adv=3.172348 lam=0.0001 accD=0.8438
step=700400 rec=0.005596 dis=0.248654 adv=3.890596 lam=0.0001 accD=0.9062
step=700600 rec=0.006473 dis=0.138775 adv=3.565958 lam=0.0001 accD=0.9375
step=700800 rec=0.005539 dis=0.249669 adv=4.225013 lam=0.0001 accD=0.8438
step=701000 rec=0.006199 dis=0.225645 adv=4.042226 lam=0.0001 accD=0.9062
step=701200 rec=0.006222 dis=0.413394 adv=3.882310 lam=0.0001 accD=0.8125
[VAL] epoch=448 val_rec=0.006056 time_min=1.1
step=701400 rec=0.005661 dis=0.220240 adv=4.438967 lam=0.0001 accD=0.9062
step=701600 rec=0.005581 dis=0.127125 adv=4.068727 lam=0.0001 accD=0.9375
step=701800 rec=0.005391 dis=0.391901 adv=3.677205 lam=0.0001 accD=0.8438
step=702000 rec=0.006111 dis=0.176352 adv=3.747050 lam=0.0001 accD=0.9062
step=702200 rec=0.005959 dis=0.267021 adv=3.424417 lam=0.0001 accD=0.8438
step=702400 rec=0.005894 dis=0.330798 adv=3.858841 lam=0.0001 accD=0.8438
step=702600 rec=0.006284 dis=0.241960 adv=3.949935 lam=0.0001 accD=0.8438
step=702800 rec=0.005835 dis=0.257833 adv=3.945213 lam=0.0001 accD=0.9375
[VAL] epoch=449 val_rec=0.006194 time_min=1.2
step=703000 rec=0.004674 dis=0.122003 adv=4.714824 lam=0.0001 accD=0.9688
step=703200 rec=0.005328 dis=0.178319 adv=4.075730 lam=0.0001 accD=0.9062
step=703400 rec=0.006061 dis=0.192404 adv=3.891751 lam=0.0001 accD=0.9375
step=703600 rec=0.006934 dis=0.241397 adv=4.583138 lam=0.0001 accD=0.8438
step=703800 rec=0.005360 dis=0.162590 adv=4.029670 lam=0.0001 accD=0.9375
step=704000 rec=0.006862 dis=0.437508 adv=4.115101 lam=0.0001 accD=0.7812
step=704200 rec=0.006115 dis=0.229836 adv=3.027889 lam=0.0001 accD=0.9375
step=704400 rec=0.006530 dis=0.213637 adv=3.338187 lam=0.0001 accD=0.9375
[VAL] epoch=450 val_rec=0.006057 time_min=1.1
step=704600 rec=0.005989 dis=0.109331 adv=3.687168 lam=0.0001 accD=0.9688
step=704800 rec=0.006499 dis=0.100874 adv=3.839909 lam=0.0001 accD=0.9688
step=705000 rec=0.007126 dis=0.320209 adv=3.350374 lam=0.0001 accD=0.8125
step=705200 rec=0.005084 dis=0.343052 adv=4.088128 lam=0.0001 accD=0.7812
step=705400 rec=0.005719 dis=0.208753 adv=4.277510 lam=0.0001 accD=0.9062
step=705600 rec=0.005735 dis=0.238068 adv=3.975072 lam=0.0001 accD=0.9062
step=705800 rec=0.006415 dis=0.551185 adv=3.408764 lam=0.0001 accD=0.7188
step=706000 rec=0.006516 dis=0.154047 adv=4.888559 lam=0.0001 accD=0.9375
[VAL] epoch=451 val_rec=0.006156 time_min=1.2
step=706200 rec=0.005624 dis=0.133215 adv=3.574726 lam=0.0001 accD=0.9688
step=706400 rec=0.005493 dis=0.199868 adv=3.809565 lam=0.0001 accD=0.9062
step=706600 rec=0.006132 dis=0.104670 adv=4.245623 lam=0.0001 accD=0.9688
step=706800 rec=0.005730 dis=0.175430 adv=3.711597 lam=0.0001 accD=0.9375
step=707000 rec=0.006203 dis=0.214613 adv=3.980782 lam=0.0001 accD=0.9375
step=707200 rec=0.006437 dis=0.267403 adv=3.959744 lam=0.0001 accD=0.8750
step=707400 rec=0.005993 dis=0.285813 adv=3.842187 lam=0.0001 accD=0.8750
[VAL] epoch=452 val_rec=0.006258 time_min=1.1
step=707600 rec=0.005571 dis=0.269738 adv=4.132551 lam=0.0001 accD=0.8125
step=707800 rec=0.006601 dis=0.284175 adv=3.879598 lam=0.0001 accD=0.9062
step=708000 rec=0.005771 dis=0.348533 adv=3.764641 lam=0.0001 accD=0.9062
step=708200 rec=0.005540 dis=0.377333 adv=3.270276 lam=0.0001 accD=0.8125
step=708400 rec=0.006926 dis=0.297374 adv=3.305799 lam=0.0001 accD=0.8750
step=708600 rec=0.006498 dis=0.242365 adv=4.396460 lam=0.0001 accD=0.8750
step=708800 rec=0.005716 dis=0.227599 adv=3.904286 lam=0.0001 accD=0.9062
step=709000 rec=0.005522 dis=0.228736 adv=4.441677 lam=0.0001 accD=0.9062
[VAL] epoch=453 val_rec=0.006009 time_min=1.2
step=709200 rec=0.005332 dis=0.160618 adv=3.572147 lam=0.0001 accD=0.9062
step=709400 rec=0.006126 dis=0.217969 adv=3.312219 lam=0.0001 accD=0.8750
step=709600 rec=0.005705 dis=0.275326 adv=3.613010 lam=0.0001 accD=0.8438
step=709800 rec=0.006523 dis=0.260552 adv=3.399321 lam=0.0001 accD=0.9062
step=710000 rec=0.007240 dis=0.143443 adv=3.932605 lam=0.0001 accD=0.9375
step=710200 rec=0.005897 dis=0.201067 adv=4.749744 lam=0.0001 accD=0.8750
step=710400 rec=0.006138 dis=0.369106 adv=3.954972 lam=0.0001 accD=0.8438
step=710600 rec=0.005896 dis=0.152257 adv=3.793986 lam=0.0001 accD=0.9062
[VAL] epoch=454 val_rec=0.006068 time_min=1.1
step=710800 rec=0.005666 dis=0.178596 adv=3.577255 lam=0.0001 accD=0.8750
step=711000 rec=0.005346 dis=0.238330 adv=3.179623 lam=0.0001 accD=0.9062
step=711200 rec=0.005843 dis=0.132389 adv=4.375430 lam=0.0001 accD=0.9688
step=711400 rec=0.006348 dis=0.125450 adv=3.832349 lam=0.0001 accD=0.9375
step=711600 rec=0.004928 dis=0.306259 adv=3.560399 lam=0.0001 accD=0.8750
step=711800 rec=0.006248 dis=0.130426 adv=4.049351 lam=0.0001 accD=0.9375
step=712000 rec=0.005420 dis=0.296232 adv=3.969100 lam=0.0001 accD=0.8438
step=712200 rec=0.006430 dis=0.216410 adv=3.454205 lam=0.0001 accD=0.8750
[VAL] epoch=455 val_rec=0.006089 time_min=1.2
step=712400 rec=0.007120 dis=0.267116 adv=3.806115 lam=0.0001 accD=0.9062
step=712600 rec=0.006286 dis=0.261933 adv=4.151061 lam=0.0001 accD=0.8438
step=712800 rec=0.006569 dis=0.145121 adv=4.728719 lam=0.0001 accD=0.9062
step=713000 rec=0.005505 dis=0.386673 adv=4.067953 lam=0.0001 accD=0.7812
step=713200 rec=0.006020 dis=0.300659 adv=3.616619 lam=0.0001 accD=0.8125
step=713400 rec=0.005877 dis=0.421041 adv=3.734786 lam=0.0001 accD=0.8125
step=713600 rec=0.006728 dis=0.163101 adv=4.059224 lam=0.0001 accD=0.9375
step=713800 rec=0.006222 dis=0.144265 adv=4.340695 lam=0.0001 accD=0.9375
[VAL] epoch=456 val_rec=0.006098 time_min=1.1
step=714000 rec=0.005972 dis=0.118027 adv=3.196996 lam=0.0001 accD=1.0000
step=714200 rec=0.006434 dis=0.196128 adv=3.705771 lam=0.0001 accD=0.9062
step=714400 rec=0.005800 dis=0.089846 adv=4.427648 lam=0.0001 accD=0.9688
step=714600 rec=0.006824 dis=0.150259 adv=4.303501 lam=0.0001 accD=0.9375
step=714800 rec=0.005473 dis=0.214760 adv=3.807613 lam=0.0001 accD=0.9062
step=715000 rec=0.006778 dis=0.444018 adv=3.812863 lam=0.0001 accD=0.7812
step=715200 rec=0.004968 dis=0.510965 adv=3.815228 lam=0.0001 accD=0.8438
[VAL] epoch=457 val_rec=0.006020 time_min=1.2
step=715400 rec=0.006085 dis=0.273451 adv=3.645164 lam=0.0001 accD=0.8750
step=715600 rec=0.005489 dis=0.388973 adv=3.914625 lam=0.0001 accD=0.8438
step=715800 rec=0.005816 dis=0.251626 adv=3.813710 lam=0.0001 accD=0.8750
step=716000 rec=0.005169 dis=0.624558 adv=3.830906 lam=0.0001 accD=0.6875
step=716200 rec=0.005412 dis=0.255953 adv=3.543272 lam=0.0001 accD=0.9375
step=716400 rec=0.006068 dis=0.219261 adv=3.375519 lam=0.0001 accD=0.8750
step=716600 rec=0.006422 dis=0.224572 adv=3.309204 lam=0.0001 accD=0.8750
step=716800 rec=0.005629 dis=0.369439 adv=3.265808 lam=0.0001 accD=0.8125
[VAL] epoch=458 val_rec=0.006041 time_min=1.1
step=717000 rec=0.005549 dis=0.172439 adv=4.084013 lam=0.0001 accD=0.9688
step=717200 rec=0.005638 dis=0.298838 adv=3.266162 lam=0.0001 accD=0.8750
step=717400 rec=0.006161 dis=0.128487 adv=4.063737 lam=0.0001 accD=0.9375
step=717600 rec=0.006028 dis=0.226187 adv=3.972416 lam=0.0001 accD=0.9375
step=717800 rec=0.006024 dis=0.282221 adv=3.790078 lam=0.0001 accD=0.8438
step=718000 rec=0.005978 dis=0.092158 adv=4.272645 lam=0.0001 accD=1.0000
step=718200 rec=0.007577 dis=0.593125 adv=3.236473 lam=0.0001 accD=0.8750
step=718400 rec=0.006668 dis=0.287656 adv=3.600372 lam=0.0001 accD=0.8750
[VAL] epoch=459 val_rec=0.005994 time_min=1.2
step=718600 rec=0.005887 dis=0.378763 adv=2.662050 lam=0.0001 accD=0.7812
step=718800 rec=0.006248 dis=0.131553 adv=4.161243 lam=0.0001 accD=0.9375
step=719000 rec=0.005371 dis=0.178210 adv=4.079646 lam=0.0001 accD=0.9062
step=719200 rec=0.006744 dis=0.173608 adv=3.762852 lam=0.0001 accD=0.9375
step=719400 rec=0.005464 dis=0.198116 adv=4.376812 lam=0.0001 accD=0.9688
step=719600 rec=0.005857 dis=0.241369 adv=4.201874 lam=0.0001 accD=0.9062
step=719800 rec=0.007202 dis=0.290106 adv=3.624741 lam=0.0001 accD=0.8438
step=720000 rec=0.007282 dis=0.158585 adv=4.049375 lam=0.0001 accD=0.9688
[VAL] epoch=460 val_rec=0.006406 time_min=1.2
step=720200 rec=0.005591 dis=0.354070 adv=3.774017 lam=0.0001 accD=0.8750
step=720400 rec=0.006301 dis=0.316861 adv=4.058812 lam=0.0001 accD=0.7812
step=720600 rec=0.005075 dis=0.365788 adv=3.746091 lam=0.0001 accD=0.8750
step=720800 rec=0.006381 dis=0.195509 adv=3.560804 lam=0.0001 accD=0.9375
step=721000 rec=0.005223 dis=0.236060 adv=3.667666 lam=0.0001 accD=0.8750
step=721200 rec=0.006320 dis=0.334814 adv=3.749629 lam=0.0001 accD=0.8438
step=721400 rec=0.006440 dis=0.175304 adv=3.941756 lam=0.0001 accD=0.9375
step=721600 rec=0.006065 dis=0.248829 adv=4.049183 lam=0.0001 accD=0.9375
[VAL] epoch=461 val_rec=0.006127 time_min=1.1
step=721800 rec=0.005274 dis=0.332594 adv=3.169945 lam=0.0001 accD=0.8438
step=722000 rec=0.007218 dis=0.238361 adv=3.459008 lam=0.0001 accD=0.8750
step=722200 rec=0.005835 dis=0.244822 adv=3.334417 lam=0.0001 accD=0.9375
step=722400 rec=0.005585 dis=0.365998 adv=3.531422 lam=0.0001 accD=0.8750
step=722600 rec=0.005921 dis=0.468991 adv=4.012180 lam=0.0001 accD=0.7812
step=722800 rec=0.005839 dis=0.387719 adv=3.907955 lam=0.0001 accD=0.8750
step=723000 rec=0.006276 dis=0.364152 adv=2.900638 lam=0.0001 accD=0.8438
step=723200 rec=0.006096 dis=0.250104 adv=3.604467 lam=0.0001 accD=0.8750
[VAL] epoch=462 val_rec=0.006093 time_min=1.2
step=723400 rec=0.006253 dis=0.280756 adv=4.201621 lam=0.0001 accD=0.9062
step=723600 rec=0.006197 dis=0.255949 adv=3.539742 lam=0.0001 accD=0.8125
step=723800 rec=0.006802 dis=0.248486 adv=4.311179 lam=0.0001 accD=0.8750
step=724000 rec=0.005869 dis=0.183342 adv=3.973392 lam=0.0001 accD=0.9375
step=724200 rec=0.005151 dis=0.315564 adv=3.054637 lam=0.0001 accD=0.9062
step=724400 rec=0.006235 dis=0.291432 adv=3.986050 lam=0.0001 accD=0.9062
step=724600 rec=0.005714 dis=0.178457 adv=3.504527 lam=0.0001 accD=0.9375
[VAL] epoch=463 val_rec=0.006160 time_min=1.2
step=724800 rec=0.006617 dis=0.164339 adv=3.775775 lam=0.0001 accD=0.9062
step=725000 rec=0.006355 dis=0.242637 adv=3.693200 lam=0.0001 accD=0.9062
step=725200 rec=0.005778 dis=0.260837 adv=4.404650 lam=0.0001 accD=0.9062
step=725400 rec=0.005368 dis=0.202953 adv=4.123019 lam=0.0001 accD=0.8750
step=725600 rec=0.005206 dis=0.143373 adv=4.704232 lam=0.0001 accD=0.9688
step=725800 rec=0.005409 dis=0.213125 adv=3.175375 lam=0.0001 accD=0.8750
step=726000 rec=0.005395 dis=0.101968 adv=3.528963 lam=0.0001 accD=0.9688
step=726200 rec=0.005484 dis=0.287674 adv=3.895903 lam=0.0001 accD=0.8438
[VAL] epoch=464 val_rec=0.006123 time_min=1.2
step=726400 rec=0.005369 dis=0.120602 adv=4.287371 lam=0.0001 accD=1.0000
step=726600 rec=0.005572 dis=0.244767 adv=3.860391 lam=0.0001 accD=0.8750
step=726800 rec=0.006090 dis=0.227346 adv=4.348086 lam=0.0001 accD=0.8750
step=727000 rec=0.006693 dis=0.252926 adv=4.098353 lam=0.0001 accD=0.8750
step=727200 rec=0.005689 dis=0.280415 adv=3.931082 lam=0.0001 accD=0.8750
step=727400 rec=0.005734 dis=0.178259 adv=3.863398 lam=0.0001 accD=0.9688
step=727600 rec=0.005921 dis=0.216607 adv=3.467881 lam=0.0001 accD=0.8750
step=727800 rec=0.005666 dis=0.264715 adv=3.216887 lam=0.0001 accD=0.8750
[VAL] epoch=465 val_rec=0.006023 time_min=1.1
step=728000 rec=0.005549 dis=0.319180 adv=4.324358 lam=0.0001 accD=0.8750
step=728200 rec=0.005766 dis=0.212489 adv=3.339903 lam=0.0001 accD=0.9688
step=728400 rec=0.005237 dis=0.339249 adv=3.851020 lam=0.0001 accD=0.8125
step=728600 rec=0.005562 dis=0.343525 adv=4.247791 lam=0.0001 accD=0.8438
step=728800 rec=0.006573 dis=0.187994 adv=4.024107 lam=0.0001 accD=0.9375
step=729000 rec=0.006356 dis=0.196496 adv=3.419162 lam=0.0001 accD=0.9062
step=729200 rec=0.006761 dis=0.242935 adv=3.694130 lam=0.0001 accD=0.9062
step=729400 rec=0.006592 dis=0.305914 adv=3.489487 lam=0.0001 accD=0.8125
[VAL] epoch=466 val_rec=0.006054 time_min=1.2
step=729600 rec=0.005148 dis=0.288487 adv=4.013632 lam=0.0001 accD=0.8750
step=729800 rec=0.005438 dis=0.455659 adv=3.529468 lam=0.0001 accD=0.8438
step=730000 rec=0.005550 dis=0.301000 adv=3.946388 lam=0.0001 accD=0.8125
step=730200 rec=0.005714 dis=0.443482 adv=3.650001 lam=0.0001 accD=0.8438
step=730400 rec=0.006095 dis=0.161478 adv=3.872072 lam=0.0001 accD=0.9688
step=730600 rec=0.006969 dis=0.154589 adv=3.224944 lam=0.0001 accD=0.9688
step=730800 rec=0.006274 dis=0.161609 adv=3.463951 lam=0.0001 accD=0.9375
step=731000 rec=0.006327 dis=0.348895 adv=4.115807 lam=0.0001 accD=0.9062
[VAL] epoch=467 val_rec=0.006177 time_min=1.2
step=731200 rec=0.005362 dis=0.284412 adv=4.221375 lam=0.0001 accD=0.8438
step=731400 rec=0.004807 dis=0.302999 adv=3.563234 lam=0.0001 accD=0.9375
step=731600 rec=0.006167 dis=0.447971 adv=3.784234 lam=0.0001 accD=0.8438
step=731800 rec=0.006150 dis=0.367204 adv=3.378020 lam=0.0001 accD=0.7812
step=732000 rec=0.006361 dis=0.205289 adv=3.902179 lam=0.0001 accD=0.8750
step=732200 rec=0.006544 dis=0.199905 adv=3.674632 lam=0.0001 accD=0.9375
step=732400 rec=0.006987 dis=0.280570 adv=4.295204 lam=0.0001 accD=0.8438
[VAL] epoch=468 val_rec=0.006095 time_min=1.2
step=732600 rec=0.006453 dis=0.366060 adv=4.119809 lam=0.0001 accD=0.8125
step=732800 rec=0.005528 dis=0.230010 adv=3.294172 lam=0.0001 accD=0.9062
step=733000 rec=0.007210 dis=0.368512 adv=4.269232 lam=0.0001 accD=0.8438
step=733200 rec=0.005520 dis=0.274466 adv=4.055506 lam=0.0001 accD=0.9688
step=733400 rec=0.007713 dis=0.178206 adv=3.860344 lam=0.0001 accD=0.8750
step=733600 rec=0.006610 dis=0.344016 adv=3.982814 lam=0.0001 accD=0.8438
step=733800 rec=0.006122 dis=0.226863 adv=4.842957 lam=0.0001 accD=0.8438
step=734000 rec=0.005218 dis=0.254351 adv=4.109763 lam=0.0001 accD=0.8750
[VAL] epoch=469 val_rec=0.006028 time_min=1.1
step=734200 rec=0.005429 dis=0.313371 adv=5.106568 lam=0.0001 accD=0.9375
step=734400 rec=0.006411 dis=0.596605 adv=3.107734 lam=0.0001 accD=0.8125
step=734600 rec=0.006835 dis=0.187345 adv=3.505167 lam=0.0001 accD=0.9375
step=734800 rec=0.005586 dis=0.287661 adv=3.483465 lam=0.0001 accD=0.8750
step=735000 rec=0.005088 dis=0.143662 adv=3.663246 lam=0.0001 accD=0.9375
step=735200 rec=0.005963 dis=0.510205 adv=3.868089 lam=0.0001 accD=0.8438
step=735400 rec=0.005989 dis=0.159165 adv=3.925900 lam=0.0001 accD=0.9375
step=735600 rec=0.005993 dis=0.178107 adv=3.721010 lam=0.0001 accD=0.9375
[VAL] epoch=470 val_rec=0.006130 time_min=1.2
step=735800 rec=0.006209 dis=0.212940 adv=4.225970 lam=0.0001 accD=0.9375
step=736000 rec=0.006306 dis=0.261478 adv=4.056126 lam=0.0001 accD=0.9375
step=736200 rec=0.005645 dis=0.311042 adv=3.424689 lam=0.0001 accD=0.8125
step=736400 rec=0.005426 dis=0.369708 adv=3.268244 lam=0.0001 accD=0.8750
step=736600 rec=0.006487 dis=0.392223 adv=3.462247 lam=0.0001 accD=0.8125
step=736800 rec=0.006255 dis=0.193719 adv=3.830946 lam=0.0001 accD=0.9062
step=737000 rec=0.006480 dis=0.216224 adv=4.578924 lam=0.0001 accD=0.9375
step=737200 rec=0.006556 dis=0.163421 adv=4.059747 lam=0.0001 accD=0.9062
[VAL] epoch=471 val_rec=0.006005 time_min=1.1
step=737400 rec=0.005830 dis=0.108537 adv=3.731616 lam=0.0001 accD=0.9688
step=737600 rec=0.005422 dis=0.294882 adv=3.834792 lam=0.0001 accD=0.9062
step=737800 rec=0.005705 dis=0.239609 adv=3.706369 lam=0.0001 accD=0.9375
step=738000 rec=0.005699 dis=0.553663 adv=3.691389 lam=0.0001 accD=0.8438
step=738200 rec=0.005909 dis=0.304498 adv=3.585875 lam=0.0001 accD=0.7812
step=738400 rec=0.005944 dis=0.163336 adv=3.832029 lam=0.0001 accD=1.0000
step=738600 rec=0.006523 dis=0.112896 adv=4.295794 lam=0.0001 accD=0.9375
step=738800 rec=0.006004 dis=0.204537 adv=4.593508 lam=0.0001 accD=0.8750
[VAL] epoch=472 val_rec=0.006128 time_min=1.2
step=739000 rec=0.006291 dis=0.223016 adv=3.842209 lam=0.0001 accD=0.8750
step=739200 rec=0.006015 dis=0.312951 adv=3.584387 lam=0.0001 accD=0.7812
step=739400 rec=0.004895 dis=0.232358 adv=4.371578 lam=0.0001 accD=0.9375
step=739600 rec=0.006233 dis=0.341961 adv=3.214926 lam=0.0001 accD=0.9062
step=739800 rec=0.005542 dis=0.173695 adv=4.218992 lam=0.0001 accD=0.8750
step=740000 rec=0.005700 dis=0.227817 adv=3.410358 lam=0.0001 accD=0.8750
step=740200 rec=0.005533 dis=0.315646 adv=3.838444 lam=0.0001 accD=0.9062
[VAL] epoch=473 val_rec=0.006046 time_min=1.1
step=740400 rec=0.005462 dis=0.301097 adv=3.684828 lam=0.0001 accD=0.8750
step=740600 rec=0.006687 dis=0.222233 adv=3.862885 lam=0.0001 accD=0.9062
step=740800 rec=0.005496 dis=0.307413 adv=3.713948 lam=0.0001 accD=0.8750
step=741000 rec=0.006003 dis=0.213701 adv=3.221550 lam=0.0001 accD=0.9062
step=741200 rec=0.006258 dis=0.241213 adv=3.620894 lam=0.0001 accD=0.9062
step=741400 rec=0.004909 dis=0.114962 adv=3.714850 lam=0.0001 accD=0.9688
step=741600 rec=0.005768 dis=0.249039 adv=4.125079 lam=0.0001 accD=0.8750
step=741800 rec=0.005991 dis=0.083094 adv=3.835886 lam=0.0001 accD=1.0000
[VAL] epoch=474 val_rec=0.006005 time_min=1.2
step=742000 rec=0.006007 dis=0.136941 adv=4.522944 lam=0.0001 accD=0.9688
step=742200 rec=0.005963 dis=0.142593 adv=3.906928 lam=0.0001 accD=0.9062
step=742400 rec=0.006685 dis=0.125067 adv=3.821545 lam=0.0001 accD=0.9688
step=742600 rec=0.006513 dis=0.112213 adv=3.524288 lam=0.0001 accD=0.9375
step=742800 rec=0.005840 dis=0.164588 adv=3.552835 lam=0.0001 accD=0.9062
step=743000 rec=0.005468 dis=0.253215 adv=3.925178 lam=0.0001 accD=0.8438
step=743200 rec=0.005738 dis=0.270187 adv=4.399691 lam=0.0001 accD=0.8438
step=743400 rec=0.005053 dis=0.318471 adv=3.527950 lam=0.0001 accD=0.9062
[VAL] epoch=475 val_rec=0.006037 time_min=1.1
step=743600 rec=0.007130 dis=0.129898 adv=3.140748 lam=0.0001 accD=0.9688
step=743800 rec=0.005015 dis=0.174897 adv=3.997546 lam=0.0001 accD=0.9375
step=744000 rec=0.005418 dis=0.295112 adv=3.921573 lam=0.0001 accD=0.8750
step=744200 rec=0.005781 dis=0.160385 adv=4.064083 lam=0.0001 accD=0.9688
step=744400 rec=0.005395 dis=0.317195 adv=3.683401 lam=0.0001 accD=0.8125
step=744600 rec=0.005448 dis=0.312095 adv=3.900804 lam=0.0001 accD=0.8750
step=744800 rec=0.005447 dis=0.251394 adv=3.967691 lam=0.0001 accD=0.9375
step=745000 rec=0.006103 dis=0.240396 adv=4.174778 lam=0.0001 accD=0.8438
[VAL] epoch=476 val_rec=0.006155 time_min=1.2
step=745200 rec=0.005726 dis=0.247070 adv=3.678273 lam=0.0001 accD=0.9062
step=745400 rec=0.005569 dis=0.267362 adv=3.974866 lam=0.0001 accD=0.8750
step=745600 rec=0.006060 dis=0.323900 adv=3.597119 lam=0.0001 accD=0.8125
step=745800 rec=0.006479 dis=0.400562 adv=3.144979 lam=0.0001 accD=0.7812
step=746000 rec=0.006495 dis=0.262295 adv=4.008873 lam=0.0001 accD=0.8750
step=746200 rec=0.006507 dis=0.209449 adv=4.120324 lam=0.0001 accD=0.8750
step=746400 rec=0.006012 dis=0.208862 adv=3.565622 lam=0.0001 accD=0.8750
step=746600 rec=0.006017 dis=0.162154 adv=4.360459 lam=0.0001 accD=0.9688
[VAL] epoch=477 val_rec=0.006000 time_min=1.1
step=746800 rec=0.006101 dis=0.309778 adv=3.837517 lam=0.0001 accD=0.8750
step=747000 rec=0.005135 dis=0.557651 adv=3.966508 lam=0.0001 accD=0.8125
step=747200 rec=0.006078 dis=0.418798 adv=3.582588 lam=0.0001 accD=0.8125
step=747400 rec=0.005466 dis=0.131344 adv=5.143321 lam=0.0001 accD=0.9375
step=747600 rec=0.006736 dis=0.231608 adv=4.067580 lam=0.0001 accD=0.9375
step=747800 rec=0.005394 dis=0.256085 adv=3.633379 lam=0.0001 accD=0.8750
step=748000 rec=0.005636 dis=0.310519 adv=3.721761 lam=0.0001 accD=0.9062
[VAL] epoch=478 val_rec=0.005990 time_min=1.2
step=748200 rec=0.006296 dis=0.174419 adv=3.506696 lam=0.0001 accD=0.9375
step=748400 rec=0.005910 dis=0.341205 adv=3.239043 lam=0.0001 accD=0.8438
step=748600 rec=0.006278 dis=0.187230 adv=3.492310 lam=0.0001 accD=0.9375
step=748800 rec=0.007224 dis=0.312419 adv=3.099329 lam=0.0001 accD=0.8125
step=749000 rec=0.006038 dis=0.220550 adv=3.423139 lam=0.0001 accD=0.9375
step=749200 rec=0.005958 dis=0.322375 adv=3.815542 lam=0.0001 accD=0.8750
step=749400 rec=0.005692 dis=0.434132 adv=3.338214 lam=0.0001 accD=0.8438
step=749600 rec=0.006402 dis=0.278891 adv=4.398549 lam=0.0001 accD=0.9062
[VAL] epoch=479 val_rec=0.005966 time_min=1.1
step=749800 rec=0.006029 dis=0.168711 adv=3.687089 lam=0.0001 accD=0.9688
step=750000 rec=0.005779 dis=0.187637 adv=3.771869 lam=0.0001 accD=0.9688
step=750200 rec=0.005624 dis=0.186766 adv=3.761009 lam=0.0001 accD=0.9062
step=750400 rec=0.005955 dis=0.196284 adv=3.326695 lam=0.0001 accD=0.9062
step=750600 rec=0.005681 dis=0.146863 adv=4.730863 lam=0.0001 accD=0.9062
step=750800 rec=0.007206 dis=0.297003 adv=3.693420 lam=0.0001 accD=0.9062
step=751000 rec=0.005804 dis=0.281057 adv=4.425031 lam=0.0001 accD=0.8750
step=751200 rec=0.006266 dis=0.220995 adv=3.268882 lam=0.0001 accD=0.9375
[VAL] epoch=480 val_rec=0.006247 time_min=1.2
step=751400 rec=0.005449 dis=0.321796 adv=3.459464 lam=0.0001 accD=0.8438
step=751600 rec=0.006205 dis=0.260227 adv=4.380198 lam=0.0001 accD=0.9062
step=751800 rec=0.005896 dis=0.367733 adv=4.113393 lam=0.0001 accD=0.7812
step=752000 rec=0.005325 dis=0.172144 adv=3.581472 lam=0.0001 accD=0.9375
step=752200 rec=0.006095 dis=0.312770 adv=3.591541 lam=0.0001 accD=0.9062
step=752400 rec=0.005267 dis=0.264302 adv=3.360888 lam=0.0001 accD=0.8438
step=752600 rec=0.008144 dis=0.268388 adv=3.594482 lam=0.0001 accD=0.9062
step=752800 rec=0.006844 dis=0.156156 adv=4.630794 lam=0.0001 accD=0.9062
[VAL] epoch=481 val_rec=0.006053 time_min=1.1
step=753000 rec=0.005209 dis=0.236774 adv=4.497714 lam=0.0001 accD=0.9062
step=753200 rec=0.005659 dis=0.383976 adv=3.318723 lam=0.0001 accD=0.8750
step=753400 rec=0.005214 dis=0.324281 adv=4.403791 lam=0.0001 accD=0.8125
step=753600 rec=0.006151 dis=0.372032 adv=4.093360 lam=0.0001 accD=0.8438
step=753800 rec=0.006602 dis=0.194638 adv=4.416757 lam=0.0001 accD=0.9062
step=754000 rec=0.006046 dis=0.276466 adv=4.082866 lam=0.0001 accD=0.8750
step=754200 rec=0.006016 dis=0.234388 adv=3.413264 lam=0.0001 accD=0.9375
step=754400 rec=0.006482 dis=0.352516 adv=2.979478 lam=0.0001 accD=0.8125
[VAL] epoch=482 val_rec=0.006055 time_min=1.2
step=754600 rec=0.006749 dis=0.089172 adv=4.413641 lam=0.0001 accD=0.9688
step=754800 rec=0.005783 dis=0.342083 adv=4.357960 lam=0.0001 accD=0.8125
step=755000 rec=0.005215 dis=0.340695 adv=3.791430 lam=0.0001 accD=0.7812
step=755200 rec=0.005061 dis=0.213115 adv=3.997211 lam=0.0001 accD=0.9062
step=755400 rec=0.005838 dis=0.313950 adv=3.143657 lam=0.0001 accD=0.8750
step=755600 rec=0.005540 dis=0.203339 adv=3.971933 lam=0.0001 accD=0.9375
step=755800 rec=0.006214 dis=0.444006 adv=3.554821 lam=0.0001 accD=0.7812
step=756000 rec=0.006099 dis=0.256792 adv=3.833086 lam=0.0001 accD=0.9062
[VAL] epoch=483 val_rec=0.005975 time_min=1.2
step=756200 rec=0.006508 dis=0.149526 adv=4.376791 lam=0.0001 accD=1.0000
step=756400 rec=0.005101 dis=0.177600 adv=3.847733 lam=0.0001 accD=0.9375
step=756600 rec=0.006137 dis=0.213953 adv=3.387012 lam=0.0001 accD=0.8750
step=756800 rec=0.006189 dis=0.472641 adv=3.456760 lam=0.0001 accD=0.8438
step=757000 rec=0.005834 dis=0.178064 adv=3.799860 lam=0.0001 accD=0.9062
step=757200 rec=0.005491 dis=0.351702 adv=3.378664 lam=0.0001 accD=0.7812
step=757400 rec=0.006715 dis=0.273560 adv=3.104035 lam=0.0001 accD=0.8750
[VAL] epoch=484 val_rec=0.006116 time_min=1.1
step=757600 rec=0.004930 dis=0.158262 adv=4.915993 lam=0.0001 accD=0.9688
step=757800 rec=0.005631 dis=0.434157 adv=3.565980 lam=0.0001 accD=0.7500
step=758000 rec=0.005811 dis=0.266197 adv=3.475125 lam=0.0001 accD=0.9062
step=758200 rec=0.006737 dis=0.255320 adv=3.484627 lam=0.0001 accD=0.8750
step=758400 rec=0.005651 dis=0.336065 adv=3.512344 lam=0.0001 accD=0.9375
step=758600 rec=0.005643 dis=0.182341 adv=4.077894 lam=0.0001 accD=0.9062
step=758800 rec=0.005384 dis=0.303876 adv=4.178812 lam=0.0001 accD=0.8438
step=759000 rec=0.005967 dis=0.093687 adv=3.798708 lam=0.0001 accD=0.9688
[VAL] epoch=485 val_rec=0.006095 time_min=1.2
step=759200 rec=0.006080 dis=0.226696 adv=3.214266 lam=0.0001 accD=0.9062
step=759400 rec=0.005867 dis=0.363964 adv=3.458537 lam=0.0001 accD=0.8438
step=759600 rec=0.006053 dis=0.284627 adv=3.837019 lam=0.0001 accD=0.9062
step=759800 rec=0.005785 dis=0.318734 adv=4.020557 lam=0.0001 accD=0.8438
step=760000 rec=0.005578 dis=0.369470 adv=4.373831 lam=0.0001 accD=0.8438
step=760200 rec=0.006123 dis=0.394556 adv=4.485637 lam=0.0001 accD=0.8438
step=760400 rec=0.007083 dis=0.188717 adv=3.506694 lam=0.0001 accD=0.9375
step=760600 rec=0.006040 dis=0.102509 adv=4.228757 lam=0.0001 accD=1.0000
[VAL] epoch=486 val_rec=0.006017 time_min=1.1
step=760800 rec=0.005962 dis=0.092052 adv=4.246400 lam=0.0001 accD=1.0000
step=761000 rec=0.005827 dis=0.128601 adv=3.924836 lam=0.0001 accD=0.9688
step=761200 rec=0.006201 dis=0.139741 adv=3.396112 lam=0.0001 accD=0.9375
step=761400 rec=0.005929 dis=0.307442 adv=3.799273 lam=0.0001 accD=0.8125
step=761600 rec=0.006137 dis=0.176344 adv=3.939234 lam=0.0001 accD=0.9375
step=761800 rec=0.005943 dis=0.337645 adv=3.652212 lam=0.0001 accD=0.8438
step=762000 rec=0.005059 dis=0.207200 adv=3.468288 lam=0.0001 accD=0.9375
step=762200 rec=0.006047 dis=0.123539 adv=3.988821 lam=0.0001 accD=0.9688
[VAL] epoch=487 val_rec=0.005983 time_min=1.2
step=762400 rec=0.006850 dis=0.312825 adv=3.365147 lam=0.0001 accD=0.9062
step=762600 rec=0.005922 dis=0.251139 adv=3.267672 lam=0.0001 accD=0.8750
step=762800 rec=0.005960 dis=0.190138 adv=3.989800 lam=0.0001 accD=0.9062
step=763000 rec=0.005257 dis=0.270753 adv=3.873495 lam=0.0001 accD=0.8438
step=763200 rec=0.005347 dis=0.283615 adv=3.284732 lam=0.0001 accD=0.8438
step=763400 rec=0.005903 dis=0.385854 adv=3.367006 lam=0.0001 accD=0.8438
step=763600 rec=0.006446 dis=0.526700 adv=3.624532 lam=0.0001 accD=0.7812
step=763800 rec=0.005912 dis=0.399679 adv=3.849458 lam=0.0001 accD=0.8438
[VAL] epoch=488 val_rec=0.006239 time_min=1.1
step=764000 rec=0.005636 dis=0.363645 adv=3.559915 lam=0.0001 accD=0.8438
step=764200 rec=0.005351 dis=0.317262 adv=3.071212 lam=0.0001 accD=0.9062
step=764400 rec=0.006331 dis=0.119303 adv=4.075165 lam=0.0001 accD=0.9688
step=764600 rec=0.005741 dis=0.426400 adv=4.131085 lam=0.0001 accD=0.8125
step=764800 rec=0.005814 dis=0.170743 adv=4.211474 lam=0.0001 accD=0.8750
step=765000 rec=0.004727 dis=0.162858 adv=4.447788 lam=0.0001 accD=0.9375
step=765200 rec=0.005232 dis=0.220191 adv=3.384270 lam=0.0001 accD=0.8750
[VAL] epoch=489 val_rec=0.005957 time_min=1.2
step=765400 rec=0.006030 dis=0.328365 adv=3.918421 lam=0.0001 accD=0.9062
step=765600 rec=0.004838 dis=0.152671 adv=4.403353 lam=0.0001 accD=0.9375
step=765800 rec=0.005977 dis=0.179202 adv=4.152499 lam=0.0001 accD=0.9375
step=766000 rec=0.006353 dis=0.252825 adv=3.064573 lam=0.0001 accD=0.8750
step=766200 rec=0.005465 dis=0.264955 adv=3.662423 lam=0.0001 accD=0.8750
step=766400 rec=0.005724 dis=0.227633 adv=3.854124 lam=0.0001 accD=0.8438
step=766600 rec=0.006238 dis=0.262734 adv=3.443705 lam=0.0001 accD=0.9062
step=766800 rec=0.005789 dis=0.430519 adv=3.779698 lam=0.0001 accD=0.8438
[VAL] epoch=490 val_rec=0.005978 time_min=1.1
step=767000 rec=0.005316 dis=0.292588 adv=4.223715 lam=0.0001 accD=0.8750
step=767200 rec=0.006122 dis=0.373512 adv=3.418738 lam=0.0001 accD=0.8438
step=767400 rec=0.006348 dis=0.266591 adv=3.464881 lam=0.0001 accD=0.8438
step=767600 rec=0.006063 dis=0.138812 adv=3.176047 lam=0.0001 accD=1.0000
step=767800 rec=0.005528 dis=0.172351 adv=3.701857 lam=0.0001 accD=0.9688
step=768000 rec=0.006377 dis=0.283690 adv=3.794585 lam=0.0001 accD=0.8750
step=768200 rec=0.005973 dis=0.319225 adv=4.453126 lam=0.0001 accD=0.8125
step=768400 rec=0.005827 dis=0.236909 adv=3.576314 lam=0.0001 accD=0.9375
[VAL] epoch=491 val_rec=0.006018 time_min=1.2
step=768600 rec=0.006159 dis=0.223113 adv=3.474864 lam=0.0001 accD=0.9062
step=768800 rec=0.006114 dis=0.102373 adv=4.694653 lam=0.0001 accD=0.9688
step=769000 rec=0.005950 dis=0.132486 adv=4.329462 lam=0.0001 accD=0.9375
step=769200 rec=0.005073 dis=0.169130 adv=3.953500 lam=0.0001 accD=0.9375
step=769400 rec=0.005982 dis=0.237386 adv=3.340167 lam=0.0001 accD=0.9062
step=769600 rec=0.005739 dis=0.221129 adv=3.939938 lam=0.0001 accD=0.9062
step=769800 rec=0.005304 dis=0.266326 adv=4.190661 lam=0.0001 accD=0.9062
step=770000 rec=0.005267 dis=0.337471 adv=3.882557 lam=0.0001 accD=0.8750
[VAL] epoch=492 val_rec=0.006264 time_min=1.1
step=770200 rec=0.006015 dis=0.229275 adv=3.366324 lam=0.0001 accD=0.9375
step=770400 rec=0.005003 dis=0.235922 adv=3.559670 lam=0.0001 accD=0.9062
step=770600 rec=0.005756 dis=0.161877 adv=3.366735 lam=0.0001 accD=0.9688
step=770800 rec=0.005818 dis=0.175344 adv=3.961866 lam=0.0001 accD=0.9688
step=771000 rec=0.005589 dis=0.215791 adv=3.722531 lam=0.0001 accD=0.9062
step=771200 rec=0.005730 dis=0.373690 adv=3.916139 lam=0.0001 accD=0.7812
step=771400 rec=0.006199 dis=0.302458 adv=4.379254 lam=0.0001 accD=0.9062
step=771600 rec=0.005511 dis=0.249878 adv=4.187203 lam=0.0001 accD=0.9062
[VAL] epoch=493 val_rec=0.006295 time_min=1.2
step=771800 rec=0.006430 dis=0.325446 adv=4.030760 lam=0.0001 accD=0.8438
step=772000 rec=0.006164 dis=0.366434 adv=3.736476 lam=0.0001 accD=0.8125
step=772200 rec=0.006312 dis=0.408095 adv=3.739743 lam=0.0001 accD=0.8125
step=772400 rec=0.005523 dis=0.170890 adv=3.427139 lam=0.0001 accD=0.9062
step=772600 rec=0.006304 dis=0.209132 adv=4.151599 lam=0.0001 accD=0.9688
step=772800 rec=0.005921 dis=0.314730 adv=3.461516 lam=0.0001 accD=0.8438
step=773000 rec=0.006204 dis=0.233326 adv=4.320237 lam=0.0001 accD=0.8750
[VAL] epoch=494 val_rec=0.005974 time_min=1.2
step=773200 rec=0.006089 dis=0.498439 adv=3.062144 lam=0.0001 accD=0.7188
step=773400 rec=0.005729 dis=0.491167 adv=3.738613 lam=0.0001 accD=0.8438
step=773600 rec=0.006019 dis=0.310276 adv=4.329241 lam=0.0001 accD=0.9062
step=773800 rec=0.006704 dis=0.154190 adv=4.514514 lam=0.0001 accD=0.9688
step=774000 rec=0.005710 dis=0.162085 adv=3.659496 lam=0.0001 accD=0.9375
step=774200 rec=0.005643 dis=0.163577 adv=3.831838 lam=0.0001 accD=0.8750
step=774400 rec=0.006222 dis=0.173616 adv=4.288139 lam=0.0001 accD=0.9062
step=774600 rec=0.005831 dis=0.192446 adv=4.592970 lam=0.0001 accD=0.9062
[VAL] epoch=495 val_rec=0.005977 time_min=1.2
step=774800 rec=0.005742 dis=0.284888 adv=3.761258 lam=0.0001 accD=0.9062
step=775000 rec=0.006092 dis=0.289038 adv=3.774986 lam=0.0001 accD=0.9375
step=775200 rec=0.005662 dis=0.289058 adv=3.778669 lam=0.0001 accD=0.8750
step=775400 rec=0.006458 dis=0.056879 adv=4.472689 lam=0.0001 accD=1.0000
step=775600 rec=0.006218 dis=0.242441 adv=3.876700 lam=0.0001 accD=0.8750
step=775800 rec=0.005270 dis=0.184502 adv=4.149998 lam=0.0001 accD=0.9375
step=776000 rec=0.006237 dis=0.317714 adv=2.890976 lam=0.0001 accD=0.8438
step=776200 rec=0.006523 dis=0.132078 adv=4.443791 lam=0.0001 accD=0.9688
[VAL] epoch=496 val_rec=0.006058 time_min=1.1
step=776400 rec=0.004940 dis=0.272820 adv=4.062586 lam=0.0001 accD=0.8750
step=776600 rec=0.005451 dis=0.207660 adv=3.312593 lam=0.0001 accD=0.9375
step=776800 rec=0.005902 dis=0.173153 adv=3.902064 lam=0.0001 accD=0.9062
step=777000 rec=0.005888 dis=0.221362 adv=4.547444 lam=0.0001 accD=0.8750
step=777200 rec=0.005525 dis=0.297728 adv=3.674605 lam=0.0001 accD=0.8438
step=777400 rec=0.006291 dis=0.231182 adv=4.724782 lam=0.0001 accD=0.9375
step=777600 rec=0.006012 dis=0.198525 adv=3.581404 lam=0.0001 accD=0.9062
step=777800 rec=0.005705 dis=0.155877 adv=3.317285 lam=0.0001 accD=0.9688
[VAL] epoch=497 val_rec=0.005942 time_min=1.2
step=778000 rec=0.005992 dis=0.217638 adv=3.537822 lam=0.0001 accD=0.9375
step=778200 rec=0.005872 dis=0.153600 adv=4.579363 lam=0.0001 accD=0.9375
step=778400 rec=0.006284 dis=0.313739 adv=3.954340 lam=0.0001 accD=0.8438
step=778600 rec=0.005995 dis=0.278104 adv=4.417664 lam=0.0001 accD=0.9062
step=778800 rec=0.005819 dis=0.194745 adv=3.790605 lam=0.0001 accD=0.9062
step=779000 rec=0.005713 dis=0.247804 adv=3.998049 lam=0.0001 accD=0.9062
step=779200 rec=0.006862 dis=0.271966 adv=4.456204 lam=0.0001 accD=0.8438
step=779400 rec=0.005483 dis=0.213027 adv=3.764874 lam=0.0001 accD=0.9688
[VAL] epoch=498 val_rec=0.005991 time_min=1.1
step=779600 rec=0.004912 dis=0.133723 adv=4.203536 lam=0.0001 accD=0.9375
step=779800 rec=0.006569 dis=0.438226 adv=3.777756 lam=0.0001 accD=0.8438
step=780000 rec=0.005784 dis=0.362681 adv=3.341570 lam=0.0001 accD=0.8750
step=780200 rec=0.005793 dis=0.234042 adv=3.072934 lam=0.0001 accD=0.9375
step=780400 rec=0.006159 dis=0.165013 adv=4.008648 lam=0.0001 accD=0.9375
step=780600 rec=0.006453 dis=0.299379 adv=3.515124 lam=0.0001 accD=0.8750
step=780800 rec=0.005703 dis=0.174129 adv=3.939688 lam=0.0001 accD=0.9688
[VAL] epoch=499 val_rec=0.006090 time_min=1.2
